{
"type": "FeatureCollection",
"name": "parques_bosques_curitiba",
"crs": { "type": "name", "properties": { "name": "urn:ogc:def:crs:EPSG::31982" } },
"features": [
{ "type": "Feature", "properties": { "CODIGO": null, "CODIGO_SMM": "1370", "TIPO": "PARQUE", "NOME": "NATURAL MUNICIPAL VISTA ALEGRE", "TEXTO_MAPA": "PARQUE NATURAL MUNICIPAL VISTA ALEGRE" }, "geometry": { "type": "MultiPolygon", "coordinates": [ [ [ [ 671232.233102333033457, 7189400.932850794866681 ], [ 671270.243076758924872, 7189477.522890131920576 ], [ 671302.493091488839127, 7189508.052920895628631 ], [ 671353.503148140618578, 7189671.132909700274467 ], [ 671378.343189254403114, 7189708.782938996329904 ], [ 671387.353199274861254, 7189698.512914889492095 ], [ 671392.033191700582393, 7189691.312899811193347 ], [ 671399.773182781878859, 7189685.542938195168972 ], [ 671412.563163205399178, 7189680.862941650673747 ], [ 671442.463194397743791, 7189675.642902382649481 ], [ 671449.663208495359868, 7189675.642900903709233 ], [ 671460.323183780536056, 7189672.442885655909777 ], [ 671468.843204595497809, 7189667.802929061464965 ], [ 671475.233218564884737, 7189656.332892968319356 ], [ 671481.013185292016715, 7189641.492922024801373 ], [ 671488.693176211905666, 7189623.142878960818052 ], [ 671495.703184437705204, 7189606.70287072006613 ], [ 671500.623166830977425, 7189597.90287958085537 ], [ 671506.233213118510321, 7189590.262861754745245 ], [ 671515.663205854245462, 7189578.522866469807923 ], [ 671540.843199398601428, 7189550.602870982140303 ], [ 671543.563167966203764, 7189536.752830130048096 ], [ 671543.403193272417411, 7189529.422872166149318 ], [ 671539.883168897707947, 7189510.362870281562209 ], [ 671536.843188164639287, 7189501.082839151844382 ], [ 671531.683150579221547, 7189491.10285709798336 ], [ 671527.493145076441579, 7189481.562816370278597 ], [ 671525.833169927238487, 7189473.932809807360172 ], [ 671526.493141372571699, 7189464.832831675186753 ], [ 671530.573156746686436, 7189451.282839454710484 ], [ 671546.323158273589797, 7189438.622798681259155 ], [ 671555.683144795242697, 7189432.372795100323856 ], [ 671564.663187946542166, 7189428.93278990034014 ], [ 671580.703169801505283, 7189427.092820294201374 ], [ 671630.183164627524093, 7189433.792824095115066 ], [ 671641.883179891272448, 7189433.732824114151299 ], [ 671651.903201801003888, 7189432.522799759171903 ], [ 671665.113165252725594, 7189427.902800699695945 ], [ 671668.903201170498505, 7189407.792809242382646 ], [ 671661.733208446763456, 7189369.242812715470791 ], [ 671650.08317712706048, 7189350.532788185402751 ], [ 671635.803141264012083, 7189336.822765521705151 ], [ 671637.053135682595894, 7189308.102786957286298 ], [ 671600.183134493418038, 7189325.562760103493929 ], [ 671570.633129807538353, 7189281.102793473750353 ], [ 671505.653118224814534, 7189212.612798476591706 ], [ 671492.663127166917548, 7189225.162792260758579 ], [ 671477.943094381364062, 7189238.832781815901399 ], [ 671464.663124752929434, 7189249.112816562876105 ], [ 671451.573096249252558, 7189257.782804460264742 ], [ 671429.293124058633111, 7189267.072789524681866 ], [ 671432.743078188155778, 7189277.062781695276499 ], [ 671388.303082851693034, 7189368.332834521308541 ], [ 671320.753076821565628, 7189365.772850162349641 ], [ 671308.193079939344898, 7189385.102874950505793 ], [ 671253.133065086090937, 7189371.192848393693566 ], [ 671247.233101987745613, 7189380.092876374721527 ], [ 671240.31305801263079, 7189388.782882538624108 ], [ 671234.593087584711611, 7189397.432849382981658 ], [ 671232.233102333033457, 7189400.932850794866681 ] ] ] ] } },
{ "type": "Feature", "properties": { "CODIGO": null, "CODIGO_SMM": "0353", "TIPO": "BOSQUE", "NOME": "ZANINELLI", "TEXTO_MAPA": "BOSQUE ZANINELLI" }, "geometry": { "type": "MultiPolygon", "coordinates": [ [ [ [ 672724.13939952570945, 7190097.388965744525194 ], [ 672750.727589904563501, 7190037.430753391236067 ], [ 672749.450000920682214, 7190033.778714111074805 ], [ 672778.348795722704381, 7189954.064331487752497 ], [ 672785.550397584214807, 7189958.159729031845927 ], [ 672821.873226442374289, 7189979.237119682133198 ], [ 672826.244371132575907, 7189924.965070675127208 ], [ 672827.912580170203, 7189904.25266248639673 ], [ 672829.412383527494967, 7189837.010639933869243 ], [ 672829.466581767075695, 7189832.223040995188057 ], [ 672778.691173714236356, 7189812.500451065599918 ], [ 672770.17853847076185, 7189818.631252796389163 ], [ 672732.172368363942951, 7189840.030314196832478 ], [ 672721.113528535352089, 7189844.701887550763786 ], [ 672709.248169958824292, 7189849.470323890447617 ], [ 672698.474730602698401, 7189854.18108176626265 ], [ 672691.837339315679856, 7189857.049675209447742 ], [ 672683.797970090992749, 7189859.774714218452573 ], [ 672680.871761870570481, 7189864.817501805722713 ], [ 672673.974362616310827, 7189876.704103069379926 ], [ 672673.669370000949129, 7189877.38549979776144 ], [ 672663.546325146802701, 7189900.003122643567622 ], [ 672674.690373727818951, 7189912.965709226205945 ], [ 672647.736326456535608, 7189914.611100984737277 ], [ 672645.123959652846679, 7189912.706743109971285 ], [ 672641.125544963404536, 7189910.039934147149324 ], [ 672638.436945296823978, 7189908.455705768428743 ], [ 672636.257745411945507, 7189908.006914596073329 ], [ 672634.379754165187478, 7189907.86250576749444 ], [ 672630.563530259998515, 7189909.031940460205078 ], [ 672629.240715171559714, 7189910.002155834808946 ], [ 672596.264144404325634, 7189911.940151454880834 ], [ 672586.899517958052456, 7189912.131559694185853 ], [ 672579.002909673377872, 7189913.268524520099163 ], [ 672574.954935389920138, 7189915.268525889143348 ], [ 672572.56431005243212, 7189916.675936425104737 ], [ 672570.356546075316146, 7189918.000949438661337 ], [ 672567.614113969029859, 7189919.236729143187404 ], [ 672563.663307597744279, 7189920.840734291821718 ], [ 672559.902931179152802, 7189923.481726983562112 ], [ 672557.249915692023933, 7189925.161354442127049 ], [ 672553.581519042723812, 7189926.660318002104759 ], [ 672550.354345779516734, 7189928.774760149419308 ], [ 672546.77835632127244, 7189929.989727032370865 ], [ 672543.215306300204247, 7189931.111126992851496 ], [ 672537.354953433270566, 7189932.254927336238325 ], [ 672533.095736219547689, 7189933.293746853247285 ], [ 672528.230317700421438, 7189934.451340938918293 ], [ 672526.303925894433632, 7189935.913744070567191 ], [ 672523.612092501833104, 7189939.834338929504156 ], [ 672521.191316028591245, 7189942.399769799783826 ], [ 672519.466523870127276, 7189946.148733552545309 ], [ 672514.64090075599961, 7189949.599785272032022 ], [ 672512.435517227044329, 7189951.29796733148396 ], [ 672509.789947681012563, 7189951.279352150857449 ], [ 672506.824309719260782, 7189951.404963150620461 ], [ 672503.506315901177004, 7189952.459773685783148 ], [ 672500.322904547210783, 7189953.079769626259804 ], [ 672495.975308262510225, 7189953.431943470612168 ], [ 672491.917507007019594, 7189953.939573839306831 ], [ 672488.915308936266229, 7189953.861571509391069 ], [ 672484.242090109968558, 7189954.712585885077715 ], [ 672481.819726417306811, 7189955.804139410145581 ], [ 672479.445519550237805, 7189957.248171046376228 ], [ 672475.560509124305099, 7189958.998782665468752 ], [ 672471.808494122582488, 7189959.698795834556222 ], [ 672468.527731573441997, 7189959.856389328837395 ], [ 672464.031942226574756, 7189961.838202307000756 ], [ 672461.376485256361775, 7189963.144782792776823 ], [ 672458.302693375619128, 7189965.234200487844646 ], [ 672455.286091301357374, 7189966.593393364921212 ], [ 672451.801288204151206, 7189966.909006962552667 ], [ 672449.98689573770389, 7189967.396373189985752 ], [ 672445.958696707617491, 7189968.705151226371527 ], [ 672443.764726608176716, 7189969.693799403496087 ], [ 672440.971879478078336, 7189971.062208546325564 ], [ 672437.317520846496336, 7189972.22456312738359 ], [ 672434.820877137826756, 7189972.292984072118998 ], [ 672432.862319552572444, 7189972.581192560493946 ], [ 672430.616530492785387, 7189973.086991498246789 ], [ 672428.392287010210566, 7189974.375383414328098 ], [ 672425.82807761291042, 7189975.640765139833093 ], [ 672422.773511492880061, 7189976.180560836568475 ], [ 672439.823157038888894, 7190070.414591131731868 ], [ 672448.230508592212573, 7190073.846230928786099 ], [ 672449.552712974022143, 7190071.159218223765492 ], [ 672478.332137986784801, 7190063.890228407457471 ], [ 672493.566760339424945, 7190060.042384879663587 ], [ 672521.654717921162955, 7190052.94801683537662 ], [ 672551.464538656873628, 7190045.418772829696536 ], [ 672573.451786944060586, 7190039.865177938714623 ], [ 672594.850961377029307, 7190034.460386918857694 ], [ 672592.263379808049649, 7190056.501347899436951 ], [ 672602.56600059941411, 7190084.425974767655134 ], [ 672622.995204000384547, 7190078.658390884287655 ], [ 672624.165004809037782, 7190082.025395930744708 ], [ 672637.691993673564866, 7190119.554577908478677 ], [ 672644.020795255899429, 7190136.609390700235963 ], [ 672650.750598617712967, 7190157.039387412369251 ], [ 672689.966612582560629, 7190158.128551947884262 ], [ 672710.672428697347641, 7190158.703804161399603 ], [ 672707.51545157993678, 7190188.337174508720636 ], [ 672713.371654338785447, 7190188.549575695767999 ], [ 672716.221447616117075, 7190188.786757785826921 ], [ 672727.923839570372365, 7190170.892951779067516 ], [ 672726.478831084212288, 7190167.11939150467515 ], [ 672726.473215128062293, 7190163.639959428459406 ], [ 672726.713021935545839, 7190161.787358788773417 ], [ 672727.026803254615515, 7190159.362187180668116 ], [ 672728.089424775796942, 7190155.361575545743108 ], [ 672729.974800345371477, 7190150.989991962909698 ], [ 672731.074408994289115, 7190146.092163285240531 ], [ 672732.694830857450143, 7190141.619993790984154 ], [ 672734.159430030966178, 7190137.658139407634735 ], [ 672734.655645070248283, 7190133.252193311229348 ], [ 672735.037846303777769, 7190128.347345737740397 ], [ 672734.7500035376288, 7190124.030755293555558 ], [ 672732.695803057635203, 7190120.55376504920423 ], [ 672729.352784046088345, 7190117.877983780577779 ], [ 672727.032225926173851, 7190113.684562736190856 ], [ 672725.924802792374976, 7190109.010733598843217 ], [ 672725.454037632560357, 7190104.776540676131845 ], [ 672724.847225034493022, 7190100.361378496512771 ], [ 672724.13939952570945, 7190097.388965744525194 ] ] ] ] } },
{ "type": "Feature", "properties": { "CODIGO": "PN57", "CODIGO_SMM": "0351", "TIPO": "BOSQUE", "NOME": "GUTIERREZ", "TEXTO_MAPA": "BOSQUE GUTIERREZ" }, "geometry": { "type": "MultiPolygon", "coordinates": [ [ [ [ 672085.105015601613559, 7188147.380403301678598 ], [ 672035.50740763975773, 7188148.276165722869337 ], [ 672029.77840517682489, 7188162.520616456866264 ], [ 672019.340236420975998, 7188188.471614214591682 ], [ 672000.499420854263008, 7188235.312206609174609 ], [ 671999.331453433842398, 7188243.233229445293546 ], [ 672000.177463329280727, 7188249.895401435904205 ], [ 672004.509253407130018, 7188258.810808165930212 ], [ 672058.093430863344111, 7188239.402833014726639 ], [ 672087.773429063381627, 7188228.652824060060084 ], [ 672103.223466235212982, 7188330.10279877576977 ], [ 672180.903482323978096, 7188345.322818492539227 ], [ 672189.823528959415853, 7188347.072817113250494 ], [ 672199.103492598282173, 7188312.952811087481678 ], [ 672216.043317120522261, 7188316.657581515610218 ], [ 672206.783495008945465, 7188350.392821810208261 ], [ 672212.983509141602553, 7188351.88281115796417 ], [ 672235.938350079813972, 7188356.540400418452919 ], [ 672250.113514082622714, 7188305.242776550352573 ], [ 672241.253525296226144, 7188299.802774503827095 ], [ 672250.723496124264784, 7188288.442784203216434 ], [ 672259.76353849703446, 7188293.052768902853131 ], [ 672266.223501830827445, 7188296.49277091678232 ], [ 672279.553511798148975, 7188245.172747315838933 ], [ 672182.893508113222197, 7188219.382782455533743 ], [ 672167.543466471717693, 7188214.452791649848223 ], [ 672151.363468360854313, 7188208.572788557969034 ], [ 672136.023436042829417, 7188201.49277276918292 ], [ 672121.893486625747755, 7188192.362768396735191 ], [ 672114.453480911208317, 7188185.902807293459773 ], [ 672109.633471275446936, 7188180.79276055470109 ], [ 672097.043437596526928, 7188163.642795259132981 ], [ 672085.105015601613559, 7188147.380403301678598 ] ] ] ] } },
{ "type": "Feature", "properties": { "CODIGO": null, "CODIGO_SMM": "0360", "TIPO": "BOSQUE", "NOME": "DO PILARZINHO", "TEXTO_MAPA": "BOSQUE DO PILARZINHO" }, "geometry": { "type": "MultiPolygon", "coordinates": [ [ [ [ 673364.334236053517088, 7190520.883147234097123 ], [ 673370.894295411417261, 7190516.243129986338317 ], [ 673386.874281705939211, 7190524.003138496540487 ], [ 673402.098896930576302, 7190532.832910630851984 ], [ 673417.076068507973105, 7190507.717300246469676 ], [ 673458.166111287195235, 7190532.204908085986972 ], [ 673467.422092044493183, 7190517.164496882818639 ], [ 673469.841463466989808, 7190508.639103486202657 ], [ 673471.108918011770584, 7190499.767885040491819 ], [ 673469.534266293165274, 7190474.243098299950361 ], [ 673467.14431119908113, 7190470.153131888248026 ], [ 673464.484275877592154, 7190468.033075723797083 ], [ 673461.284262932138517, 7190468.54308629129082 ], [ 673449.924276026897132, 7190475.463134439662099 ], [ 673446.8243000167422, 7190477.353089202195406 ], [ 673420.244278610916808, 7190490.293100614100695 ], [ 673324.064268930698745, 7190530.453165473416448 ], [ 673206.874245595186949, 7190578.613175781443715 ], [ 673192.654211164684966, 7190583.703206945210695 ], [ 673133.794214967056178, 7190606.223183657042682 ], [ 673128.383448002743535, 7190611.350627551786602 ], [ 673088.392851683311164, 7190682.736030840314925 ], [ 673192.29846819746308, 7190733.268005161546171 ], [ 673194.126288673840463, 7190734.085631953552365 ], [ 673191.143073261482641, 7190737.488038265146315 ], [ 673186.116035036044195, 7190745.558048782870173 ], [ 673183.933052503503859, 7190752.503058411180973 ], [ 673183.602059697732329, 7190757.001045517623425 ], [ 673182.478037652559578, 7190765.137034247629344 ], [ 673179.170055386028253, 7190774.795057528652251 ], [ 673177.384045477258042, 7190781.078018558211625 ], [ 673176.789075069944374, 7190783.261063696816564 ], [ 673175.598096519941464, 7190786.965044423937798 ], [ 673175.532057645265013, 7190792.654071833007038 ], [ 673175.135085557121783, 7190795.895039575174451 ], [ 673172.489090495277196, 7190804.229026721790433 ], [ 673170.505082005402073, 7190808.198083367198706 ], [ 673167.396073523210362, 7190813.622035653330386 ], [ 673162.237076732795686, 7190819.17806847859174 ], [ 673158.13606356352102, 7190824.470062929205596 ], [ 673156.416093383682892, 7190829.167086021974683 ], [ 673155.490068323910236, 7190831.945041056722403 ], [ 673155.093096468248405, 7190836.310093572363257 ], [ 673155.68806818081066, 7190840.411046690307558 ], [ 673156.813068958814256, 7190842.726049516350031 ], [ 673156.350057128001936, 7190847.489051369950175 ], [ 673155.490072265034541, 7190850.929054906591773 ], [ 673153.439108411432244, 7190855.956095246598125 ], [ 673151.918051635613665, 7190859.59409702103585 ], [ 673150.33107735530939, 7190865.547101867385209 ], [ 673149.312096889596432, 7190873.917892884463072 ], [ 673161.967063633492216, 7190850.509070539847016 ], [ 673207.794451734982431, 7190770.683417188934982 ], [ 673322.624274237314239, 7190569.573171306401491 ], [ 673345.244268518639728, 7190536.853126155212522 ], [ 673353.6042545940727, 7190529.733127405866981 ], [ 673364.334236053517088, 7190520.883147234097123 ] ] ] ] } },
{ "type": "Feature", "properties": { "CODIGO": null, "CODIGO_SMM": "0354", "TIPO": "BOSQUE", "NOME": "SÃO CRISTÓVÃO", "TEXTO_MAPA": "BOSQUE SÃO CRISTÓVÃO" }, "geometry": { "type": "MultiPolygon", "coordinates": [ [ [ [ 667677.092064877972007, 7188950.533490521833301 ], [ 667578.436199068557471, 7188864.728067758493125 ], [ 667573.621988028287888, 7188860.763468069024384 ], [ 667504.396571045741439, 7188880.458311393857002 ], [ 667440.859570872155018, 7188899.152726062573493 ], [ 667453.333208488533273, 7188906.821731933392584 ], [ 667485.859771198825911, 7188926.284499099478126 ], [ 667507.922585472115315, 7188942.840529315173626 ], [ 667524.722031002631411, 7188956.073500631377101 ], [ 667531.171984888729639, 7188961.18348603695631 ], [ 667569.753849213710055, 7188991.470290489494801 ], [ 667583.631417837692425, 7188999.012709128670394 ], [ 667582.662851934088394, 7189005.203323751688004 ], [ 667592.550244624377228, 7189005.032911563292146 ], [ 667592.032059811521322, 7189023.943500163033605 ], [ 667602.234638618421741, 7189026.194902516901493 ], [ 667611.57204381970223, 7189028.253494935110211 ], [ 667650.736663766554557, 7189017.693120501935482 ], [ 667659.827241824707016, 7189015.241518905386329 ], [ 667681.275492259650491, 7189028.340700186789036 ], [ 667736.09466307470575, 7189046.408320892602205 ], [ 667783.291085885604843, 7189043.037094688974321 ], [ 667677.092064877972007, 7188950.533490521833301 ] ] ] ] } },
{ "type": "Feature", "properties": { "CODIGO": null, "CODIGO_SMM": "0343", "TIPO": "PARQUE", "NOME": "CAIUÁ", "TEXTO_MAPA": "PARQUE CAIUÁ" }, "geometry": { "type": "MultiPolygon", "coordinates": [ [ [ [ 665935.669756479095668, 7179861.871453089639544 ], [ 665949.919752227375284, 7179822.571452509611845 ], [ 665961.309763476834632, 7179791.161469142884016 ], [ 665956.629769466118887, 7179790.351472312584519 ], [ 665939.429753083037212, 7179791.031468585133553 ], [ 665922.369751698453911, 7179793.291482320055366 ], [ 665906.799741282360628, 7179797.361493771895766 ], [ 665888.009759779903106, 7179803.571460021659732 ], [ 665865.539785121218301, 7179812.001459303312004 ], [ 665851.439746104762889, 7179817.731505064293742 ], [ 665849.309741792851128, 7179823.281494686380029 ], [ 665818.829769614851102, 7179903.361538119614124 ], [ 665828.149778460152447, 7179899.261498605832458 ], [ 665848.299745238968171, 7179890.951494934037328 ], [ 665865.349796834983863, 7179883.371472531929612 ], [ 665883.139777770033106, 7179875.571479222737253 ], [ 665898.869760974892415, 7179869.491518497467041 ], [ 665909.74976787797641, 7179865.931456836871803 ], [ 665920.129774832632393, 7179863.271480952389538 ], [ 665927.429764269385487, 7179862.331476820632815 ], [ 665935.669756479095668, 7179861.871453089639544 ] ] ] ] } },
{ "type": "Feature", "properties": { "CODIGO": null, "CODIGO_SMM": "0359", "TIPO": "BOSQUE", "NOME": "SÃO NICOLAU", "TEXTO_MAPA": "BOSQUE SÃO NICOLAU" }, "geometry": { "type": "MultiPolygon", "coordinates": [ [ [ [ 665970.479654200840741, 7179010.171279734000564 ], [ 665976.479655742878094, 7179010.391249299049377 ], [ 665987.62962209561374, 7179011.341259526088834 ], [ 665994.839646158274263, 7179012.791270662099123 ], [ 666002.389636308420449, 7179015.161264872178435 ], [ 666008.579640964744613, 7179018.521249838173389 ], [ 666013.409659924451262, 7179021.851266806945205 ], [ 666016.209648769814521, 7179023.621225191280246 ], [ 666020.869623455684632, 7179025.521249156445265 ], [ 666027.449642479070462, 7179026.971260418184102 ], [ 666036.519652358721942, 7179028.431219917722046 ], [ 666047.009645369835198, 7179029.22125708963722 ], [ 666057.119633083231747, 7179028.401247544214129 ], [ 666068.139654992031865, 7179026.521239990368485 ], [ 666085.069651346537285, 7179023.761226155795157 ], [ 666101.279676849371754, 7179021.161246683448553 ], [ 666124.829669989878312, 7179018.481248637661338 ], [ 666147.269677487900481, 7179015.731243470683694 ], [ 666163.789700622670352, 7179013.111244399100542 ], [ 666178.779694076743908, 7179010.491245633922517 ], [ 666177.259673723950982, 7179008.271213637664914 ], [ 666172.779691631556489, 7179005.731235863640904 ], [ 666130.369635848677717, 7178950.491240154020488 ], [ 666154.759653346962295, 7178934.241231193765998 ], [ 666150.309638392645866, 7178926.041217805817723 ], [ 666125.989628702984191, 7178944.621183392591774 ], [ 666097.599660217179917, 7178905.561181645840406 ], [ 666075.739051848999225, 7178869.38637219555676 ], [ 666019.293603341677226, 7178870.143829921260476 ], [ 665970.479654200840741, 7179010.171279734000564 ] ] ] ] } },
{ "type": "Feature", "properties": { "CODIGO": null, "CODIGO_SMM": "0342", "TIPO": "PARQUE", "NOME": "DOS TROPEIROS", "TEXTO_MAPA": "PARQUE DOS TROPEIROS" }, "geometry": { "type": "MultiPolygon", "coordinates": [ [ [ [ 665449.889457803918049, 7179733.431941946968436 ], [ 665541.329429094446823, 7179461.211640096269548 ], [ 665594.749393740901724, 7179302.001811427995563 ], [ 665650.080370442708954, 7179147.087576750665903 ], [ 665620.506738662486896, 7179066.621314764022827 ], [ 665607.296162597835064, 7179059.187721762806177 ], [ 665586.733959993347526, 7179045.882729817181826 ], [ 665424.654883904964663, 7179070.678361519239843 ], [ 665469.408154562581331, 7179194.656777476891875 ], [ 665515.975576576427557, 7179333.451847225427628 ], [ 665136.639305371209048, 7179360.271936567500234 ], [ 665150.309294754522853, 7179375.681910898536444 ], [ 665169.069311823812313, 7179388.861903186887503 ], [ 665186.299299417063594, 7179403.051905797794461 ], [ 665194.409290013834834, 7179419.281888760626316 ], [ 665196.439323837053962, 7179439.551913011819124 ], [ 665194.409298051614314, 7179459.831947837024927 ], [ 665182.014349834644236, 7179527.353756913915277 ], [ 665190.889352307654917, 7179528.621760847046971 ], [ 665193.706739956978709, 7179549.470764582045376 ], [ 665203.959371607284993, 7179572.531925608403981 ], [ 665241.215562898665667, 7179660.353778815828264 ], [ 665284.60420438030269, 7179760.064793981611729 ], [ 665294.355431918636896, 7179782.20176054071635 ], [ 665303.045012756134383, 7179799.678203672170639 ], [ 665429.464660300989635, 7179795.417557394132018 ], [ 665434.167051227064803, 7179781.155773065984249 ], [ 665440.272823001723737, 7179762.612127022817731 ], [ 665449.889457803918049, 7179733.431941946968436 ] ] ] ] } },
{ "type": "Feature", "properties": { "CODIGO": null, "CODIGO_SMM": "0356", "TIPO": "BOSQUE", "NOME": "DA FAZENDINHA", "TEXTO_MAPA": "BOSQUE DA FAZENDINHA" }, "geometry": { "type": "MultiPolygon", "coordinates": [ [ [ [ 668687.060984034324065, 7181239.541477946564555 ], [ 668638.360957733704709, 7181230.641461117193103 ], [ 668627.770927781821229, 7181228.551496905274689 ], [ 668624.900931919226423, 7181228.451460840180516 ], [ 668622.200919104041532, 7181228.811507863923907 ], [ 668619.600942920194939, 7181229.101486491039395 ], [ 668617.490957127301954, 7181229.551499240100384 ], [ 668615.16093957866542, 7181230.191514522768557 ], [ 668611.070911875111051, 7181231.101488726213574 ], [ 668607.770923335338011, 7181231.531482180580497 ], [ 668604.580920115928166, 7181231.661487741395831 ], [ 668601.280931464163586, 7181231.531483492814004 ], [ 668597.99095248314552, 7181230.921498650684953 ], [ 668594.720931944902986, 7181230.031484437175095 ], [ 668591.570906576351263, 7181229.241506846621633 ], [ 668588.310956829925999, 7181228.281485287472606 ], [ 668547.593536723405123, 7181215.416500007733703 ], [ 668547.232330682338215, 7181215.933529020287097 ], [ 668546.926910794805735, 7181216.485103929415345 ], [ 668546.669891809811816, 7181217.090328745543957 ], [ 668543.660127184353769, 7181225.792907256633043 ], [ 668542.242524188943207, 7181225.302489938214421 ], [ 668535.626921468763612, 7181223.014526823535562 ], [ 668534.209318473469466, 7181222.52410950511694 ], [ 668538.128140413668007, 7181211.193722523748875 ], [ 668514.050922572263516, 7181199.851500378921628 ], [ 668503.060928236693144, 7181193.29150337073952 ], [ 668498.480909247184172, 7181189.611510681919754 ], [ 668495.800915374420583, 7181187.031493475660682 ], [ 668492.040903902263381, 7181183.281493280082941 ], [ 668466.95229156059213, 7181267.575953434221447 ], [ 668451.338284334517084, 7181318.987957004457712 ], [ 668439.566759233362973, 7181434.204602546989918 ], [ 668463.378966045333073, 7181463.752395803108811 ], [ 668475.590943799819797, 7181461.6316042188555 ], [ 668581.240991512313485, 7181444.821581011638045 ], [ 668599.50094437750522, 7181442.451520562171936 ], [ 668719.89220408978872, 7181412.516735145822167 ], [ 668736.980220242985524, 7181408.267890270799398 ], [ 668800.630989954341203, 7181392.441518366336823 ], [ 668818.32099586748518, 7181387.52146958373487 ], [ 668849.9910459513776, 7181378.321509649977088 ], [ 668822.080997344339266, 7181341.901462066918612 ], [ 668809.940976646961644, 7181327.171480299904943 ], [ 668756.60098441876471, 7181263.27145039010793 ], [ 668753.750946570420638, 7181260.761440562084317 ], [ 668750.800993953831494, 7181257.301479339599609 ], [ 668746.600979411276057, 7181251.001490788534284 ], [ 668743.750941875274293, 7181250.031459380872548 ], [ 668687.060984034324065, 7181239.541477946564555 ] ] ] ] } },
{ "type": "Feature", "properties": { "CODIGO": null, "CODIGO_SMM": "0352", "TIPO": "BOSQUE", "NOME": "REINHARD MAACK", "TEXTO_MAPA": "BOSQUE REINHARD MAACK" }, "geometry": { "type": "MultiPolygon", "coordinates": [ [ [ [ 675032.372009907499887, 7179670.459570861421525 ], [ 674979.916608836851083, 7179648.434979133307934 ], [ 674983.223614529822953, 7179639.043801745399833 ], [ 674985.555400833487511, 7179632.422400653362274 ], [ 674987.222026233561337, 7179627.689549983479083 ], [ 674745.851949905627407, 7179528.789612218737602 ], [ 674699.851934142410755, 7179508.549626506865025 ], [ 674696.571904933545738, 7179512.889594113454223 ], [ 674689.991888026706874, 7179521.619578168727458 ], [ 674666.471930455067195, 7179554.139610856771469 ], [ 674652.781928631477058, 7179573.449616169556975 ], [ 674642.201912323129363, 7179589.829627414233983 ], [ 674629.701913433149457, 7179610.069625390693545 ], [ 674623.311899782158434, 7179622.479664049111307 ], [ 674617.401928250677884, 7179637.239678787998855 ], [ 674609.551894808653742, 7179661.799684207886457 ], [ 674605.831926052458584, 7179675.549688468687236 ], [ 674603.691913419868797, 7179687.729684676043689 ], [ 674602.711934737628326, 7179697.429638508707285 ], [ 674610.872155668213964, 7179705.072460999712348 ], [ 674601.861904032411985, 7179726.689655860885978 ], [ 674704.121947779669426, 7179766.519661610946059 ], [ 674692.031984860426746, 7179794.819659106433392 ], [ 674711.341988721978851, 7179801.789688562043011 ], [ 674781.491976729710586, 7179835.349679915234447 ], [ 674793.561981440288946, 7179808.449646156281233 ], [ 674808.602025693748146, 7179815.219664247706532 ], [ 674810.254185964702629, 7179811.466428086161613 ], [ 674811.565403908258304, 7179808.380062284879386 ], [ 674815.942172825103626, 7179797.88744396250695 ], [ 674829.671974820550531, 7179803.559622695669532 ], [ 674950.752033301629126, 7179856.099649664014578 ], [ 675032.372009907499887, 7179670.459570861421525 ] ] ] ] } },
{ "type": "Feature", "properties": { "CODIGO": null, "CODIGO_SMM": "0350", "TIPO": "BOSQUE", "NOME": "DO CAPÃO DA IMBÚIA", "TEXTO_MAPA": "BOSQUE DO CAPÃO DA IMBÚIA" }, "geometry": { "type": "MultiPolygon", "coordinates": [ [ [ [ 679072.658075173734687, 7185439.382373710162938 ], [ 678912.076263951719739, 7185519.775678612291813 ], [ 678920.121258407365531, 7185563.920036521740258 ], [ 678922.443649330292828, 7185576.176447905600071 ], [ 678928.894465960212983, 7185619.525700972415507 ], [ 678933.280884624458849, 7185637.974862549453974 ], [ 679028.488322152756155, 7185710.272468369454145 ], [ 679174.868349868571386, 7185640.852619042620063 ], [ 679072.658075173734687, 7185439.382373710162938 ] ] ] ] } },
{ "type": "Feature", "properties": { "CODIGO": null, "CODIGO_SMM": "0349", "TIPO": "PARQUE", "NOME": "ESTADUAL JOÃO PAULO II", "TEXTO_MAPA": "PARQUE ESTADUAL JOÃO PAULO II" }, "geometry": { "type": "MultiPolygon", "coordinates": [ [ [ [ 674068.96510356827639, 7188792.410923471674323 ], [ 674064.706303339102305, 7188744.240135270170867 ], [ 674127.593709240201861, 7188740.986520210281014 ], [ 674122.256287269061431, 7188653.656298071146011 ], [ 674122.238464683410712, 7188652.14769171923399 ], [ 674122.252685806481168, 7188651.80186642985791 ], [ 674122.372680677101016, 7188650.471909999847412 ], [ 674122.420898392330855, 7188650.129075426608324 ], [ 674122.67169164121151, 7188648.81730744894594 ], [ 674122.753478700877167, 7188648.480881562456489 ], [ 674123.132689958671108, 7188647.200302531942725 ], [ 674123.75109799625352, 7188645.636886462569237 ], [ 674123.897460273699835, 7188645.323287716135383 ], [ 674124.697447967017069, 7188643.84446635749191 ], [ 674125.434691581409425, 7188642.730696378275752 ], [ 674125.639647630858235, 7188642.451887667179108 ], [ 674126.483092459151521, 7188641.416486828587949 ], [ 674126.714659848250449, 7188641.159284563735127 ], [ 674127.656493393238634, 7188640.212262633256614 ], [ 674128.942870456608944, 7188639.129681512713432 ], [ 674129.220458375755697, 7188638.923077395185828 ], [ 674130.626464410568587, 7188638.001262893900275 ], [ 674131.8040768916253, 7188637.370891388505697 ], [ 674133.350891123642214, 7188636.711894309148192 ], [ 674134.178100765682757, 7188636.487650914117694 ], [ 674135.290893948986195, 7188636.125101756304502 ], [ 674136.943665313301608, 7188635.816690685227513 ], [ 674138.273072372190654, 7188635.688699651509523 ], [ 674163.237230916507542, 7188538.269418241456151 ], [ 674157.972859932226129, 7188412.093604810535908 ], [ 674097.936836403911002, 7188425.935845116153359 ], [ 674074.782998962444253, 7188316.675628271885216 ], [ 673984.806173121323809, 7188337.202813100069761 ], [ 673984.919576572487131, 7188337.689812717959285 ], [ 673983.547994249965996, 7188338.009210060350597 ], [ 673991.364000990288332, 7188461.182458681985736 ], [ 673994.895813104114495, 7188518.103066220879555 ], [ 673995.04779136646539, 7188521.383889808319509 ], [ 673995.105043147224933, 7188525.161295578815043 ], [ 673995.034426248283125, 7188528.976665250957012 ], [ 673994.83844309579581, 7188532.73765261285007 ], [ 673994.512393997516483, 7188536.537885617464781 ], [ 673994.037236004602164, 7188540.477889196947217 ], [ 673993.431401695124805, 7188544.356064174324274 ], [ 673992.704412549734116, 7188548.148667866364121 ], [ 673991.888006837805733, 7188551.752062543295324 ], [ 673990.851630436722189, 7188555.696094560436904 ], [ 673960.903036330942996, 7188661.73470301181078 ], [ 673960.192221240256913, 7188664.251549527980387 ], [ 673952.488611634005792, 7188691.527559312060475 ], [ 673951.441248901654035, 7188695.465731956996024 ], [ 673950.611842683050781, 7188698.998936189338565 ], [ 673949.807216829271056, 7188702.940526751801372 ], [ 673949.178250135388225, 7188706.563147469423711 ], [ 673948.627225398202427, 7188710.388954258523881 ], [ 673948.121427876292728, 7188714.940530272200704 ], [ 673947.731048031593673, 7188720.301554718986154 ], [ 673947.565460657468066, 7188725.319317309185863 ], [ 673947.580842457246035, 7188729.811750132590532 ], [ 673947.766817623283714, 7188734.590743055567145 ], [ 673962.324071599170566, 7188730.722513899207115 ], [ 673969.712877560523339, 7188779.063955790363252 ], [ 674016.7218612881843, 7188775.549968004226685 ], [ 674032.769289672607556, 7188774.931922500953078 ], [ 674032.616701435763389, 7188773.461707301437855 ], [ 674046.693854609620757, 7188778.513707650825381 ], [ 674053.671090906020254, 7188781.318760647438467 ], [ 674068.96510356827639, 7188792.410923471674323 ] ] ] ] } },
{ "type": "Feature", "properties": { "CODIGO": null, "CODIGO_SMM": "0339", "TIPO": "PARQUE", "NOME": "MUNICIPAL DO PASSAÚNA", "TEXTO_MAPA": "PARQUE MUNICIPAL DO PASSAÚNA" }, "geometry": { "type": "MultiPolygon", "coordinates": [ [ [ [ 662636.290247807162814, 7183517.253652236424387 ], [ 662633.360071139410138, 7183516.53948026150465 ], [ 662633.237086048466153, 7183520.538443718105555 ], [ 662635.019069510279223, 7183523.535453420132399 ], [ 662639.690091853728518, 7183526.839469472877681 ], [ 662643.68807941977866, 7183530.460441304370761 ], [ 662646.731049384456128, 7183532.709464727900922 ], [ 662650.172090756008402, 7183535.042472470551729 ], [ 662652.90610079979524, 7183537.890495132654905 ], [ 662656.096105343778618, 7183544.498467402532697 ], [ 662661.223060910357162, 7183550.309442020952702 ], [ 662667.261088620638475, 7183556.803461071103811 ], [ 662668.035075795021839, 7183557.628473340533674 ], [ 662670.679058952839114, 7183560.448480874300003 ], [ 662676.09910537477117, 7183566.047480283305049 ], [ 662682.053087754407898, 7183573.058467255905271 ], [ 662688.535085792304017, 7183582.054439989849925 ], [ 662694.356072739581577, 7183590.124448257498443 ], [ 662700.57311707129702, 7183598.988463000394404 ], [ 662706.527099941973574, 7183608.51348870806396 ], [ 662714.332097398000769, 7183622.800478170625865 ], [ 662717.390143939643167, 7183629.603457843884826 ], [ 662721.079111288767308, 7183637.617497274652123 ], [ 662726.872144393040799, 7183647.042486365884542 ], [ 662733.519120947108604, 7183658.314460631459951 ], [ 662738.541096396511421, 7183666.06049436237663 ], [ 662741.716147196362726, 7183672.013498207554221 ], [ 662742.378136349259876, 7183680.612499317154288 ], [ 662743.171106747118756, 7183688.020460058003664 ], [ 662743.436122729210183, 7183694.502517340704799 ], [ 662744.759122455725446, 7183701.3824627045542 ], [ 662746.478911602986045, 7183707.070269010961056 ], [ 662748.594757619663142, 7183710.907061578705907 ], [ 662749.256746461382136, 7183717.918110621161759 ], [ 662743.435763103305362, 7183728.237084144726396 ], [ 662765.145121304551139, 7183738.849509401246905 ], [ 662775.431131168501452, 7183720.895706376992166 ], [ 662773.931739678955637, 7183713.42506265360862 ], [ 662771.900365347741172, 7183704.503674030303955 ], [ 662768.720369829097763, 7183694.10370859131217 ], [ 662765.210357601754367, 7183686.083687677979469 ], [ 662760.420315079274587, 7183674.623663685284555 ], [ 662756.620324855553918, 7183667.143682030960917 ], [ 662750.730307306628674, 7183659.983708188869059 ], [ 662744.980304179596715, 7183651.483707120642066 ], [ 662739.910293832654133, 7183642.633669207803905 ], [ 662735.330334887490608, 7183633.813660505227745 ], [ 662730.030344075523317, 7183625.273681310936809 ], [ 662725.710333889350295, 7183616.26367006637156 ], [ 662720.510318752494641, 7183608.053646992892027 ], [ 662714.730286378995515, 7183599.843685066327453 ], [ 662709.520322426920757, 7183591.213678978383541 ], [ 662704.320307271322235, 7183582.903680291026831 ], [ 662698.170279777841642, 7183575.163689263164997 ], [ 662692.300281570991501, 7183567.00365412607789 ], [ 662686.460312732262537, 7183559.173636158928275 ], [ 662679.68028033268638, 7183552.143667407333851 ], [ 662672.70029671350494, 7183545.12364743091166 ], [ 662665.370276442496106, 7183538.403676426038146 ], [ 662658.160251325462013, 7183531.713673667982221 ], [ 662650.380279935430735, 7183525.853688324801624 ], [ 662642.290249974699691, 7183520.513661671429873 ], [ 662636.290247807162814, 7183517.253652236424387 ] ] ] ] } },
{ "type": "Feature", "properties": { "CODIGO": null, "CODIGO_SMM": "0339", "TIPO": "PARQUE", "NOME": "MUNICIPAL DO PASSAÚNA", "TEXTO_MAPA": "PARQUE MUNICIPAL DO PASSAÚNA" }, "geometry": { "type": "MultiPolygon", "coordinates": [ [ [ [ 663168.406604475574568, 7181385.339610679075122 ], [ 663109.079558642581105, 7181362.435197502374649 ], [ 663152.392335248412564, 7181160.580584353767335 ], [ 663086.716354542295448, 7181161.693756666965783 ], [ 662925.865907864761539, 7181144.996579278260469 ], [ 662904.416498759761453, 7181135.589598651975393 ], [ 662885.146464715595357, 7181086.199575189501047 ], [ 662864.086461823200807, 7181086.079584156163037 ], [ 662860.766453493968584, 7181085.219599233940244 ], [ 662857.266452236799523, 7181083.30962628684938 ], [ 662853.106477313674986, 7181079.569574879482388 ], [ 662851.056427556322888, 7181077.459589390084147 ], [ 662843.976468099048361, 7181069.179620403796434 ], [ 662837.66646862833295, 7181067.539606569334865 ], [ 662834.296472317306325, 7181065.779597013257444 ], [ 662831.01644139457494, 7181061.689569757319987 ], [ 662830.596457522246055, 7181057.309624876827002 ], [ 662832.24641991162207, 7181050.109610512852669 ], [ 662835.706440568086691, 7181038.909594777971506 ], [ 662837.50642699492164, 7181029.589584728702903 ], [ 662837.55641353467945, 7181023.109602601267397 ], [ 662836.556411943165585, 7181016.249554663896561 ], [ 662836.166456891340204, 7181009.389567641541362 ], [ 662838.726449952926487, 7180983.06955311819911 ], [ 662839.516426588757895, 7180974.929597277194262 ], [ 662836.646429138956591, 7180966.689544470980763 ], [ 662831.746401832904667, 7180958.209562800824642 ], [ 662827.376403988571838, 7180949.889554213732481 ], [ 662825.726438145386055, 7180939.399561630561948 ], [ 662829.516414399025962, 7180925.429586632177234 ], [ 662836.826409913599491, 7180905.539565494284034 ], [ 662843.566396826296113, 7180879.839545432478189 ], [ 662847.096421589376405, 7180852.079527912661433 ], [ 662848.846421563532203, 7180849.689512316137552 ], [ 662848.956405613804236, 7180842.889522771351039 ], [ 662849.026411787373945, 7180836.909540767781436 ], [ 662840.786419354844838, 7180836.279537334106863 ], [ 662841.3763836909784, 7180827.919549740850925 ], [ 662837.586402608663775, 7180817.169547745957971 ], [ 662841.946376235107891, 7180751.52951555326581 ], [ 662862.036406663828529, 7180743.929534110240638 ], [ 662880.076386930420995, 7180732.139488525688648 ], [ 662883.926360006909817, 7180714.339495453983545 ], [ 662877.756371640367433, 7180694.369520880281925 ], [ 662875.476399736246094, 7180678.659495359286666 ], [ 662876.74635616550222, 7180666.44947003480047 ], [ 662878.666396293090656, 7180644.439454300329089 ], [ 662878.716379331075586, 7180620.039484711363912 ], [ 662884.186347511829808, 7180600.08946636505425 ], [ 662884.266360950306989, 7180581.299483548849821 ], [ 662891.996339926263317, 7180563.709450714290142 ], [ 662909.536379598313943, 7180544.249420369975269 ], [ 662933.246342939673923, 7180526.039450172334909 ], [ 662948.676335913361982, 7180507.70942541025579 ], [ 662949.926334856776521, 7180500.689403852447867 ], [ 662953.276369039900601, 7180483.909430673345923 ], [ 662958.566346327657811, 7180473.329409861937165 ], [ 662968.196351341670379, 7180461.609434301033616 ], [ 662985.9363432910759, 7180447.569388205185533 ], [ 662996.316349145374261, 7180439.189379164949059 ], [ 663007.356388036860153, 7180424.119426891207695 ], [ 663009.736330403713509, 7180413.489418843761086 ], [ 663010.466370749054477, 7180406.629370572045445 ], [ 663011.426329335197806, 7180393.369418287649751 ], [ 663010.286374378949404, 7180387.969392726197839 ], [ 663005.056330008432269, 7180380.029389292001724 ], [ 662999.656364128109999, 7180374.17941327765584 ], [ 662997.116323126130737, 7180367.529387672431767 ], [ 662997.336353281163611, 7180359.149380619637668 ], [ 663002.346362539799884, 7180350.119409086182714 ], [ 663005.586351251346059, 7180338.16939321346581 ], [ 663006.126328587532043, 7180333.939350529573858 ], [ 663006.596359433722682, 7180328.769366215914488 ], [ 663006.566329571418464, 7180325.919389911927283 ], [ 663006.836348320590332, 7180321.569352135062218 ], [ 663006.706342006917112, 7180314.42939673550427 ], [ 663006.356365401647054, 7180309.659376061521471 ], [ 663012.37632297934033, 7180297.229379055090249 ], [ 663013.016335997032002, 7180288.0693424269557 ], [ 663013.01633397990372, 7180277.759342251345515 ], [ 663007.036349265719764, 7180263.729371599853039 ], [ 663000.896331232506782, 7180254.309387501329184 ], [ 662997.926298190956004, 7180251.45935073774308 ], [ 662996.046352989040315, 7180246.949340195395052 ], [ 662992.296350683551282, 7180239.979368457570672 ], [ 662987.136313413502648, 7180230.799374461174011 ], [ 662983.746296190656722, 7180221.989375331439078 ], [ 662982.4163392346818, 7180219.089350443333387 ], [ 662977.986282596713863, 7180209.809380693361163 ], [ 662971.94630106491968, 7180199.639335349202156 ], [ 662965.266304709948599, 7180189.409353591501713 ], [ 662962.706305473227985, 7180184.109364956617355 ], [ 662959.956303780898452, 7180178.989369079470634 ], [ 662955.626284143538214, 7180171.519336291588843 ], [ 662953.466308881295845, 7180163.45933711156249 ], [ 662952.686278966371901, 7180161.299363573081791 ], [ 662949.926266663824208, 7180151.869369043968618 ], [ 662948.296321915928274, 7180149.35935896076262 ], [ 662946.576287537347525, 7180138.059368640184402 ], [ 662938.846303152386099, 7180127.949321201071143 ], [ 662936.416309218388051, 7180124.639323277398944 ], [ 662933.396288020769134, 7180119.989359309896827 ], [ 662930.826279413537122, 7180116.729349220171571 ], [ 662927.686262835050002, 7180110.889321498572826 ], [ 662923.526287783170119, 7180106.469338282011449 ], [ 662920.686259335372597, 7180101.96933769620955 ], [ 662912.586280102608725, 7180093.719337187707424 ], [ 662906.496250889729708, 7180089.479347069747746 ], [ 662899.706270285882056, 7180085.019325293600559 ], [ 662895.366241127951071, 7180078.809363628737628 ], [ 662894.996244810521603, 7180073.139318319037557 ], [ 662900.066252745920792, 7180069.759311590343714 ], [ 662908.146271133446135, 7180066.019318826496601 ], [ 662917.926241636741906, 7180064.929350819438696 ], [ 662922.996250587282702, 7180066.739347845315933 ], [ 662926.776281358092092, 7180069.429350230842829 ], [ 662936.336282350821421, 7180074.719327730126679 ], [ 662949.926253327867016, 7180083.64932001195848 ], [ 662955.016280967043713, 7180081.129298847168684 ], [ 662970.556260694167577, 7180069.869344225153327 ], [ 662973.036302391788922, 7180067.679340742528439 ], [ 662980.196275921072811, 7180060.459305775351822 ], [ 662990.456283853971399, 7180037.919320028275251 ], [ 662994.946275034104474, 7180036.989326240494847 ], [ 663000.086290628532879, 7180035.229315023869276 ], [ 663016.086293445667252, 7180029.109315225854516 ], [ 663021.406301425187849, 7180025.629271799698472 ], [ 663027.846304408740252, 7180020.139278914779425 ], [ 663033.036306855385192, 7180013.509271335788071 ], [ 663039.186270719859749, 7180008.099295618012547 ], [ 663049.716302746790461, 7180008.549305878579617 ], [ 663051.696283032884821, 7180005.07927287556231 ], [ 663052.586297225905582, 7180001.609301118180156 ], [ 663054.076286708354019, 7179995.859299369156361 ], [ 663058.23625976301264, 7179990.05930929351598 ], [ 663062.606316467397846, 7179987.279278436675668 ], [ 663066.66631461889483, 7179985.099284415133297 ], [ 663072.616265906952322, 7179978.069252173416317 ], [ 663076.036309117800556, 7179969.929295828565955 ], [ 663076.896292174002156, 7179957.089265551418066 ], [ 663074.326282527763397, 7179948.519256559200585 ], [ 663072.616258701193146, 7179941.239286787807941 ], [ 663071.326278591528535, 7179932.249233495444059 ], [ 663072.616255352273583, 7179924.119287334382534 ], [ 663075.186262062983587, 7179917.689231492578983 ], [ 663081.176253214245662, 7179914.699239329434931 ], [ 663090.59629935445264, 7179913.839251916855574 ], [ 663095.736254675430246, 7179915.979266100563109 ], [ 663098.306263566017151, 7179920.689227728173137 ], [ 663100.876272454741411, 7179925.399250391870737 ], [ 663103.866266036755405, 7179938.669272698462009 ], [ 663105.586300049559213, 7179948.089257657527924 ], [ 663105.156308691599406, 7179955.369288884103298 ], [ 663102.15630944725126, 7179963.079252360388637 ], [ 663099.586301730829291, 7179964.369292253628373 ], [ 663096.8162817977136, 7179965.869293175637722 ], [ 663090.296322368783876, 7179969.459261180832982 ], [ 663087.236263349885121, 7179971.20926222205162 ], [ 663082.596309168031439, 7179974.249241929501295 ], [ 663076.306269581546076, 7179979.639259172603488 ], [ 663072.806269638007507, 7179984.41929036565125 ], [ 663069.696283846860752, 7179986.159281649626791 ], [ 663059.436272820690647, 7179992.869307329878211 ], [ 663053.276300828787498, 7180006.659290054813027 ], [ 663051.456295093288645, 7180017.119315034709871 ], [ 663052.516295199166052, 7180028.779290926642716 ], [ 663056.606325007625856, 7180038.629268208518624 ], [ 663063.606328586814925, 7180047.949276525527239 ], [ 663070.246284706285223, 7180052.239315375685692 ], [ 663074.866281576105393, 7180055.269283502362669 ], [ 663080.256298121181317, 7180058.049312449991703 ], [ 663082.99628939141985, 7180059.839290393516421 ], [ 663086.586317937937565, 7180063.869320008903742 ], [ 663093.036332674091682, 7180068.519283305853605 ], [ 663097.736286144470796, 7180074.239315573126078 ], [ 663103.766318119131029, 7180080.189267072826624 ], [ 663111.746301749837585, 7180086.109310957603157 ], [ 663116.916347748367116, 7180089.969296275638044 ], [ 663120.086331827566028, 7180091.879269283264875 ], [ 663123.576323442510329, 7180094.459286345168948 ], [ 663124.846343813580461, 7180097.119320949539542 ], [ 663123.316315049654804, 7180101.809324880130589 ], [ 663120.536347388057038, 7180108.43927095271647 ], [ 663107.356357468059286, 7180139.429332657717168 ], [ 663104.176304629887454, 7180147.969313472509384 ], [ 663105.356361302081496, 7180161.589311813004315 ], [ 663109.766337770503014, 7180172.919330911710858 ], [ 663115.87632602697704, 7180179.919331492856145 ], [ 663120.436325606075116, 7180184.389302436262369 ], [ 663121.146348228212446, 7180186.799337087199092 ], [ 663120.206347418483347, 7180196.349327486939728 ], [ 663120.396351164788939, 7180202.769311988726258 ], [ 663120.376332806539722, 7180208.789333049207926 ], [ 663121.086356639163569, 7180217.379300909116864 ], [ 663123.246331416536123, 7180222.949309223331511 ], [ 663123.606378119904548, 7180224.109343627467752 ], [ 663124.336359333246946, 7180226.979339329525828 ], [ 663126.536373434821144, 7180233.829316222108901 ], [ 663129.046384939923882, 7180239.499300079420209 ], [ 663133.026367678656243, 7180245.989352216944098 ], [ 663136.216371596441604, 7180249.439303640276194 ], [ 663136.116336255334318, 7180256.109349297359586 ], [ 663136.49634223850444, 7180261.239355405792594 ], [ 663136.836370079079643, 7180265.839332092553377 ], [ 663138.60639180871658, 7180274.799355992116034 ], [ 663143.10639450000599, 7180282.769327836111188 ], [ 663144.816356338793412, 7180285.18931102566421 ], [ 663146.436352387769148, 7180287.859355330467224 ], [ 663153.316360908560455, 7180297.61936622671783 ], [ 663158.276384799275547, 7180301.049358801916242 ], [ 663161.066364054335281, 7180303.739361379295588 ], [ 663164.556356130633503, 7180308.669354623183608 ], [ 663169.076377722900361, 7180313.389325639232993 ], [ 663169.576378267607652, 7180315.539350502192974 ], [ 663169.30635997839272, 7180322.229354693554342 ], [ 663169.286402614437975, 7180328.039353730157018 ], [ 663170.196377096930519, 7180333.699328133836389 ], [ 663171.046414775541052, 7180338.019336387515068 ], [ 663172.056364493910223, 7180341.769337140955031 ], [ 663173.176360588171519, 7180345.319325615651906 ], [ 663174.886383988894522, 7180350.419363196007907 ], [ 663177.446383129106835, 7180355.209341939538717 ], [ 663178.436374069191515, 7180357.549369193613529 ], [ 663180.736363363917917, 7180362.269340645521879 ], [ 663183.646399195771664, 7180366.969353474676609 ], [ 663184.726418083766475, 7180374.769343037158251 ], [ 663186.286417020019144, 7180379.799373304471374 ], [ 663187.816386580350809, 7180384.469357100315392 ], [ 663193.726424558437429, 7180396.279356500133872 ], [ 663202.656420263228938, 7180400.289365535601974 ], [ 663203.736378127709031, 7180408.149352669715881 ], [ 663206.946403031586669, 7180418.989381649531424 ], [ 663208.086418797262013, 7180423.229372736997902 ], [ 663210.44640601600986, 7180429.73938369192183 ], [ 663212.546444480423816, 7180436.459355691447854 ], [ 663213.456418336136267, 7180438.91937811113894 ], [ 663213.866391858668067, 7180440.329351532272995 ], [ 663213.676389993284829, 7180443.50934505276382 ], [ 663213.226439221994951, 7180446.13935069181025 ], [ 663212.836424854118377, 7180448.069343933835626 ], [ 663212.216430025873706, 7180450.339364163577557 ], [ 663210.836425913730636, 7180456.049387855455279 ], [ 663209.676392457215115, 7180461.229382073506713 ], [ 663210.216432316810824, 7180464.609387708827853 ], [ 663210.206423269817606, 7180468.289381323382258 ], [ 663210.476443297113292, 7180470.479384265840054 ], [ 663210.576420046854764, 7180476.299393048509955 ], [ 663211.886418930720538, 7180481.379350136965513 ], [ 663212.406439055106603, 7180483.739397021010518 ], [ 663213.786445112898946, 7180487.969378294423223 ], [ 663216.096444329014048, 7180493.469379238784313 ], [ 663218.066416076617315, 7180496.269367357715964 ], [ 663219.526439028093591, 7180499.39937274903059 ], [ 663221.556408321717754, 7180502.059407206252217 ], [ 663223.496412104694173, 7180506.419393286108971 ], [ 663228.296465441933833, 7180523.279381979256868 ], [ 663229.456440153182484, 7180529.789393171668053 ], [ 663228.776447926997207, 7180532.959377019666135 ], [ 663228.30641703074798, 7180537.859402772039175 ], [ 663228.306418241234496, 7180544.039397018030286 ], [ 663228.986411702353507, 7180547.179412329569459 ], [ 663228.916466910974123, 7180554.919404543936253 ], [ 663230.556422260240652, 7180561.679415705613792 ], [ 663232.516445797402412, 7180567.149387415498495 ], [ 663236.026457631727681, 7180573.199376057833433 ], [ 663237.87643505143933, 7180580.189367705956101 ], [ 663238.416475348523818, 7180585.79941541235894 ], [ 663239.25644212285988, 7180589.589394237846136 ], [ 663240.626438827719539, 7180595.939371168613434 ], [ 663244.956458398373798, 7180603.039408745244145 ], [ 663247.266457151970826, 7180606.179423740133643 ], [ 663250.846476003294811, 7180610.569377767853439 ], [ 663266.146467788843438, 7180611.299416460096836 ], [ 663278.323842653189786, 7180629.863627776503563 ], [ 663289.48809406417422, 7180645.162579673342407 ], [ 663300.238710362929851, 7180661.702193588018417 ], [ 663311.402900659595616, 7180676.58781530149281 ], [ 663324.634473884128965, 7180689.405992236919701 ], [ 663337.866291412035935, 7180703.051195750012994 ], [ 663354.819300554809161, 7180712.974778935313225 ], [ 663365.156522557605058, 7180713.801803486421704 ], [ 663378.801728710066527, 7180714.215375136584044 ], [ 663394.100746224401519, 7180726.619977341033518 ], [ 663407.606547407340258, 7180723.779397799633443 ], [ 663417.669536104425788, 7180712.974766615778208 ], [ 663423.04490180441644, 7180703.4645702727139 ], [ 663423.871925136307254, 7180686.925015123561025 ], [ 663421.390902878600173, 7180668.731590576469898 ], [ 663419.73690914188046, 7180660.461752371862531 ], [ 663424.698884354438633, 7180654.67299260571599 ], [ 663437.930514156119898, 7180644.74915936216712 ], [ 663440.246492326026782, 7180637.519359707832336 ], [ 663434.209135627141222, 7180629.036570649594069 ], [ 663425.525904687354341, 7180622.834361303597689 ], [ 663408.159321709652431, 7180615.39136965200305 ], [ 663398.235490276478231, 7180611.256543887779117 ], [ 663389.965894287917763, 7180602.986768015660346 ], [ 663381.28248064906802, 7180598.851942007429898 ], [ 663371.358893763273954, 7180596.784560615196824 ], [ 663363.089054769370705, 7180594.303543538786471 ], [ 663350.016477061668411, 7180575.839369045570493 ], [ 663348.556452944292687, 7180566.769359704107046 ], [ 663347.586481299716979, 7180563.209361430257559 ], [ 663347.266471349867061, 7180550.22937772795558 ], [ 663345.366443571983837, 7180535.499332853592932 ], [ 663343.426439513918012, 7180529.739383039996028 ], [ 663340.986434883321635, 7180521.699342413805425 ], [ 663337.536481491522864, 7180514.799377957358956 ], [ 663329.456460284884088, 7180504.159362189471722 ], [ 663324.906470340443775, 7180499.019347127526999 ], [ 663323.28647362603806, 7180492.949338579550385 ], [ 663321.786471937084571, 7180486.249324964359403 ], [ 663318.836457649013028, 7180479.419367752969265 ], [ 663314.906462834216654, 7180473.549371915869415 ], [ 663314.366422713617794, 7180468.83934885263443 ], [ 663316.106472927378491, 7180461.219351461157203 ], [ 663319.286465236684307, 7180455.269337119534612 ], [ 663320.106470633530989, 7180444.379319544881582 ], [ 663319.556419388623908, 7180432.749311815947294 ], [ 663327.986408878234215, 7180405.669347235932946 ], [ 663318.586439840728417, 7180388.849337482824922 ], [ 663315.01643037435133, 7180382.499299949035048 ], [ 663314.336435866542161, 7180374.019317461177707 ], [ 663313.856453178916126, 7180363.309353900142014 ], [ 663311.576420112745836, 7180346.999291613698006 ], [ 663307.356445475597866, 7180332.329305807128549 ], [ 663304.116390738170594, 7180318.789324978366494 ], [ 663302.63640758395195, 7180306.979324713349342 ], [ 663303.786430742940865, 7180299.099317604675889 ], [ 663308.586417440325022, 7180287.349313682876527 ], [ 663312.056386975222267, 7180276.939276183024049 ], [ 663310.746385086094961, 7180256.519288349896669 ], [ 663310.45640477410052, 7180245.219297746196389 ], [ 663309.6163760938216, 7180236.989315354265273 ], [ 663306.446390490513295, 7180227.309320843778551 ], [ 663301.836401182576083, 7180213.029288828372955 ], [ 663297.146394774550572, 7180198.78929590061307 ], [ 663282.756372326053679, 7180177.419298183172941 ], [ 663281.896384652820416, 7180166.669295625761151 ], [ 663287.066367849474773, 7180161.499249355867505 ], [ 663310.776392137631774, 7180142.939242446795106 ], [ 663312.876367673277855, 7180139.989290116354823 ], [ 663316.296411568066105, 7180135.349273621104658 ], [ 663317.276391230756417, 7180129.979276950471103 ], [ 663318.496361234458163, 7180124.849270528182387 ], [ 663319.476402073982172, 7180120.199244743213058 ], [ 663322.176352426642552, 7180112.559288664720953 ], [ 663324.746359199285507, 7180106.449240224435925 ], [ 663327.406392823206261, 7180100.209247887134552 ], [ 663328.026385649107397, 7180087.719254365190864 ], [ 663324.606399520998821, 7180075.679273955523968 ], [ 663319.716382318758406, 7180068.919263435527682 ], [ 663317.456371490843594, 7180066.379224170930684 ], [ 663312.116342284949496, 7180061.22926053404808 ], [ 663316.826364308362827, 7180055.449228850193322 ], [ 663316.196357813081704, 7180048.029244182631373 ], [ 663315.606391031527892, 7180043.879218831658363 ], [ 663315.366339350352064, 7180042.089240398257971 ], [ 663316.12634777452331, 7180034.26923094317317 ], [ 663317.766361577436328, 7180027.849246084690094 ], [ 663319.956363075529225, 7180020.239258375950158 ], [ 663324.411990944761783, 7180016.711607682518661 ], [ 663329.366337122395635, 7180012.789242437109351 ], [ 663323.686341754160821, 7180006.319210172630847 ], [ 663320.206359742674977, 7180002.909236846491694 ], [ 663321.266357053769752, 7180000.279231088235974 ], [ 663325.966370620997623, 7180001.209223078563809 ], [ 663334.436343859764747, 7180003.299248805269599 ], [ 663341.286383156315424, 7180008.179253580980003 ], [ 663349.276376416208223, 7180013.389214273542166 ], [ 663354.756358697311953, 7180015.61925526894629 ], [ 663365.736342759570107, 7180019.899222462438047 ], [ 663375.826373766642064, 7180028.169242111966014 ], [ 663381.906393674435094, 7180034.759208410046995 ], [ 663385.866356723476201, 7180040.469231054186821 ], [ 663390.736353913322091, 7180044.799248285591602 ], [ 663398.896391270682216, 7180050.559257912449539 ], [ 663406.386383954435587, 7180053.469230325892568 ], [ 663415.796420855680481, 7180055.299246034584939 ], [ 663419.636388077982701, 7180057.53923608455807 ], [ 663427.526405373588204, 7180060.949208546429873 ], [ 663441.176373770576902, 7180069.059254311025143 ], [ 663449.746383965131827, 7180072.729236470535398 ], [ 663454.206407401245087, 7180074.479236040264368 ], [ 663473.136405344586819, 7180077.119247645139694 ], [ 663485.836422233842313, 7180084.739242203533649 ], [ 663499.446412554942071, 7180092.659224451519549 ], [ 663509.386418090085499, 7180095.709211067296565 ], [ 663522.33643389143981, 7180097.459208971820772 ], [ 663540.53644997056108, 7180093.909216707572341 ], [ 663542.876416217652149, 7180093.089208716526628 ], [ 663549.546460616635159, 7180086.869235127232969 ], [ 663557.846451510908082, 7180092.059237255714834 ], [ 663566.956440281122923, 7180097.829195427708328 ], [ 663575.686423220089637, 7180099.249176983721554 ], [ 663583.286462019663304, 7180100.6291807256639 ], [ 663586.146448549465276, 7180102.969207611866295 ], [ 663591.796475449344143, 7180108.409210324287415 ], [ 663600.496429784456268, 7180113.399200115352869 ], [ 663614.39645795233082, 7180114.749173315241933 ], [ 663637.856485710246488, 7180114.219200313091278 ], [ 663643.126445188187063, 7180112.47920860350132 ], [ 663649.186444561928511, 7180113.979207795113325 ], [ 663652.456465197494254, 7180115.419209958985448 ], [ 663656.61686663236469, 7180115.419575354084373 ], [ 663654.596666271099821, 7180129.58919604215771 ], [ 663644.326283508562483, 7180157.899019690230489 ], [ 663638.46630091778934, 7180179.459023864939809 ], [ 663637.516290084924549, 7180187.668987071141601 ], [ 663638.046261313604191, 7180202.108993071131408 ], [ 663639.586303052958101, 7180213.779039673507214 ], [ 663640.646302208304405, 7180220.548999679274857 ], [ 663636.766298928065225, 7180233.679008653387427 ], [ 663634.716312844539061, 7180245.009029020555317 ], [ 663637.646308763651177, 7180257.779051216319203 ], [ 663639.106270592077635, 7180260.449034517630935 ], [ 663641.246286945883185, 7180266.399047812446952 ], [ 663641.686292012687773, 7180279.20904853567481 ], [ 663648.266313334810548, 7180292.349065225571394 ], [ 663655.706319448887371, 7180301.529058770276606 ], [ 663664.526330823078752, 7180310.86902522854507 ], [ 663676.466336877318099, 7180313.989018792286515 ], [ 663688.926300946390256, 7180313.989016346633434 ], [ 663703.756319402134977, 7180301.969051887281239 ], [ 663715.406283173942938, 7180289.069021912291646 ], [ 663723.706331946188584, 7180278.168993102386594 ], [ 663724.766327198827639, 7180265.069013984873891 ], [ 663723.326320876600221, 7180247.159036580473185 ], [ 663723.706323687452823, 7180236.118994642049074 ], [ 663723.706321851932444, 7180226.779026452451944 ], [ 663723.846273790230043, 7180218.069002243690193 ], [ 663723.766316680237651, 7180212.798981389962137 ], [ 663724.516316008288413, 7180208.418975250795484 ], [ 663726.276325653539971, 7180205.5589888272807 ], [ 663728.596272019552998, 7180202.979031661525369 ], [ 663732.37630226474721, 7180202.979030919261277 ], [ 663736.456320349592716, 7180202.829005666077137 ], [ 663743.246300004422665, 7180202.428979817777872 ], [ 663748.576318530947901, 7180202.928978895768523 ], [ 663755.356288505950943, 7180202.979026405140758 ], [ 663763.856290829135105, 7180203.938985915854573 ], [ 663774.386323436629027, 7180207.328999355435371 ], [ 663784.276340529322624, 7180207.128985154442489 ], [ 663793.05631134158466, 7180208.888993641361594 ], [ 663795.276343828300014, 7180209.858964154496789 ], [ 663797.566322853323072, 7180212.008988665416837 ], [ 663800.996316993492655, 7180215.07899609208107 ], [ 663806.14634372969158, 7180220.3089768756181 ], [ 663813.30631961254403, 7180225.09901574626565 ], [ 663817.746323760249652, 7180228.108964367769659 ], [ 663821.856310764444061, 7180231.258988773450255 ], [ 663827.616322776768357, 7180235.32899599801749 ], [ 663829.606313852826133, 7180237.068986281752586 ], [ 663832.926323435152881, 7180244.308977700769901 ], [ 663835.996332530630752, 7180249.399005243554711 ], [ 663839.396359048783779, 7180255.758991541340947 ], [ 663844.226317556924187, 7180262.068989750929177 ], [ 663848.616334498627111, 7180268.118978215381503 ], [ 663856.956365042482503, 7180276.229025021195412 ], [ 663866.996346744243056, 7180282.089009885676205 ], [ 663876.116344784270041, 7180285.298969843424857 ], [ 663878.336377223138697, 7180286.029011096805334 ], [ 663883.026381460251287, 7180289.168964584358037 ], [ 663887.696366080781445, 7180291.899005863815546 ], [ 663891.736345668090507, 7180294.668964266777039 ], [ 663895.616352019947954, 7180297.178973906673491 ], [ 663899.216390075627714, 7180299.878986091352999 ], [ 663905.026389924809337, 7180304.099017757922411 ], [ 663912.476343795075081, 7180308.298968531191349 ], [ 663919.366360739571974, 7180311.178972790017724 ], [ 663928.846344341756776, 7180314.99897921923548 ], [ 663938.906344537856057, 7180315.55897494032979 ], [ 663942.766391942743212, 7180315.798964478075504 ], [ 663945.156346222618595, 7180316.138990947976708 ], [ 663949.886389401624911, 7180318.608961347490549 ], [ 663952.776405565207824, 7180322.618971562944353 ], [ 663954.91636002715677, 7180324.198988633230329 ], [ 663956.676370547618717, 7180325.789015545509756 ], [ 663958.786356889409944, 7180328.128981543704867 ], [ 663962.266400063177571, 7180332.168959912844002 ], [ 663967.026412135805003, 7180337.818984824232757 ], [ 663975.706408515805379, 7180345.558975315652788 ], [ 663987.31639808206819, 7180352.149001560173929 ], [ 663999.256404078332707, 7180354.96900724992156 ], [ 664007.506406291853637, 7180355.678966745734215 ], [ 664014.126403094618581, 7180355.789011856541038 ], [ 664018.95642140484415, 7180355.818979175761342 ], [ 664023.266420088126324, 7180356.029000354930758 ], [ 664029.036380358389579, 7180357.678963015787303 ], [ 664035.316413076478057, 7180367.039010543376207 ], [ 664042.626414069905877, 7180375.159006282687187 ], [ 664050.78639005322475, 7180379.159005692228675 ], [ 664053.726393493474461, 7180380.47901277244091 ], [ 664058.846390376449563, 7180382.918953791260719 ], [ 664064.056414111168124, 7180385.219002177938819 ], [ 664070.446430898969993, 7180387.918952776119113 ], [ 664076.796408531838097, 7180390.208991170860827 ], [ 664084.32644016656559, 7180392.469000028446317 ], [ 664091.676417912472971, 7180394.058964803814888 ], [ 664099.076444432837889, 7180395.308963665738702 ], [ 664108.076446846593171, 7180396.07898161932826 ], [ 664117.46646375884302, 7180395.588989412412047 ], [ 664127.096409659949131, 7180393.718991924077272 ], [ 664137.016455355100334, 7180389.938959714025259 ], [ 664145.506447879597545, 7180390.738946039229631 ], [ 664150.346416428219527, 7180398.408990979194641 ], [ 664165.736435573780909, 7180401.598991198465228 ], [ 664171.586473687086254, 7180401.708975424990058 ], [ 664181.706471121287905, 7180400.55894872546196 ], [ 664187.926443014643155, 7180398.658983640372753 ], [ 664191.156424208311364, 7180398.218980450183153 ], [ 664192.976432001683861, 7180398.278977666050196 ], [ 664196.026481685694307, 7180398.728989386931062 ], [ 664202.736444588052109, 7180400.148971335031092 ], [ 664213.43645953759551, 7180400.408979060128331 ], [ 664224.656432745512575, 7180398.808939820155501 ], [ 664240.586489191045985, 7180392.358922837302089 ], [ 664249.686464620521292, 7180379.958954518660903 ], [ 664257.156435978831723, 7180373.758939265273511 ], [ 664284.646490729064681, 7180356.358905017375946 ], [ 664299.356453109299764, 7180344.918896772898734 ], [ 664303.136482510482892, 7180340.628916911780834 ], [ 664304.766486247070134, 7180332.738899939693511 ], [ 664302.136479401495308, 7180326.13892319612205 ], [ 664291.396484893979505, 7180318.14893305208534 ], [ 664275.906428746297024, 7180313.148934834636748 ], [ 664259.676443854579702, 7180311.398937590420246 ], [ 664245.386462702881545, 7180313.758926356211305 ], [ 664238.376451411168091, 7180314.958940248936415 ], [ 664235.006454670685343, 7180311.018937472254038 ], [ 664230.536420046119019, 7180302.068923875689507 ], [ 664222.516457846621051, 7180293.498915955424309 ], [ 664216.476416306453757, 7180288.628920793533325 ], [ 664212.616429349640384, 7180285.408950033597648 ], [ 664208.366427518078126, 7180281.518935235217214 ], [ 664202.416412933263928, 7180277.038954801857471 ], [ 664196.516447296598926, 7180273.10890125669539 ], [ 664189.836452177958563, 7180269.228957740589976 ], [ 664181.446434621000662, 7180265.158951035700738 ], [ 664169.676411495893262, 7180261.928911031223834 ], [ 664167.246418177266605, 7180261.758928555995226 ], [ 664166.2863956221845, 7180260.028947837650776 ], [ 664165.70643915515393, 7180258.678910989314318 ], [ 664163.45643801568076, 7180255.758927781134844 ], [ 664156.266432900447398, 7180251.35890366602689 ], [ 664150.476391585310921, 7180247.308915985748172 ], [ 664148.7464100002544, 7180243.838944743387401 ], [ 664147.046396583784372, 7180239.868912332691252 ], [ 664139.496405752841383, 7180234.068924555554986 ], [ 664135.546391846612096, 7180230.478958602063358 ], [ 664129.916384955053218, 7180227.458939412608743 ], [ 664126.956422821618617, 7180225.158951619639993 ], [ 664119.896422523772344, 7180220.25892735272646 ], [ 664114.256405907915905, 7180217.458939960226417 ], [ 664109.766414010198787, 7180214.738908415660262 ], [ 664103.116387260146439, 7180211.358903985470533 ], [ 664097.526419581146911, 7180209.048906940966845 ], [ 664091.926381068769842, 7180206.588946482166648 ], [ 664085.316393626155332, 7180204.398944785818458 ], [ 664080.826402002712712, 7180203.068928243592381 ], [ 664077.416366689489223, 7180201.658955411985517 ], [ 664070.206403357326053, 7180198.698934108018875 ], [ 664061.576395879732445, 7180196.52895234618336 ], [ 664055.796364929177798, 7180195.498923925682902 ], [ 664046.436376839876175, 7180193.528954564593732 ], [ 664042.586400086060166, 7180192.508935533463955 ], [ 664037.896396104712039, 7180190.668909133411944 ], [ 664029.806366196135059, 7180185.478968003764749 ], [ 664022.956388149876148, 7180181.718958631157875 ], [ 664019.676357744145207, 7180180.268946702592075 ], [ 664013.196374716935679, 7180175.538966310210526 ], [ 664011.746361931785941, 7180174.448939463123679 ], [ 664010.046348908683285, 7180172.468958826735616 ], [ 664005.126363712013699, 7180167.128931584767997 ], [ 664000.176349338376895, 7180162.43892892729491 ], [ 663994.606339653255418, 7180157.548914136365056 ], [ 663987.72633204201702, 7180152.458948378451169 ], [ 663980.58637577900663, 7180148.098963325843215 ], [ 663968.536322775413282, 7180142.258937360718846 ], [ 663956.926333839073777, 7180138.8489656355232 ], [ 663949.66632191138342, 7180137.128934888169169 ], [ 663947.716370125184767, 7180136.48892046045512 ], [ 663943.556334428139962, 7180134.088957292959094 ], [ 663939.456357235787436, 7180131.148954912088811 ], [ 663935.096309188520536, 7180128.278959924355149 ], [ 663930.676324559841305, 7180125.178923387080431 ], [ 663926.98632072948385, 7180122.828947931528091 ], [ 663922.926321510924026, 7180119.568938136100769 ], [ 663913.776354718138464, 7180113.888945819810033 ], [ 663905.596298414166085, 7180111.148956499993801 ], [ 663901.496321533340961, 7180109.798920343630016 ], [ 663899.376325630000792, 7180108.508942405693233 ], [ 663895.976299878791906, 7180106.048920478671789 ], [ 663892.316325202235021, 7180102.928925290703773 ], [ 663887.146340161794797, 7180098.698944765143096 ], [ 663881.886328354128636, 7180095.018952190876007 ], [ 663876.016330927493982, 7180090.768952267244458 ], [ 663871.266328770201653, 7180085.858917777426541 ], [ 663869.346283295773901, 7180080.538970516994596 ], [ 663866.596281436271966, 7180074.588957341387868 ], [ 663862.176295541692525, 7180065.048916730098426 ], [ 663860.216333196964115, 7180060.398952557705343 ], [ 663855.256308018695563, 7180050.418909500353038 ], [ 663852.276325254235417, 7180042.548912974074483 ], [ 663849.446489472175017, 7180037.019126972183585 ], [ 663846.006667697802186, 7180028.999350225552917 ], [ 663832.919256944558583, 7180002.929338868707418 ], [ 663830.360294279525988, 7179992.437515422701836 ], [ 663834.786071625654586, 7179966.928719028830528 ], [ 663840.176085539045744, 7179956.30872016120702 ], [ 663840.126097170053981, 7179953.438724326901138 ], [ 663841.776060352916829, 7179950.338686594739556 ], [ 663842.106076749041677, 7179946.388734358362854 ], [ 663840.266048307297751, 7179940.668701533228159 ], [ 663838.086053652921692, 7179933.37872208841145 ], [ 663834.416068339371122, 7179925.838681837543845 ], [ 663831.176075997878797, 7179919.24871498439461 ], [ 663827.62608614959754, 7179913.328731272369623 ], [ 663828.306078450172208, 7179910.548701137304306 ], [ 663835.816088747000322, 7179903.668693036772311 ], [ 663844.876087409793399, 7179897.728687308728695 ], [ 663853.086048184894025, 7179886.428695040754974 ], [ 663857.126087004202418, 7179880.038677980192006 ], [ 663860.296069527161308, 7179874.018717336468399 ], [ 663862.226061914931051, 7179870.098672019317746 ], [ 663865.226061664987355, 7179864.998694552108645 ], [ 663868.586046335170977, 7179857.248691929504275 ], [ 663874.56608807912562, 7179850.848664719611406 ], [ 663880.736072277533822, 7179849.528655846603215 ], [ 663886.16606619162485, 7179848.898710771463811 ], [ 663886.876088326447643, 7179848.818693522363901 ], [ 663892.016043215990067, 7179848.758694937452674 ], [ 663896.596061454503797, 7179848.758694037795067 ], [ 663903.556085217627697, 7179848.988673196174204 ], [ 663914.976070776465349, 7179847.89870485290885 ], [ 663922.876096539548598, 7179844.68868051469326 ], [ 663934.806091050617397, 7179838.808671796694398 ], [ 663942.836058107553981, 7179822.448680723085999 ], [ 663946.09606642764993, 7179810.938667402602732 ], [ 663946.206050357897766, 7179803.578680166043341 ], [ 663944.486076203873381, 7179788.228639998473227 ], [ 663947.466055928729475, 7179780.648681438528001 ], [ 663949.906058883992955, 7179780.14868083037436 ], [ 663958.836053820559755, 7179780.268674222752452 ], [ 663964.136103717377409, 7179778.948665522038937 ], [ 663968.506099412683398, 7179776.318659113720059 ], [ 663971.32604578579776, 7179773.148674846626818 ], [ 663980.716059042839333, 7179754.118638886138797 ], [ 663984.366085469373502, 7179759.698656669817865 ], [ 663988.366086631314829, 7179760.508653646335006 ], [ 663992.186095258453861, 7179762.268663106486201 ], [ 664007.166079404996708, 7179761.87864541169256 ], [ 664014.806095147039741, 7179757.698650173842907 ], [ 664017.526066273450851, 7179756.388651750050485 ], [ 664029.626107426476665, 7179764.008646414615214 ], [ 664052.366103175096214, 7179763.068639258854091 ], [ 664062.116104540880769, 7179757.588594448752701 ], [ 664066.286087953019887, 7179754.838592931628227 ], [ 664069.15608334983699, 7179752.598601565696299 ], [ 664072.456071547465399, 7179750.458646760322154 ], [ 664079.366108212503605, 7179754.278592656366527 ], [ 664085.586081522516906, 7179759.608609871938825 ], [ 664096.136133261257783, 7179760.958644757047296 ], [ 664113.526090116123669, 7179755.288595953024924 ], [ 664117.736112833837979, 7179753.718587400391698 ], [ 664127.906097362749279, 7179748.988603733479977 ], [ 664134.396087357774377, 7179739.51862935628742 ], [ 664138.846099189366214, 7179731.948619239963591 ], [ 664140.426115126465447, 7179724.088570553809404 ], [ 664150.756133283372037, 7179716.358586094342172 ], [ 664153.516081717563793, 7179711.348574517294765 ], [ 664154.376127855153754, 7179708.988588399253786 ], [ 664160.446133980993181, 7179695.178586149588227 ], [ 664151.766074950457551, 7179679.208613116294146 ], [ 664145.686114246724173, 7179663.338554145768285 ], [ 664136.106093264999799, 7179655.758598061278462 ], [ 664131.296093940851279, 7179652.908561665564775 ], [ 664122.846078938920982, 7179649.468560018576682 ], [ 664115.316108755301684, 7179649.288568779826164 ], [ 664110.006109667941928, 7179648.278559803962708 ], [ 664099.606082504498772, 7179647.548581197857857 ], [ 664089.026063031051308, 7179648.898620244115591 ], [ 664084.176086504943669, 7179650.298584930598736 ], [ 664072.226070641772822, 7179646.928591314703226 ], [ 664066.696100487257354, 7179644.348574660718441 ], [ 664057.806082895258442, 7179640.708621877245605 ], [ 664053.236073989886791, 7179638.488590475171804 ], [ 664051.326038484694436, 7179634.17859220225364 ], [ 664049.216051800758578, 7179630.108584265224636 ], [ 664047.196091424208134, 7179623.118592659942806 ], [ 664045.466048696194775, 7179619.098572453483939 ], [ 664044.446089475415647, 7179616.718567168340087 ], [ 664042.066083089797758, 7179612.108581120148301 ], [ 664039.026042488985695, 7179608.158568511717021 ], [ 664037.38608807104174, 7179606.158568328246474 ], [ 664034.856057557743043, 7179603.198607140220702 ], [ 664028.616064746398479, 7179598.038572883233428 ], [ 664025.996068515814841, 7179595.718565488234162 ], [ 664019.296054012491368, 7179592.578612399287522 ], [ 664011.626068511395715, 7179589.168578866869211 ], [ 663991.846034036949277, 7179588.028567821718752 ], [ 663981.136071574757807, 7179593.908576298505068 ], [ 663976.816063725971617, 7179596.748604722321033 ], [ 663972.096030074870214, 7179593.028572972863913 ], [ 663969.386068223160692, 7179591.828622030094266 ], [ 663952.066054770839401, 7179582.728586515411735 ], [ 663949.996046712738462, 7179581.62861105799675 ], [ 663945.176038021221757, 7179580.818614241667092 ], [ 663940.016002438380383, 7179580.258617557585239 ], [ 663936.026011084439233, 7179579.638623068109155 ], [ 663934.786020189989358, 7179577.858593564480543 ], [ 663933.486031445558183, 7179574.678600341081619 ], [ 663931.916023010388017, 7179571.02857531234622 ], [ 663930.276007039705291, 7179566.398630617186427 ], [ 663927.626041727489792, 7179559.9386075315997 ], [ 663924.916017923271284, 7179554.078621231019497 ], [ 663922.596008957829326, 7179548.688605675473809 ], [ 663919.746031500631943, 7179542.798590099439025 ], [ 663918.87603572756052, 7179540.568609237670898 ], [ 663919.876035389490426, 7179537.578618051484227 ], [ 663921.765989393810742, 7179537.158573627471924 ], [ 663926.866027037147433, 7179535.868594272062182 ], [ 663930.085998364374973, 7179534.938600726425648 ], [ 663938.96600489760749, 7179532.028564065694809 ], [ 663943.60601991834119, 7179528.018613409250975 ], [ 663948.006045081303455, 7179526.228573026135564 ], [ 663949.705996515695006, 7179525.398616428487003 ], [ 663957.136051016394049, 7179519.958611150272191 ], [ 663962.00604632566683, 7179514.738577134907246 ], [ 663965.825992615893483, 7179509.878589802421629 ], [ 663968.955997323966585, 7179505.008592838421464 ], [ 663970.346011226298288, 7179499.448593600653112 ], [ 663970.34600944747217, 7179490.408552253618836 ], [ 663963.736019707517698, 7179476.508586661890149 ], [ 663958.876031497260556, 7179468.158548885956407 ], [ 663954.356009945739061, 7179463.638590136542916 ], [ 663952.965994400670752, 7179460.858560411259532 ], [ 663960.416006274521351, 7179449.678563443943858 ], [ 663967.186023501912132, 7179429.358549653552473 ], [ 663962.666000347118825, 7179416.68856443092227 ], [ 663954.825969705358148, 7179407.408534330315888 ], [ 663949.845986901666038, 7179401.878565652295947 ], [ 663944.68601171951741, 7179398.078577913343906 ], [ 663940.165990595123731, 7179395.728541588410735 ], [ 663934.965976583771408, 7179393.16854440420866 ], [ 663923.715972949168645, 7179388.998562653549016 ], [ 663914.525967951864004, 7179387.698576340451837 ], [ 663906.655970755498856, 7179387.128570418804884 ], [ 663894.765953165944666, 7179387.29855571128428 ], [ 663891.765952415764332, 7179387.298556301742792 ], [ 663887.735982110491022, 7179382.038545997813344 ], [ 663891.115986631484702, 7179375.898590169847012 ], [ 663894.325947442208417, 7179371.16854683868587 ], [ 663898.065998467383906, 7179365.16854458861053 ], [ 663901.696002859272994, 7179358.058556727133691 ], [ 663904.965960640925914, 7179350.268576089292765 ], [ 663907.095964594744146, 7179342.828571349382401 ], [ 663908.775956184137613, 7179335.168534904718399 ], [ 663909.455947625101544, 7179328.028518319129944 ], [ 663914.295973134459928, 7179315.028514083474874 ], [ 663920.386000671773218, 7179310.748543542809784 ], [ 663922.295974012464285, 7179309.3185501312837 ], [ 663923.925979065243155, 7179308.108527531847358 ], [ 663927.285964740323834, 7179305.478521324694157 ], [ 663932.825942983967252, 7179299.538516293279827 ], [ 663936.785964478738606, 7179292.078552693128586 ], [ 663941.275952749885619, 7179276.388545406982303 ], [ 663933.965950497309677, 7179261.818535840138793 ], [ 663929.185979912639596, 7179256.078545097261667 ], [ 663924.585941408178769, 7179252.348503556102514 ], [ 663919.775942072388716, 7179249.428520854562521 ], [ 663914.485962234437466, 7179246.948540800251067 ], [ 663911.375975872389972, 7179245.758538670837879 ], [ 663904.255978215369396, 7179241.898553743958473 ], [ 663902.265925450716168, 7179236.818535762839019 ], [ 663903.95592729432974, 7179231.638541446998715 ], [ 663917.555967670632526, 7179233.448536789044738 ], [ 663930.505983003880829, 7179232.878526773303747 ], [ 663940.125979733653367, 7179228.848494566977024 ], [ 663947.515934245311655, 7179224.028484572656453 ], [ 663949.885990549693815, 7179221.78849330637604 ], [ 663954.155948982574046, 7179216.038491014391184 ], [ 663961.595953927957453, 7179219.318519676104188 ], [ 663966.14594348508399, 7179222.498512258753181 ], [ 663970.715952511527576, 7179225.348487665876746 ], [ 663972.985972870141268, 7179226.668494876474142 ], [ 663977.3959476306336, 7179229.278480019420385 ], [ 663981.095961286104284, 7179231.938514141365886 ], [ 663988.605973714729771, 7179235.928503906354308 ], [ 663997.675983718130738, 7179238.028478238731623 ], [ 664003.055990005144849, 7179238.328526083379984 ], [ 664006.27596154937055, 7179238.508518170565367 ], [ 664011.585960452095605, 7179238.598482969217002 ], [ 664015.6360102170147, 7179238.208528460003436 ], [ 664018.245996171957813, 7179237.958527883514762 ], [ 664023.136011896305718, 7179237.218475464731455 ], [ 664030.735989104257897, 7179235.798490701243281 ], [ 664047.795989083708264, 7179226.438499628566206 ], [ 664054.615993882296607, 7179204.938492858782411 ], [ 664051.626000206684694, 7179191.258497318252921 ], [ 664048.525961408857256, 7179184.138501013629138 ], [ 664046.225971479900181, 7179176.198497021570802 ], [ 664045.405963073833846, 7179171.748483852483332 ], [ 664044.425981565727852, 7179167.708504999056458 ], [ 664043.386002623243257, 7179164.378487272188067 ], [ 664042.125991760054603, 7179160.408454780466855 ], [ 664040.895949377329089, 7179157.508490912616253 ], [ 664038.405957243405282, 7179151.008489762432873 ], [ 664034.785960323177278, 7179146.448491765186191 ], [ 664032.015939261531457, 7179142.188481469638646 ], [ 664027.265937227522954, 7179137.878483757376671 ], [ 664020.315983077627607, 7179131.578495743684471 ], [ 664012.075929270824417, 7179129.138494307175279 ], [ 664005.725951398606412, 7179125.588445832952857 ], [ 664004.615965272416361, 7179123.058477151207626 ], [ 664004.735959795420058, 7179119.88849341776222 ], [ 664004.825922979740426, 7179106.378480225801468 ], [ 663996.105947874719277, 7179095.078491296619177 ], [ 663989.605944799724966, 7179087.708495600149035 ], [ 663981.495956741971895, 7179084.248474350199103 ], [ 663977.825911505729891, 7179082.348450178280473 ], [ 663970.405926363426261, 7179080.418458475731313 ], [ 663961.675943528534845, 7179079.478457514196634 ], [ 663955.055946922395378, 7179080.318485883995891 ], [ 663949.915931165916845, 7179081.20850176922977 ], [ 663947.205908781616017, 7179082.558478228747845 ], [ 663943.12595228466671, 7179085.498482214286923 ], [ 663933.415929343318567, 7179092.898510404862463 ], [ 663935.585911364527419, 7179085.628488612361252 ], [ 663942.375950269168243, 7179076.198492221534252 ], [ 663942.465913142077625, 7179061.098451774567366 ], [ 663939.335905436775647, 7179050.728454658761621 ], [ 663937.675929962191731, 7179040.988462291657925 ], [ 663936.145898103481159, 7179029.908442709594965 ], [ 663935.935935054440051, 7179019.438469406217337 ], [ 663937.465901980642229, 7179010.708486435003579 ], [ 663937.62593246891629, 7178991.73844988271594 ], [ 663937.455886309035122, 7178980.698469104245305 ], [ 663936.965893860324286, 7178970.058451868593693 ], [ 663935.545909666107036, 7178965.32847048714757 ], [ 663935.155894110910594, 7178961.218423140235245 ], [ 663925.815925066126511, 7178956.678445804864168 ], [ 663925.395879412884824, 7178948.528419418260455 ], [ 663925.735902597894892, 7178929.438448719680309 ], [ 663919.805904837674461, 7178911.10842817556113 ], [ 663926.595881556044333, 7178895.838403459638357 ], [ 663925.905874595278874, 7178873.738422440364957 ], [ 663937.115898883901536, 7178871.288407409563661 ], [ 663949.965878626448102, 7178876.118423189036548 ], [ 663954.435911425389349, 7178875.838392943143845 ], [ 663961.665893954108469, 7178877.138440676033497 ], [ 663968.645876550348476, 7178879.098400734364986 ], [ 663974.485905117122456, 7178880.38843897357583 ], [ 663980.37592150515411, 7178881.758433275856078 ], [ 663989.355904488242231, 7178883.148446508683264 ], [ 664002.605907692108303, 7178882.628424239344895 ], [ 664012.775893134763464, 7178882.598392933607101 ], [ 664016.075881723780185, 7178882.458438635803759 ], [ 664024.745928079239093, 7178883.708437245339155 ], [ 664031.025897861458361, 7178883.468384677544236 ], [ 664037.42592367879115, 7178882.478392934426665 ], [ 664046.795920473290607, 7178879.128414660692215 ], [ 664057.43593604140915, 7178870.308403017930686 ], [ 664061.13594808918424, 7178864.80840090289712 ], [ 664063.255942459451035, 7178858.328418384306133 ], [ 664064.615926144761033, 7178848.138413108885288 ], [ 664062.985918496618979, 7178836.158368906006217 ], [ 664056.925917420303449, 7178825.968365089967847 ], [ 664051.325878331437707, 7178820.528362380340695 ], [ 664046.725900963298045, 7178817.308391771279275 ], [ 664040.865913450950757, 7178813.758404237218201 ], [ 664036.615911935223266, 7178811.438397164456546 ], [ 664031.555912702926435, 7178809.348370779305696 ], [ 664025.565920685650781, 7178807.888410652056336 ], [ 664018.145874785375781, 7178807.358382683247328 ], [ 664010.205870572593994, 7178808.418382070958614 ], [ 664006.885923548368737, 7178808.898424349725246 ], [ 664000.195919696590863, 7178810.208423553034663 ], [ 663995.735896549420431, 7178809.898426795378327 ], [ 663993.635919980471954, 7178807.558399762958288 ], [ 663988.805900494800881, 7178801.508411397226155 ], [ 663980.555897027021274, 7178794.348377035930753 ], [ 663971.63591089239344, 7178789.268421456217766 ], [ 663958.605876921443269, 7178782.03838069550693 ], [ 663951.695900480030105, 7178774.028370270505548 ], [ 663951.075843318947591, 7178769.688403478823602 ], [ 663951.895849301712587, 7178761.828415987081826 ], [ 663952.515843760222197, 7178757.69840994104743 ], [ 663957.475866116466932, 7178753.358381016179919 ], [ 663973.895854115136899, 7178758.40836685243994 ], [ 663984.425886302487925, 7178759.748391971923411 ], [ 663990.165877972613089, 7178759.768410379998386 ], [ 663992.685898172203451, 7178759.968361105769873 ], [ 663997.455858034314588, 7178760.868384807370603 ], [ 664005.365894364193082, 7178761.768407892435789 ], [ 664012.80589869513642, 7178761.938389379531145 ], [ 664018.30590002425015, 7178761.728366273455322 ], [ 664025.195916382828727, 7178761.678377111442387 ], [ 664034.155879294499755, 7178760.358367692679167 ], [ 664047.425901268376037, 7178755.948390824720263 ], [ 664055.565916536841542, 7178748.788353239186108 ], [ 664059.585873382166028, 7178735.308368583209813 ], [ 664055.895866750273854, 7178718.698379775509238 ], [ 664050.745900715468451, 7178711.728347295895219 ], [ 664045.205859297187999, 7178706.778334932401776 ], [ 664036.705856004846282, 7178700.818374168127775 ], [ 664025.845866947202012, 7178695.748367703519762 ], [ 664017.225868996232748, 7178692.26838805526495 ], [ 664009.805883659864776, 7178689.338335066102445 ], [ 664005.325840710196644, 7178687.668352617882192 ], [ 663991.355865165707655, 7178680.768390249460936 ], [ 663983.785853976150975, 7178670.718340381979942 ], [ 663977.245873431442305, 7178666.208391801454127 ], [ 663972.325827583204955, 7178662.768389461562037 ], [ 663967.285847818246111, 7178660.318377629853785 ], [ 663960.515825799899176, 7178656.258380381390452 ], [ 663955.065872129867785, 7178650.468340933322906 ], [ 663952.695875334087759, 7178644.938371745869517 ], [ 663951.905834675999358, 7178637.828384758904576 ], [ 663954.275828520767391, 7178628.358350170776248 ], [ 663960.985850807046518, 7178621.44837396685034 ], [ 663976.485854335012846, 7178619.748358281329274 ], [ 663979.495864903903566, 7178620.018377289175987 ], [ 663983.615861263126135, 7178621.108342573046684 ], [ 663988.685870280722156, 7178623.288334799930453 ], [ 663995.645833383547142, 7178625.478336423635483 ], [ 664002.035849996493198, 7178627.368350291624665 ], [ 664010.765833038603887, 7178629.388368612155318 ], [ 664016.975856612669304, 7178629.658325953409076 ], [ 664021.655850452487357, 7178629.648376300930977 ], [ 664034.525848757708445, 7178629.548337120562792 ], [ 664043.015840703272261, 7178627.488337373360991 ], [ 664052.955843343050219, 7178615.908315410837531 ], [ 664054.785857247537933, 7178597.408310394734144 ], [ 664051.475857210578397, 7178589.008345552720129 ], [ 664046.675866454723291, 7178580.038312502205372 ], [ 664038.615865069208667, 7178570.788311760872602 ], [ 664034.585834786528721, 7178570.888349199667573 ], [ 664031.355850841966458, 7178557.318339097313583 ], [ 664024.745861554052681, 7178545.688332588411868 ], [ 664014.915840533794835, 7178538.158303331583738 ], [ 664003.205814822809771, 7178533.988321676850319 ], [ 663994.975832354975864, 7178534.248333126306534 ], [ 663989.065857832320035, 7178534.728314879350364 ], [ 663980.565856318455189, 7178537.798324648290873 ], [ 663976.385862510418519, 7178537.338303382508457 ], [ 663973.365841632708907, 7178534.318344720639288 ], [ 663965.505853023380041, 7178527.708359251730144 ], [ 663958.145804174127989, 7178524.518357457593083 ], [ 663949.925830721156672, 7178520.948350850492716 ], [ 663944.025804214994423, 7178517.788317035883665 ], [ 663934.705794641864486, 7178518.158314080908895 ], [ 663927.595807704608887, 7178519.09831815585494 ], [ 663922.845806778175756, 7178520.408316979184747 ], [ 663917.885844926000573, 7178522.038323247805238 ], [ 663914.485819963971153, 7178523.558343831449747 ], [ 663907.235817367793061, 7178519.538324712775648 ], [ 663910.145790775190108, 7178517.188347963616252 ], [ 663913.175820352626033, 7178514.778312580659986 ], [ 663917.805825554067269, 7178510.538320370018482 ], [ 663921.545816085999832, 7178507.308338353410363 ], [ 663924.305826096213423, 7178505.058337244205177 ], [ 663927.595804530195892, 7178502.958360482938588 ], [ 663932.195841716602445, 7178500.008346628397703 ], [ 663936.18583241396118, 7178497.308332957327366 ], [ 663940.235820741858333, 7178494.898358410224319 ], [ 663945.315838509006426, 7178491.908305388875306 ], [ 663950.125836838968098, 7178489.738320986740291 ], [ 663971.535811978625134, 7178472.778290536254644 ], [ 664005.785816186689772, 7178450.808307567611337 ], [ 664009.985828864620999, 7178447.888323096558452 ], [ 664021.055836765095592, 7178436.808301041834056 ], [ 664022.475817522965372, 7178424.078317092731595 ], [ 664023.445847200928256, 7178412.378301752731204 ], [ 664020.725811467156745, 7178395.518312696367502 ], [ 664023.795817574253306, 7178385.448302235454321 ], [ 664023.445839464664459, 7178373.068294308148324 ], [ 664021.735815183026716, 7178363.498284913599491 ], [ 664019.94583560526371, 7178357.888298504054546 ], [ 664017.815828142338432, 7178347.468252359889448 ], [ 664012.04580503096804, 7178336.578297143802047 ], [ 664005.545802428037859, 7178331.578297166153789 ], [ 663992.075766154099256, 7178325.558278772979975 ], [ 663980.745806627557613, 7178322.248282611370087 ], [ 663972.295792298391461, 7178322.148308662697673 ], [ 663967.485793153755367, 7178320.168267607688904 ], [ 663964.535779839497991, 7178318.278253065422177 ], [ 663960.865795630030334, 7178316.318292357027531 ], [ 663958.295787368901074, 7178314.808282716199756 ], [ 663955.105782884289511, 7178308.458306162618101 ], [ 663960.575753541314043, 7178301.29826910700649 ], [ 663964.605782281141728, 7178293.368273644708097 ], [ 663970.715766650973819, 7178280.658247275277972 ], [ 663972.395758782629855, 7178275.768292103894055 ], [ 663977.275763279176317, 7178267.628274448215961 ], [ 663982.265753463492729, 7178261.068274261429906 ], [ 663986.785773142473772, 7178256.098240384832025 ], [ 663993.565802282537334, 7178246.738251347094774 ], [ 663995.275762182660401, 7178239.298246699385345 ], [ 663995.71576344082132, 7178232.728237637318671 ], [ 663995.9057652563788, 7178229.308253830298781 ], [ 663995.635805319761857, 7178222.328271661885083 ], [ 664003.115786666399799, 7178217.328268933109939 ], [ 664010.795780202257447, 7178211.998248992487788 ], [ 664017.215763533022255, 7178206.018265759572387 ], [ 664022.555790729937144, 7178201.008253683336079 ], [ 664027.695805527502671, 7178195.25825122743845 ], [ 664032.215763959684409, 7178189.228219526819885 ], [ 664039.885810334701091, 7178191.87824309617281 ], [ 664053.475781453074887, 7178201.618233102373779 ], [ 664057.185805739252828, 7178208.688241471536458 ], [ 664058.915787218371406, 7178211.628244312480092 ], [ 664062.225786706083454, 7178217.248240189626813 ], [ 664061.515766025520861, 7178224.708264175802469 ], [ 664056.445819896529429, 7178231.928237690590322 ], [ 664050.525777288945392, 7178246.208271741867065 ], [ 664051.185814504744485, 7178260.798241097480059 ], [ 664056.195827846066095, 7178272.628260174766183 ], [ 664061.705779258627445, 7178279.2882339078933 ], [ 664070.995822438271716, 7178288.458278330042958 ], [ 664077.345801512128673, 7178298.148281955160201 ], [ 664089.63584610959515, 7178310.728238752111793 ], [ 664099.425827298196964, 7178314.408230423927307 ], [ 664110.015796189545654, 7178316.618250868283212 ], [ 664122.085806097835302, 7178314.488243073225021 ], [ 664129.485831698402762, 7178311.158223688602448 ], [ 664137.885857234476134, 7178306.238237887620926 ], [ 664151.09581997024361, 7178298.678235827945173 ], [ 664158.165828922414221, 7178298.008251355960965 ], [ 664165.455808342434466, 7178295.868234733119607 ], [ 664169.225828455295414, 7178294.058235978707671 ], [ 664175.395812313305214, 7178291.078253544867039 ], [ 664180.20581008924637, 7178286.098209841176867 ], [ 664183.315856643137522, 7178283.028201133944094 ], [ 664185.505859246361069, 7178281.078249039128423 ], [ 664190.705810589715838, 7178275.378234375268221 ], [ 664197.01580790663138, 7178266.188228381797671 ], [ 664205.745852317893878, 7178269.918208068236709 ], [ 664212.945867254282348, 7178274.678217611275613 ], [ 664218.935859619872645, 7178277.928217247128487 ], [ 664223.285836733411998, 7178280.188226724974811 ], [ 664228.555858176434413, 7178283.238214245066047 ], [ 664235.44587513548322, 7178286.258233176544309 ], [ 664241.075820837751962, 7178288.558220439590514 ], [ 664247.695879142265767, 7178291.118217336013913 ], [ 664255.615864448365755, 7178293.278189463540912 ], [ 664262.375876150559634, 7178294.568227518349886 ], [ 664269.985863640438765, 7178295.808216562494636 ], [ 664276.70583691901993, 7178300.388233480043709 ], [ 664277.915859652450308, 7178302.71818988211453 ], [ 664279.545865621301346, 7178306.168202633969486 ], [ 664282.755889454158023, 7178311.558218005113304 ], [ 664291.415866639348678, 7178321.118216259405017 ], [ 664297.545873876428232, 7178325.328238083049655 ], [ 664303.565895555540919, 7178328.618215749040246 ], [ 664312.17588356428314, 7178331.228200059384108 ], [ 664319.975873439456336, 7178331.938220672309399 ], [ 664324.425888007506728, 7178338.298206746578217 ], [ 664327.155870824237354, 7178346.758230306208134 ], [ 664329.815906873205677, 7178352.87822643853724 ], [ 664333.015860714716837, 7178362.378228195942938 ], [ 664323.575858894386329, 7178377.448241170495749 ], [ 664319.635917388601229, 7178381.918213774450123 ], [ 664312.735893303528428, 7178392.298222627490759 ], [ 664309.495904965559021, 7178406.008248685859144 ], [ 664309.505917337490246, 7178419.218212943524122 ], [ 664307.565915799117647, 7178426.248244390822947 ], [ 664305.425901379203424, 7178430.108231134712696 ], [ 664302.71587978489697, 7178435.448259866796434 ], [ 664299.615904612117447, 7178441.468220489099622 ], [ 664295.845886064809747, 7178451.218223685398698 ], [ 664293.935914410511032, 7178461.188258307054639 ], [ 664292.145875930553302, 7178466.408230676315725 ], [ 664289.415896110935137, 7178473.148284178227186 ], [ 664286.365909394924529, 7178482.468233413994312 ], [ 664286.035893110674806, 7178486.968234611675143 ], [ 664287.165898874984123, 7178490.018283983692527 ], [ 664290.435919451760128, 7178491.188266543671489 ], [ 664314.965895819826983, 7178501.3082593716681 ], [ 664329.70588914421387, 7178498.358243513852358 ], [ 664345.375935579184443, 7178491.188255711458623 ], [ 664353.705892908503301, 7178487.12825548928231 ], [ 664368.005944069474936, 7178480.898270633071661 ], [ 664380.325892735621892, 7178477.388257555663586 ], [ 664389.915921601001173, 7178475.468211233615875 ], [ 664399.70590179017745, 7178474.068245572969317 ], [ 664404.98593258310575, 7178474.988227671012282 ], [ 664409.645907731493935, 7178479.258247358724475 ], [ 664418.175940279732458, 7178484.968208049423993 ], [ 664425.15592335711699, 7178489.378241961821914 ], [ 664431.525920418091118, 7178491.18823871947825 ], [ 664449.905930241686292, 7178493.028201376087964 ], [ 664455.705920239444822, 7178496.878237820230424 ], [ 664462.015919924713671, 7178499.688234841451049 ], [ 664468.205924281384796, 7178501.578248742967844 ], [ 664470.34594005276449, 7178504.568239308893681 ], [ 664472.085932484362274, 7178513.508243654854596 ], [ 664472.955929136718623, 7178520.188237840309739 ], [ 664474.825926441699266, 7178528.908210367895663 ], [ 664478.615968369878829, 7178538.648263339884579 ], [ 664482.925968373427168, 7178545.588205642066896 ], [ 664486.735968044726178, 7178551.488230789080262 ], [ 664492.805978365708143, 7178559.008251015096903 ], [ 664500.805981706595048, 7178565.838207209482789 ], [ 664509.185989694437012, 7178570.98823126591742 ], [ 664514.685991673613898, 7178574.078257814049721 ], [ 664520.265950461151078, 7178580.868236446753144 ], [ 664525.915977365104482, 7178586.348217179998755 ], [ 664533.626002632314339, 7178593.308239381760359 ], [ 664537.035977456253022, 7178597.508251973427832 ], [ 664542.045989679172635, 7178603.638257410377264 ], [ 664547.595979981357232, 7178609.338208921253681 ], [ 664554.205968081136234, 7178614.908216342329979 ], [ 664561.446022113319486, 7178619.758252754807472 ], [ 664570.376018196577206, 7178625.748242734000087 ], [ 664577.975997214321978, 7178633.528211452998221 ], [ 664582.506028824253008, 7178639.528212069533765 ], [ 664585.655993979889899, 7178644.548232241533697 ], [ 664595.455986495246179, 7178656.088211238384247 ], [ 664599.4060005400097, 7178660.408218871802092 ], [ 664601.686031078803353, 7178663.818253459408879 ], [ 664604.54601811489556, 7178668.738237043842673 ], [ 664610.436035725288093, 7178676.298235340975225 ], [ 664616.126040602335706, 7178681.448259929195046 ], [ 664617.816043725353666, 7178682.768267251551151 ], [ 664624.036017380654812, 7178689.858233628794551 ], [ 664627.246041582431644, 7178697.098225052468479 ], [ 664631.396008032606915, 7178707.398275654762983 ], [ 664635.196060263435356, 7178719.828270710073411 ], [ 664642.22603165905457, 7178726.818261316046119 ], [ 664652.516012037172914, 7178725.728232153691351 ], [ 664673.41603844508063, 7178709.438245894387364 ], [ 664678.936058360617608, 7178704.418224007822573 ], [ 664682.776024218765087, 7178699.768258700147271 ], [ 664686.356040954007767, 7178693.448249076493084 ], [ 664688.576010718243197, 7178685.898258943110704 ], [ 664689.406025818781927, 7178674.788209594786167 ], [ 664689.196062355767936, 7178662.268247988075018 ], [ 664689.116043783375062, 7178654.86822172626853 ], [ 664688.626051657833159, 7178645.91820736322552 ], [ 664686.956005847314373, 7178638.578240025788546 ], [ 664686.986034621950239, 7178635.908195402473211 ], [ 664691.216015890124254, 7178634.608206445351243 ], [ 664696.296033968217671, 7178633.208241710439324 ], [ 664701.916030147112906, 7178631.488208428956568 ], [ 664707.526016547926702, 7178629.718187343329191 ], [ 664712.0360271303216, 7178628.168198268860579 ], [ 664721.85603644233197, 7178625.838178651407361 ], [ 664731.866048066411167, 7178622.618205159902573 ], [ 664744.256064212298952, 7178614.568212890066206 ], [ 664749.386069261934608, 7178608.948215344920754 ], [ 664751.116049007629044, 7178603.108186677098274 ], [ 664753.046039811219089, 7178591.208219921216369 ], [ 664749.056047834688798, 7178587.418180693872273 ], [ 664745.326004442293197, 7178582.568204625509679 ], [ 664742.586012558313087, 7178577.678189287893474 ], [ 664739.696056921849959, 7178571.088161343708634 ], [ 664737.91602607560344, 7178565.488184701651335 ], [ 664736.956002351362258, 7178557.838158551603556 ], [ 664736.446051884209737, 7178549.69820298999548 ], [ 664735.996038330486044, 7178543.448201507329941 ], [ 664726.76599441934377, 7178542.908164132386446 ], [ 664707.636047358857468, 7178550.768216278403997 ], [ 664699.926023840205744, 7178552.668181659653783 ], [ 664695.246030235430226, 7178553.868195093236864 ], [ 664690.656002404401079, 7178554.718171799555421 ], [ 664684.286005950067192, 7178555.978183140978217 ], [ 664678.69603904208634, 7178557.528172427788377 ], [ 664664.916006907820702, 7178560.548195443116128 ], [ 664660.386037678923458, 7178561.368203868158162 ], [ 664654.965992557816207, 7178562.248210042715073 ], [ 664645.725999487331137, 7178559.548198983073235 ], [ 664640.845992563874461, 7178555.378215987235308 ], [ 664639.676008493872359, 7178550.978190695866942 ], [ 664638.886028848704882, 7178543.788186602294445 ], [ 664635.82596714864485, 7178531.918189102783799 ], [ 664629.015965692116879, 7178520.778172995895147 ], [ 664623.205965347937308, 7178514.008213944733143 ], [ 664617.285979764536023, 7178507.938206262886524 ], [ 664615.965970788151026, 7178501.238192630931735 ], [ 664622.855986150447279, 7178496.168182669207454 ], [ 664626.045989062171429, 7178494.518218245357275 ], [ 664631.075958211091347, 7178492.668180165812373 ], [ 664640.715974326012656, 7178487.93819660320878 ], [ 664647.86599860759452, 7178478.248190309852362 ], [ 664649.965973803540692, 7178473.62819361500442 ], [ 664652.165984105318785, 7178461.208207148127258 ], [ 664652.585966122918762, 7178456.168166734278202 ], [ 664652.585965173551813, 7178451.358167965896428 ], [ 664651.865993706509471, 7178448.398206426762044 ], [ 664649.425988847971894, 7178439.238170424476266 ], [ 664640.335958402836695, 7178432.528148559853435 ], [ 664633.115984852775, 7178427.218151092529297 ], [ 664624.595961934770457, 7178420.818187788128853 ], [ 664620.075939802220091, 7178413.348155062645674 ], [ 664617.355966939707287, 7178405.838143946602941 ], [ 664616.555978236021474, 7178402.238167612813413 ], [ 664604.285954775754362, 7178397.80817624554038 ], [ 664597.66595739335753, 7178394.68818165268749 ], [ 664592.675965374102816, 7178391.948191713541746 ], [ 664582.085935594746843, 7178390.488171465694904 ], [ 664572.305964866303839, 7178390.328200212679803 ], [ 664563.425958455656655, 7178393.788163773715496 ], [ 664550.295951772714034, 7178401.228170678019524 ], [ 664545.765922120423056, 7178405.138206735253334 ], [ 664541.915945828077383, 7178406.418176079168916 ], [ 664520.735947906505316, 7178406.558194944635034 ], [ 664513.95591647841502, 7178404.318205485120416 ], [ 664505.415936093661003, 7178403.148223966360092 ], [ 664500.58591741300188, 7178401.178192686289549 ], [ 664490.895912093459629, 7178398.818208653479815 ], [ 664482.60593185480684, 7178398.078219868242741 ], [ 664479.335911371395923, 7178397.378208133392036 ], [ 664476.855929838959128, 7178395.118198286741972 ], [ 664474.37594759115018, 7178389.22818264644593 ], [ 664472.825896358466707, 7178378.998199910856783 ], [ 664475.615934706991538, 7178371.868192685768008 ], [ 664479.955900568515062, 7178366.598170973360538 ], [ 664484.705900950357318, 7178362.538171457126737 ], [ 664496.735931196482852, 7178352.17818112578243 ], [ 664506.395904893055558, 7178342.788162209093571 ], [ 664514.305939969373867, 7178337.358166607096791 ], [ 664523.875948579516262, 7178331.798165761865675 ], [ 664530.745944710448384, 7178328.278143989853561 ], [ 664538.645909113110974, 7178323.508182736113667 ], [ 664545.7959340068046, 7178316.928162579424679 ], [ 664550.915929358336143, 7178311.648191980086267 ], [ 664554.015904975123703, 7178307.89819042570889 ], [ 664559.92593910661526, 7178300.208184883929789 ], [ 664561.725925546023063, 7178291.088126084767282 ], [ 664562.855929594603367, 7178285.438161062076688 ], [ 664562.835907051339746, 7178270.208176769316196 ], [ 664556.955899441614747, 7178263.808151908218861 ], [ 664553.995936780702323, 7178258.808151235803962 ], [ 664545.855918274610303, 7178249.528121214359999 ], [ 664534.775897669605911, 7178245.688156617805362 ], [ 664521.965897057554685, 7178246.368151992559433 ], [ 664508.005933439009823, 7178250.378165521658957 ], [ 664498.725902809528634, 7178255.318171036429703 ], [ 664491.075877545052208, 7178260.658139707520604 ], [ 664488.575877543771639, 7178263.80816540773958 ], [ 664485.865916339098476, 7178265.868164018727839 ], [ 664483.555918329511769, 7178266.498169515281916 ], [ 664479.355905286967754, 7178267.558168169111013 ], [ 664475.235909320414066, 7178268.448183854110539 ], [ 664470.375922898994759, 7178269.158145928755403 ], [ 664460.965886734193191, 7178270.958197066560388 ], [ 664454.635929650510661, 7178273.728157509118319 ], [ 664449.965885027777404, 7178276.188181021250784 ], [ 664438.565919862710871, 7178281.508191931992769 ], [ 664429.095885351416655, 7178279.398207917809486 ], [ 664425.935909864492714, 7178271.50819191057235 ], [ 664427.715876834583469, 7178262.718150287866592 ], [ 664433.175899246009067, 7178258.058174894191325 ], [ 664443.405880038044415, 7178246.798160281032324 ], [ 664446.835870534181595, 7178231.428160624578595 ], [ 664447.055901121580973, 7178225.318173695355654 ], [ 664449.035879895091057, 7178214.228143664076924 ], [ 664445.715870018233545, 7178205.478142119012773 ], [ 664443.145860444288701, 7178197.318167432211339 ], [ 664429.925883845658973, 7178184.09813498146832 ], [ 664416.405860503436998, 7178181.828178582713008 ], [ 664408.265843601431698, 7178180.668145716190338 ], [ 664401.215854295296595, 7178181.888179153203964 ], [ 664395.925874753156677, 7178180.878170177340508 ], [ 664392.275848675984889, 7178177.048152844421566 ], [ 664387.465849298750982, 7178173.898189623840153 ], [ 664395.895841202000156, 7178159.348135478794575 ], [ 664398.265836228849366, 7178155.908131705597043 ], [ 664409.215848064282909, 7178140.218123162165284 ], [ 664415.665859998203814, 7178130.698161002248526 ], [ 664420.775845204945654, 7178123.528114249929786 ], [ 664427.015834500780329, 7178110.908114731311798 ], [ 664428.445887832785957, 7178107.188142813742161 ], [ 664438.6758679789491, 7178092.658107847906649 ], [ 664446.445887036854401, 7178080.468100814148784 ], [ 664445.135887413518503, 7178071.658101301640272 ], [ 664439.095844550640322, 7178060.008136190474033 ], [ 664433.205826599965803, 7178050.688127687200904 ], [ 664423.565869037644006, 7178042.818132498301566 ], [ 664418.495859922026284, 7178040.128130380064249 ], [ 664415.01581722823903, 7178038.478106238879263 ], [ 664406.775824162876233, 7178034.508136165328324 ], [ 664399.075809603556991, 7178032.288105389103293 ], [ 664387.725831120507792, 7178031.89815391600132 ], [ 664380.675841743941419, 7178032.758140873163939 ], [ 664374.015806230949238, 7178034.388147478923202 ], [ 664364.515804729075171, 7178038.748135799542069 ], [ 664355.405817803810351, 7178042.248138474300504 ], [ 664344.205803094198927, 7178043.678133718669415 ], [ 664331.535817152936943, 7178044.278111953288317 ], [ 664322.235827274038456, 7178045.418128721415997 ], [ 664311.175827563740313, 7178048.448160959407687 ], [ 664299.11582770338282, 7178051.978132484480739 ], [ 664294.025799874216318, 7178053.458175363950431 ], [ 664287.055827907403, 7178055.838121183216572 ], [ 664279.565836436115205, 7178059.008167400956154 ], [ 664273.275796488160267, 7178062.448171945288777 ], [ 664267.585793310194276, 7178065.888176372274756 ], [ 664260.44583881017752, 7178070.38817890919745 ], [ 664255.845801325049251, 7178071.808163082227111 ], [ 664244.475802577333525, 7178067.728147209621966 ], [ 664234.875823651556857, 7178062.898191833868623 ], [ 664228.715787059161812, 7178058.41815041936934 ], [ 664229.31582211854402, 7178049.738155446946621 ], [ 664229.305810170713812, 7178038.678155113011599 ], [ 664229.995810769032687, 7178028.458181709051132 ], [ 664229.995809372514486, 7178021.36815307289362 ], [ 664229.745807035360485, 7178009.818162431940436 ], [ 664226.375809613149613, 7178002.36814901791513 ], [ 664229.645766299683601, 7177989.068157242611051 ], [ 664232.285780053585768, 7177981.198159629479051 ], [ 664233.805798681918532, 7177974.708167467266321 ], [ 664236.735791409621015, 7177971.278112319298089 ], [ 664242.115796491503716, 7177965.498141546733677 ], [ 664247.9358032803284, 7177955.448150085285306 ], [ 664250.815807255334221, 7177947.208157214336097 ], [ 664254.555795900407247, 7177934.428123974241316 ], [ 664257.745797749608755, 7177927.408102054148912 ], [ 664260.105781585094519, 7177916.738116001710296 ], [ 664260.245795173570514, 7177911.188126788474619 ], [ 664263.555792196188122, 7177904.298109759576619 ], [ 664267.655768354306929, 7177902.028088849037886 ], [ 664275.985787195619196, 7177900.418101452291012 ], [ 664282.695810972014442, 7177901.118112512864172 ], [ 664292.215772286173888, 7177903.418099006637931 ], [ 664299.115799228078686, 7177907.548103565350175 ], [ 664305.565813791239634, 7177911.368110574781895 ], [ 664311.035786421271041, 7177914.248115101829171 ], [ 664324.635827681631781, 7177920.648138439282775 ], [ 664340.35580303997267, 7177924.448124087415636 ], [ 664358.165805646101944, 7177927.608094512484968 ], [ 664367.435827691107988, 7177928.678100276738405 ], [ 664396.795820091851056, 7177927.438103940337896 ], [ 664413.665818226523697, 7177921.488086912781 ], [ 664423.405810083379038, 7177917.448105949908495 ], [ 664433.835804368602112, 7177912.478070905432105 ], [ 664445.385854901978746, 7177906.578103768639266 ], [ 664453.725821531843394, 7177900.178076102398336 ], [ 664462.555838414235041, 7177888.01809816621244 ], [ 664465.005849418230355, 7177878.838041667826474 ], [ 664465.275806367397308, 7177870.658046887256205 ], [ 664464.295824392233044, 7177864.258082096464932 ], [ 664461.615829306771047, 7177855.418053554370999 ], [ 664460.025801349547692, 7177851.838035879656672 ], [ 664454.726602872600779, 7177837.523885386995971 ], [ 664450.549231239012443, 7177825.200457827188075 ], [ 664446.315829552710056, 7177814.05806084908545 ], [ 664443.205781740136445, 7177810.748063074424863 ], [ 664434.875822241418064, 7177803.778031231835485 ], [ 664422.125817523221485, 7177795.908036656677723 ], [ 664406.745806598104537, 7177784.628068599849939 ], [ 664395.38581697572954, 7177777.278032378293574 ], [ 664378.645758586237207, 7177762.248063650913537 ], [ 664350.575740983127616, 7177745.458086950704455 ], [ 664339.42937516188249, 7177741.651691710576415 ], [ 664326.53575584909413, 7177739.678060946054757 ], [ 664313.925767613574862, 7177740.928063745610416 ], [ 664298.015729714184999, 7177742.088040318340063 ], [ 664282.305765084805898, 7177743.138092504814267 ], [ 664267.90573752229102, 7177745.298069030046463 ], [ 664257.405735200387426, 7177746.738073902204633 ], [ 664254.145724755129777, 7177747.398108890280128 ], [ 664245.395722915418446, 7177749.078103711828589 ], [ 664231.295744521194138, 7177752.588056100532413 ], [ 664215.295741399750113, 7177756.898118926212192 ], [ 664199.895713951904327, 7177760.908071698620915 ], [ 664187.205709347734228, 7177765.918085219338536 ], [ 664170.715716591337696, 7177773.888122204691172 ], [ 664160.2367115796078, 7177781.489078322425485 ], [ 664148.945755993830971, 7177790.65808919351548 ], [ 664143.755753254867159, 7177795.68812077306211 ], [ 664140.075699360691942, 7177799.398144401609898 ], [ 664137.915726048406214, 7177801.268140412867069 ], [ 664133.945754937129095, 7177804.198134604841471 ], [ 664128.325698296190239, 7177808.808122219517827 ], [ 664124.775710274348967, 7177812.118121307343245 ], [ 664120.475722053437494, 7177815.368122968822718 ], [ 664114.425733745098114, 7177820.378135181963444 ], [ 664110.075696896761656, 7177824.708154214546084 ], [ 664108.325696786399931, 7177826.35811835154891 ], [ 664105.40571355028078, 7177828.378138964995742 ], [ 664100.045727554126643, 7177831.868131130933762 ], [ 664094.365734278107993, 7177835.978118629194796 ], [ 664089.11573378869798, 7177840.118135349825025 ], [ 664084.105723580461927, 7177844.188144681975245 ], [ 664081.525706224492751, 7177846.088109046220779 ], [ 664075.855722049600445, 7177846.818151848390698 ], [ 664075.805731586413458, 7177833.318148473277688 ], [ 664076.065738861565478, 7177820.338103662244976 ], [ 664076.195742169162259, 7177812.17812844645232 ], [ 664075.005737782572396, 7177803.798121696338058 ], [ 664074.815733567927964, 7177795.028100003488362 ], [ 664086.065734931267798, 7177787.768147237598896 ], [ 664095.795716906082816, 7177783.1481490470469 ], [ 664102.485720159253106, 7177778.838088054209948 ], [ 664110.385745466803201, 7177773.418102230876684 ], [ 664117.005740803899243, 7177766.18811864592135 ], [ 664130.705693002790213, 7177754.138125133700669 ], [ 664138.365726360236295, 7177740.308103069663048 ], [ 664144.475710711325519, 7177727.528069364838302 ], [ 664146.685732142766938, 7177721.998099282383919 ], [ 664154.625735634821467, 7177717.32811363786459 ], [ 664164.075689521967433, 7177719.208117129281163 ], [ 664179.495737465331331, 7177720.078109428286552 ], [ 664193.395704174065031, 7177719.468060150742531 ], [ 664199.455703110899776, 7177718.828105181455612 ], [ 664204.355728630209342, 7177718.268106518313289 ], [ 664208.535722306231037, 7177718.078103205189109 ], [ 664215.175738620804623, 7177718.168067738413811 ], [ 664225.825704459100962, 7177717.238072732463479 ], [ 664235.215720789739862, 7177713.948092029429972 ], [ 664242.1557244239375, 7177711.268097314983606 ], [ 664250.715723269153386, 7177707.018094561994076 ], [ 664253.505762717453763, 7177705.458096062764525 ], [ 664262.835718950373121, 7177694.618064650334418 ], [ 664267.85055016586557, 7177686.643086077645421 ], [ 664253.962363512255251, 7177688.60549165122211 ], [ 664246.793355681467801, 7177690.103296173736453 ], [ 664228.036149837076664, 7177694.963469545356929 ], [ 664220.669327041134238, 7177696.599274629727006 ], [ 664194.09272194840014, 7177699.758460345678031 ], [ 664186.269294837373309, 7177700.38926038518548 ], [ 664174.786748142912984, 7177700.894084550440311 ], [ 664164.313539952738211, 7177700.767865879461169 ], [ 664154.598694073269144, 7177702.197067370638251 ], [ 664148.348692823201418, 7177703.724107557907701 ], [ 664142.919736860319972, 7177706.071704429574311 ], [ 664137.344296745955944, 7177709.73991933837533 ], [ 664119.443722474854439, 7177729.54791122674942 ], [ 664115.922297826735303, 7177727.346922599710524 ], [ 664135.730281950905919, 7177706.071705846115947 ], [ 664141.305905143497512, 7177702.256884457543492 ], [ 664146.587888470268808, 7177700.202683683484793 ], [ 664153.402343112160452, 7177699.325912101194263 ], [ 664158.90588423598092, 7177697.890058606863022 ], [ 664165.32251166482456, 7177697.182659704238176 ], [ 664182.660101301502436, 7177696.599282120354474 ], [ 664189.494941798388027, 7177696.265906665474176 ], [ 664198.080515103414655, 7177695.682469768449664 ], [ 664207.332714417716488, 7177694.432101421989501 ], [ 664215.376112242578529, 7177693.583100600168109 ], [ 664222.836501984857023, 7177692.098296511918306 ], [ 664233.051958017284051, 7177689.036098907701671 ], [ 664244.6581614643801, 7177685.955895653925836 ], [ 664255.425741883227602, 7177684.04164744541049 ], [ 664267.86831046291627, 7177681.88808 ], [ 664272.445763886091299, 7177675.15803590696305 ], [ 664274.245751455193385, 7177671.758071321994066 ], [ 664276.535729438066483, 7177668.648084739223123 ], [ 664280.115746694151312, 7177664.988048937171698 ], [ 664283.945763945812359, 7177660.988047180697322 ], [ 664286.8557372353971, 7177658.058053196407855 ], [ 664291.065759503282607, 7177654.258063621819019 ], [ 664295.435754845733754, 7177649.908025050535798 ], [ 664301.44576486479491, 7177643.628054029308259 ], [ 664306.425745115964673, 7177636.2580560836941 ], [ 664308.495752290356904, 7177632.888059712946415 ], [ 664311.405725625576451, 7177630.19805602543056 ], [ 664317.495752930874005, 7177624.818048593588173 ], [ 664322.445765138254501, 7177618.588004551827908 ], [ 664325.935755351907574, 7177614.098012505099177 ], [ 664331.66573585011065, 7177607.038012048229575 ], [ 664334.445764923701063, 7177602.408005457371473 ], [ 664337.055749544873834, 7177595.428022725507617 ], [ 664338.725731037557125, 7177586.138042042031884 ], [ 664340.245749513618648, 7177578.868020389229059 ], [ 664344.585715387715027, 7177573.688025562092662 ], [ 664350.245750762172975, 7177572.628026621416211 ], [ 664359.895716139581054, 7177570.628024216741323 ], [ 664365.355739033897407, 7177568.438020150177181 ], [ 664368.815761478850618, 7177566.477997004054487 ], [ 664373.295742590678856, 7177564.108000408858061 ], [ 664378.735745990183204, 7177562.128018371760845 ], [ 664385.125762439332902, 7177563.208034470677376 ], [ 664392.115754424710758, 7177563.308008704334497 ], [ 664400.035739129525609, 7177562.448021574877203 ], [ 664410.585729258018546, 7177561.027975192293525 ], [ 664418.545752406003885, 7177556.977984815835953 ], [ 664424.205725828884169, 7177551.277970062568784 ], [ 664431.255773878423497, 7177538.46796790510416 ], [ 664434.875767655088566, 7177527.127998530864716 ], [ 664433.815768678672612, 7177521.277960654348135 ], [ 664430.74575945129618, 7177515.487981783226132 ], [ 664426.435759639134631, 7177509.47797136195004 ], [ 664425.535733907832764, 7177503.937992125749588 ], [ 664431.335722223389894, 7177499.297975171357393 ], [ 664437.695769320242107, 7177494.907958168536425 ], [ 664444.535735615063459, 7177488.717952828854322 ], [ 664449.955718602752313, 7177482.297967240214348 ], [ 664452.805755201610737, 7177478.607963314279914 ], [ 664459.405731190228835, 7177472.357960446737707 ], [ 664463.845734027563594, 7177468.787951353006065 ], [ 664466.475738939363509, 7177465.62797689717263 ], [ 664471.125763306859881, 7177459.557967135682702 ], [ 664475.545746177318506, 7177453.807964824140072 ], [ 664480.135773007408716, 7177447.907938027754426 ], [ 664491.225739920395426, 7177439.527928858995438 ], [ 664499.715729792485945, 7177427.027924053370953 ], [ 664501.495756249409169, 7177410.407924426719546 ], [ 664496.475732843158767, 7177397.077966025099158 ], [ 664490.375754239736125, 7177389.447960438206792 ], [ 664482.545734012848698, 7177383.377953141927719 ], [ 664470.945754688931629, 7177379.00795921869576 ], [ 664463.015699073206633, 7177379.307948652654886 ], [ 664456.465710896416567, 7177385.587919777259231 ], [ 664449.795727555057965, 7177391.777925084345043 ], [ 664413.345709491288289, 7177407.867963158525527 ], [ 664404.015690210042521, 7177408.477950504049659 ], [ 664399.4057035431033, 7177407.607956078834832 ], [ 664397.965700177359395, 7177404.727950759232044 ], [ 664399.125733791734092, 7177400.407942125573754 ], [ 664402.025697335368022, 7177397.597943291068077 ], [ 664405.455690166680142, 7177394.077983237802982 ], [ 664409.575685353367589, 7177389.257973893545568 ], [ 664417.655702708405443, 7177380.447972536087036 ], [ 664420.845704745966941, 7177374.397982601076365 ], [ 664426.735719417221844, 7177367.117950320243835 ], [ 664428.835694312350824, 7177360.977933720685542 ], [ 664434.015685786143877, 7177348.38796372897923 ], [ 664435.445738523849286, 7177341.657920259051025 ], [ 664434.685726259136572, 7177329.94795654155314 ], [ 664432.805718864314258, 7177319.577959200367332 ], [ 664424.175710251554847, 7177311.507951561361551 ], [ 664415.825670025777072, 7177303.717912197113037 ], [ 664408.915694379713386, 7177299.717912559397519 ], [ 664402.31571654707659, 7177296.607927733100951 ], [ 664393.845682525192387, 7177295.667926726862788 ], [ 664382.515663272119127, 7177298.927939543500543 ], [ 664375.545691337203607, 7177301.437951311469078 ], [ 664364.955663128755987, 7177307.867947684600949 ], [ 664361.56570962141268, 7177312.667937347665429 ], [ 664359.135718916309997, 7177325.707980150356889 ], [ 664355.155677765491419, 7177332.497960661537945 ], [ 664350.255713614518754, 7177334.737952423281968 ], [ 664345.305700723081827, 7177337.487954085692763 ], [ 664319.215671082842164, 7177356.137988311238587 ], [ 664314.615695322980173, 7177361.037953823804855 ], [ 664309.145663024042733, 7177365.067985207773745 ], [ 664298.775664373999462, 7177360.177971379831433 ], [ 664291.005703498143703, 7177357.867974774912 ], [ 664281.355676845647395, 7177358.64800617005676 ], [ 664269.345664523076266, 7177360.76800418458879 ], [ 664260.79567541112192, 7177364.817994676530361 ], [ 664257.705648083356209, 7177366.307985892519355 ], [ 664251.045673728105612, 7177368.53796823322773 ], [ 664240.72566508280579, 7177374.807991364970803 ], [ 664234.205645214417018, 7177381.287974741309881 ], [ 664223.155656931456178, 7177392.698013953864574 ], [ 664221.165667687659152, 7177400.227984491735697 ], [ 664220.835652413778007, 7177409.8579918500036 ], [ 664220.785666594631039, 7177419.938011472113431 ], [ 664219.475670317420736, 7177428.087977148592472 ], [ 664218.655663365265355, 7177431.008021987043321 ], [ 664213.665673741372302, 7177440.378020433709025 ], [ 664210.5956661287928, 7177442.777985016815364 ], [ 664203.355675272643566, 7177448.728000139817595 ], [ 664198.145653346553445, 7177455.518041929230094 ], [ 664194.755699710338376, 7177459.668007015250623 ], [ 664190.015648456523195, 7177465.708048522472382 ], [ 664185.515648897504434, 7177473.608014766126871 ], [ 664178.925681965425611, 7177476.258041142486036 ], [ 664172.215658203582279, 7177475.618027655407786 ], [ 664165.78566361637786, 7177474.008043167181313 ], [ 664157.145646233577281, 7177470.998034350574017 ], [ 664148.725661202566698, 7177470.828053055331111 ], [ 664135.065685959998518, 7177477.368035411462188 ], [ 664130.685680443421006, 7177479.658014873042703 ], [ 664122.935679010231979, 7177482.13805852457881 ], [ 664118.315682714572176, 7177481.968015447258949 ], [ 664113.295661855721846, 7177481.5480334199965 ], [ 664106.785650422098115, 7177481.268066370859742 ], [ 664098.835635680123232, 7177478.40802083350718 ], [ 664094.455629277043045, 7177476.198060205206275 ], [ 664087.85565142496489, 7177472.998048496432602 ], [ 664077.625667702057399, 7177469.348025182262063 ], [ 664067.625665055587888, 7177468.498051352798939 ], [ 664060.165641210391186, 7177468.378057673573494 ], [ 664053.165639576967806, 7177468.88806894607842 ], [ 664045.99565504596103, 7177469.688058351166546 ], [ 664034.995652782847174, 7177472.038036691024899 ], [ 664024.185653754509985, 7177478.188064772635698 ], [ 664017.345626286580227, 7177483.688067493960261 ], [ 664012.975630875793286, 7177487.708088891580701 ], [ 664005.215620398405008, 7177493.858055338263512 ], [ 663999.595624919165857, 7177499.098047989420593 ], [ 663998.015607753884979, 7177500.70809509139508 ], [ 663995.235638320213184, 7177498.258082818239927 ], [ 663993.595622378052212, 7177493.748072246089578 ], [ 663990.795632760273293, 7177487.998071356676519 ], [ 663987.815650308737531, 7177481.678063036873937 ], [ 663985.105626810807735, 7177477.338035628199577 ], [ 663984.705601852037944, 7177475.078086410649121 ], [ 663983.235629705130123, 7177469.598043823614717 ], [ 663980.155609996640123, 7177460.168049395084381 ], [ 663975.825588092091493, 7177441.148086989298463 ], [ 663974.165611880132928, 7177427.648083936423063 ], [ 663976.435630880761892, 7177422.098033273592591 ], [ 663982.045616759452969, 7177417.708077458664775 ], [ 663988.15560254896991, 7177412.238043148070574 ], [ 663993.905601935344748, 7177401.888063840568066 ], [ 664000.215599365648814, 7177393.288023825734854 ], [ 664007.745628638891503, 7177383.688044354319572 ], [ 664011.475608817883767, 7177377.518059166148305 ], [ 664015.985617520054802, 7177366.438038417138159 ], [ 664015.765583637403324, 7177355.818040685728192 ], [ 664009.785599825321697, 7177346.358017522841692 ], [ 663998.145580630400218, 7177337.908005493693054 ], [ 663984.395575444214046, 7177328.858018142171204 ], [ 663974.545595808536746, 7177320.678025359287858 ], [ 663967.889770865091123, 7177317.928209085017443 ], [ 663965.947996186092496, 7177309.102035384625196 ], [ 663959.526602134108543, 7177279.913796925917268 ], [ 663957.201158819021657, 7177263.212804436683655 ], [ 663955.534956310875714, 7177246.105012400075793 ], [ 663941.015970865497366, 7177246.528416241519153 ], [ 663940.076576188323088, 7177234.562837262637913 ], [ 663924.925565470475703, 7177204.107998644933105 ], [ 663917.455530206556432, 7177195.587978452444077 ], [ 663908.325522045139223, 7177190.407986277714372 ], [ 663904.515523116686381, 7177188.238003575243056 ], [ 663902.105549038155004, 7177186.518032914958894 ], [ 663899.285539994947612, 7177181.328029731288552 ], [ 663898.475541573599912, 7177177.958033932372928 ], [ 663897.235549951437861, 7177172.467981533147395 ], [ 663896.765517106978223, 7177167.438012106344104 ], [ 663896.575513028306887, 7177159.34798326715827 ], [ 663893.335519796819426, 7177148.188007969409227 ], [ 663890.73554252658505, 7177142.888019364327192 ], [ 663889.57550737739075, 7177139.427996752783656 ], [ 663886.285526741412468, 7177130.29799023643136 ], [ 663886.115542264655232, 7177122.547988332808018 ], [ 663885.305543548776768, 7177117.677992158569396 ], [ 663883.605529577005655, 7177110.847973695024848 ], [ 663880.775509548839182, 7177099.467966525815427 ], [ 663878.585505095310509, 7177091.98798461817205 ], [ 663875.625542019144632, 7177084.837958998978138 ], [ 663871.795522400760092, 7177076.797979716211557 ], [ 663866.075487919617444, 7177070.047979155555367 ], [ 663857.825484527857043, 7177063.177983943372965 ], [ 663852.445538818370551, 7177060.477972120046616 ], [ 663848.205485544283874, 7177055.61798638664186 ], [ 663846.58548931311816, 7177051.987980917096138 ], [ 663847.175515271839686, 7177046.687991683371365 ], [ 663851.85550824762322, 7177042.317994553595781 ], [ 663857.135538829141296, 7177042.217956869862974 ], [ 663860.93552787124645, 7177043.787963839247823 ], [ 663864.355512467911467, 7177048.057983763515949 ], [ 663872.945542730973102, 7177054.587951969355345 ], [ 663879.675525563303381, 7177058.138000359758735 ], [ 663887.375540665932931, 7177063.177978131920099 ], [ 663894.305536454427056, 7177070.287963896989822 ], [ 663903.09551775152795, 7177075.857970885001123 ], [ 663910.195556677062996, 7177078.648009248077869 ], [ 663921.79553599760402, 7177083.037961676716805 ], [ 663934.405525382142514, 7177087.677975003607571 ], [ 663948.725535589735955, 7177084.327995763160288 ], [ 663968.825514969765209, 7177078.337939043529332 ], [ 663980.935562538448721, 7177069.117963653057814 ], [ 663974.685557735734619, 7177052.567972954362631 ], [ 663967.735541436821222, 7177040.507973751053214 ], [ 663962.085512930992991, 7177026.817969 ], [ 663949.035520895384252, 7177021.657936099916697 ], [ 663943.87554592336528, 7177018.857948622666299 ], [ 663937.95549983298406, 7177015.397987985983491 ], [ 663934.215507537126541, 7177009.617957981303334 ], [ 663926.145496227778494, 7176999.507971692830324 ], [ 663912.595503596123308, 7176991.947974910959601 ], [ 663908.545513467746787, 7176985.157934949733317 ], [ 663911.555522399488837, 7176977.137973857112229 ], [ 663921.335492093698122, 7176972.127960917539895 ], [ 663946.895494839176536, 7176966.367944685742259 ], [ 663960.775502118049189, 7176961.09792110696435 ], [ 663966.185536667471752, 7176956.177935903891921 ], [ 663974.055532569647767, 7176950.277908466756344 ], [ 663982.905509907053784, 7176948.05793546885252 ], [ 663994.955500339041464, 7176946.337900930084288 ], [ 664007.25555250083562, 7176947.817940382286906 ], [ 664014.435547862551175, 7176952.447945008054376 ], [ 664021.055545349721797, 7176956.167915336787701 ], [ 664029.015509225311689, 7176961.097907677292824 ], [ 664040.755564591032453, 7176967.15790443867445 ], [ 664053.545545780099928, 7176967.157901920378208 ], [ 664062.875564621645026, 7176964.337892055511475 ], [ 664068.805558283464052, 7176961.897948872298002 ], [ 664075.405534372664988, 7176956.157894869334996 ], [ 664083.925554583198391, 7176948.917901149950922 ], [ 664089.645525010884739, 7176940.337880791164935 ], [ 664087.825515465461649, 7176931.337878903374076 ], [ 664081.005565403611399, 7176920.737902014516294 ], [ 664076.755563159007579, 7176914.67790377791971 ], [ 664074.36554738227278, 7176911.947923097759485 ], [ 664074.53552982956171, 7176909.387924866750836 ], [ 664076.415534739149734, 7176907.157882436178625 ], [ 664079.96552301174961, 7176905.137922736816108 ], [ 664086.155525760143064, 7176898.927897996269166 ], [ 664090.395516109536402, 7176894.187905742786825 ], [ 664092.695564961177297, 7176891.417885068804026 ], [ 664101.315561213297769, 7176886.367894316092134 ], [ 664111.175547791295685, 7176880.217866425402462 ], [ 664124.53553457360249, 7176870.717861423268914 ], [ 664128.765515508828685, 7176867.777857413515449 ], [ 664134.94556987285614, 7176863.337852647528052 ], [ 664145.575514266849495, 7176852.777850358746946 ], [ 664151.365553645300679, 7176847.117874661460519 ], [ 664154.76551740639843, 7176844.787856321781874 ], [ 664161.805558157619089, 7176844.527845103293657 ], [ 664168.105547513347119, 7176844.557873167097569 ], [ 664178.105549747822806, 7176843.357858689501882 ], [ 664188.045554008800536, 7176840.12787545658648 ], [ 664198.535545879742131, 7176835.277835557237267 ], [ 664205.315576409222558, 7176833.02783365920186 ], [ 664214.165553657803684, 7176830.367858108133078 ], [ 664218.895534765790217, 7176827.687863832339644 ], [ 664222.16555507062003, 7176827.507870467379689 ], [ 664231.475555089418776, 7176828.317866392433643 ], [ 664244.415559989865869, 7176824.567862907424569 ], [ 664251.155551267904229, 7176821.41783637739718 ], [ 664253.225558981182985, 7176820.797840697690845 ], [ 664261.065588522818871, 7176824.597827894613147 ], [ 664264.795570528251119, 7176827.717823053710163 ], [ 664270.585550862364471, 7176832.157825462520123 ], [ 664273.305583896581084, 7176835.317859893664718 ], [ 664274.685589632485062, 7176837.917835857719183 ], [ 664276.705549434293061, 7176842.007863335311413 ], [ 664278.965560667682439, 7176846.627859159372747 ], [ 664282.895556040573865, 7176855.377860568463802 ], [ 664288.245595139218494, 7176861.237846328876913 ], [ 664297.775566812139004, 7176866.597831138409674 ], [ 664299.895562385674566, 7176866.247855047695339 ], [ 664304.725580407539383, 7176864.927846441976726 ], [ 664310.205562150804326, 7176864.517872113734484 ], [ 664316.485592971323058, 7176864.377856193110347 ], [ 664321.805601285072044, 7176862.727830316871405 ], [ 664324.075559244025499, 7176857.157821154221892 ], [ 664324.715573646593839, 7176855.107832724228501 ], [ 664326.595578002161346, 7176850.077862836420536 ], [ 664328.225582292303443, 7176845.027812425978482 ], [ 664332.235592327429913, 7176841.377847346477211 ], [ 664332.225573611794971, 7176795.997831139713526 ], [ 664331.335557301528752, 7176788.687831934541464 ], [ 664330.375594987883233, 7176782.907801384106278 ], [ 664329.105573647539131, 7176775.327843688428402 ], [ 664327.495586401666515, 7176767.737815257161856 ], [ 664335.24558823753614, 7176767.337789215147495 ], [ 664341.505599661264569, 7176767.907795446924865 ], [ 664344.915574356215075, 7176771.497822524979711 ], [ 664352.185596778057516, 7176777.047810269519687 ], [ 664365.255607619299553, 7176778.507830027490854 ], [ 664371.915582341491245, 7176778.16780177410692 ], [ 664376.01555941242259, 7176780.557816210202873 ], [ 664377.495603443705477, 7176791.517840625718236 ], [ 664380.675598801113665, 7176801.12782774772495 ], [ 664388.745610954239964, 7176815.497824858874083 ], [ 664397.115610127802938, 7176825.577842812985182 ], [ 664413.865615075454116, 7176829.677816117182374 ], [ 664426.33558892714791, 7176830.017840597778559 ], [ 664439.065632026060484, 7176822.15778973698616 ], [ 664444.535603237454779, 7176817.887829096987844 ], [ 664449.825583064230159, 7176820.377818908542395 ], [ 664458.375634096562862, 7176820.847788040526211 ], [ 664465.905603007879108, 7176814.70783140975982 ], [ 664480.765586840221658, 7176788.407773086801171 ], [ 664485.24562821991276, 7176782.177790177986026 ], [ 664490.80562562122941, 7176774.4177773790434 ], [ 664493.195640512509272, 7176772.657766703516245 ], [ 664495.835594534408301, 7176771.427785405889153 ], [ 664503.315637324121781, 7176768.577807633206248 ], [ 664510.345607088878751, 7176767.387803506106138 ], [ 664521.305631111958064, 7176764.067793188616633 ], [ 664530.145598135655746, 7176759.097758464515209 ], [ 664535.49563531158492, 7176755.217751558870077 ], [ 664538.376800173311494, 7176753.188392572104931 ], [ 664537.221038029529154, 7176752.481178269721568 ], [ 664532.449002435430884, 7176748.816200270317495 ], [ 664530.005641847266816, 7176745.728004181757569 ], [ 664524.585596193559468, 7176743.857765527442098 ], [ 664519.675621479866095, 7176742.047768486663699 ], [ 664515.385641764267348, 7176738.867775864899158 ], [ 664515.383383462904021, 7176738.865151352249086 ], [ 664513.624837439274415, 7176735.486977029591799 ], [ 664509.032795419916511, 7176736.143167063593864 ], [ 664497.271013237768784, 7176738.716168075799942 ], [ 664487.77400277776178, 7176744.61418167501688 ], [ 664481.026992460130714, 7176747.7891715914011 ], [ 664472.172987024765462, 7176751.125172706320882 ], [ 664465.659985599573702, 7176754.521170932799578 ], [ 664465.659986977465451, 7176761.505181463435292 ], [ 664461.984023817814887, 7176772.164181431755424 ], [ 664452.794996829004958, 7176778.046203754842281 ], [ 664448.747999288840219, 7176780.730226219631732 ], [ 664442.662976543884724, 7176784.434207836166024 ], [ 664435.122020900249481, 7176788.535223532468081 ], [ 664427.052012391970493, 7176792.63617829605937 ], [ 664421.628000186290592, 7176794.488230610266328 ], [ 664416.773018610081635, 7176794.954235101118684 ], [ 664415.755989550845698, 7176794.954235301353037 ], [ 664411.995002293027937, 7176794.954236043617129 ], [ 664409.192999451654032, 7176793.959241231903434 ], [ 664406.149968132027425, 7176789.990185666829348 ], [ 664404.959964248468168, 7176784.16920056194067 ], [ 664404.166017121402547, 7176775.967233339324594 ], [ 664403.372009246842936, 7176769.220222534611821 ], [ 664402.445982426637784, 7176763.135199228301644 ], [ 664399.932003527181223, 7176756.917180594988167 ], [ 664398.026973215164617, 7176754.153203229419887 ], [ 664394.35100729810074, 7176750.845219731330872 ], [ 664390.675957092316821, 7176748.456181773915887 ], [ 664382.956961044692434, 7176748.456183297559619 ], [ 664377.31096360727679, 7176748.715217677876353 ], [ 664371.886951037333347, 7176748.715218748897314 ], [ 664366.065965555724688, 7176747.921213350258768 ], [ 664362.625961769372225, 7176745.408212914131582 ], [ 664361.41697645932436, 7176742.183236762881279 ], [ 664360.641951445955783, 7176740.116219798102975 ], [ 664359.129987673368305, 7176737.534188201650977 ], [ 664357.466961799073033, 7176734.692207841202617 ], [ 664354.285991373704746, 7176732.651192333549261 ], [ 664349.139994152472354, 7176733.386178884655237 ], [ 664344.728982756379992, 7176735.591197393834591 ], [ 664338.847939040395431, 7176736.694226171821356 ], [ 664331.537939568632282, 7176736.147230407223105 ], [ 664323.467991026118398, 7176734.824233621358871 ], [ 664312.486969830701128, 7176732.708207426592708 ], [ 664307.331939331023023, 7176733.067217322066426 ], [ 664306.798980221850798, 7176733.104204741306603 ], [ 664301.374967886367813, 7176734.29524614661932 ], [ 664299.179960298701189, 7176735.711201522499323 ], [ 664298.249967511743307, 7176736.311238476075232 ], [ 664297.273954211967066, 7176736.941243709996343 ], [ 664294.098966755787842, 7176742.629234034568071 ], [ 664292.9079888924025, 7176749.906213625334203 ], [ 664291.849945293040946, 7176755.462245492264628 ], [ 664292.53494461113587, 7176763.527249809354544 ], [ 664296.577976843924262, 7176770.878202995285392 ], [ 664299.654944226844236, 7176777.422210369259119 ], [ 664301.771950788097456, 7176785.757234005257487 ], [ 664302.829997307853773, 7176795.017245871946216 ], [ 664302.961957017891109, 7176803.484227940440178 ], [ 664303.755964891402982, 7176810.231238743290305 ], [ 664303.887984855799004, 7176814.729225680232048 ], [ 664306.401963595650159, 7176820.153237767517567 ], [ 664306.50200092617888, 7176823.62424691580236 ], [ 664305.680956221884117, 7176825.759257376194 ], [ 664304.663988719228655, 7176828.403240170329809 ], [ 664299.517989795655012, 7176820.500224076211452 ], [ 664294.923993232659996, 7176813.975259972736239 ], [ 664283.515968612511642, 7176804.939249226823449 ], [ 664264.414948506047949, 7176793.759257527068257 ], [ 664257.063932999270037, 7176791.186260286718607 ], [ 664248.986965410411358, 7176789.858258618041873 ], [ 664242.107935675885528, 7176791.313216391019523 ], [ 664234.274926520185545, 7176794.311265558004379 ], [ 664223.454978140303865, 7176797.266224483028054 ], [ 664214.793965691584162, 7176799.457266774959862 ], [ 664200.825945747783408, 7176804.970271390862763 ], [ 664185.222915376303717, 7176809.172240845859051 ], [ 664175.697950191562995, 7176811.950258552096784 ], [ 664172.483960274024867, 7176812.631289629265666 ], [ 664164.452952765161172, 7176814.332280406728387 ], [ 664150.561958643025719, 7176816.978279896080494 ], [ 664144.219916302128695, 7176818.203257035464048 ], [ 664135.397954541724175, 7176822.613294055685401 ], [ 664122.900944492779672, 7176834.376299940049648 ], [ 664114.078922421322204, 7176842.462302230298519 ], [ 664100.84692647587508, 7176852.387295106425881 ], [ 664087.981934546958655, 7176859.922272665426135 ], [ 664087.570923754014075, 7176860.175263531506062 ], [ 664073.646910767885856, 7176868.743322610855103 ], [ 664066.294921087333933, 7176878.30027224496007 ], [ 664054.900938363047317, 7176888.592330280691385 ], [ 664043.137937717721798, 7176902.560292625799775 ], [ 664036.154904342605732, 7176905.500297175720334 ], [ 664036.889952069032006, 7176911.382317543029785 ], [ 664043.137941263150424, 7176920.571344485506415 ], [ 664047.548953964025714, 7176924.982294425368309 ], [ 664050.489934707991779, 7176930.128291225060821 ], [ 664052.327948797610588, 7176934.906307192519307 ], [ 664042.035953052691184, 7176929.760311841033399 ], [ 664039.094912432366982, 7176930.495297954417765 ], [ 664033.213929748977534, 7176931.598326731473207 ], [ 664030.640930921304971, 7176930.863341702148318 ], [ 664024.024899572134018, 7176921.306333784013987 ], [ 664017.407953600399196, 7176916.344297713600099 ], [ 664004.910940728033893, 7176913.771301483735442 ], [ 663994.251941511407495, 7176913.77130358107388 ], [ 663983.959886250086129, 7176916.344304297119379 ], [ 663967.050886718556285, 7176922.592356057837605 ], [ 663955.656903342576697, 7176929.576307797804475 ], [ 663942.42393025313504, 7176936.560320934280753 ], [ 663931.396889819763601, 7176940.971334947273135 ], [ 663914.120885801967233, 7176947.220363343134522 ], [ 663904.196933911764063, 7176951.079375048168004 ], [ 663892.80191315326374, 7176959.166354406625032 ], [ 663881.407930282643065, 7176968.722328271716833 ], [ 663873.688875365885906, 7176979.750347680412233 ], [ 663873.688876522704959, 7176985.631391629576683 ], [ 663878.172888999106362, 7176998.747360820882022 ], [ 663885.713908440666273, 7177008.669358884915709 ], [ 663894.973921850090846, 7177015.548387102782726 ], [ 663905.160937752923928, 7177024.014390632510185 ], [ 663912.171927429037169, 7177032.217394231818616 ], [ 663919.976923596812412, 7177040.154345363378525 ], [ 663926.459897535736673, 7177045.975390464067459 ], [ 663930.29394453286659, 7177049.220385637134314 ], [ 663934.132935352623463, 7177052.32536612637341 ], [ 663934.688905396265909, 7177055.725391279906034 ], [ 663929.926941132638603, 7177054.734364138916135 ], [ 663921.104916778276674, 7177051.242360606789589 ], [ 663907.409904927946627, 7177045.446402380242944 ], [ 663900.397939729737118, 7177042.535392289981246 ], [ 663889.493944732821546, 7177039.480400994420052 ], [ 663880.818893007352017, 7177035.656366100534797 ], [ 663867.324930693255737, 7177028.248346883803606 ], [ 663864.236916799563915, 7177026.042353289201856 ], [ 663858.990882050828077, 7177022.295405142009258 ], [ 663854.09592187567614, 7177019.913386465981603 ], [ 663848.009921704418957, 7177019.252376755699515 ], [ 663846.798923018854111, 7177020.016354235820472 ], [ 663841.924898981233127, 7177023.088377445936203 ], [ 663835.706880256533623, 7177025.073364514857531 ], [ 663830.282929291017354, 7177027.983400488272309 ], [ 663826.710907807806507, 7177032.481388153508306 ], [ 663825.255891320062801, 7177037.376409193500876 ], [ 663824.726900868234225, 7177044.387397376820445 ], [ 663825.25589405070059, 7177051.267403874546289 ], [ 663828.298925940878689, 7177058.146372281014919 ], [ 663833.457924996269867, 7177064.23139476031065 ], [ 663839.014934871229343, 7177072.698375763371587 ], [ 663842.98289429419674, 7177082.355420852079988 ], [ 663846.290941160405055, 7177090.557387583889067 ], [ 663849.994922921294346, 7177097.436416894197464 ], [ 663852.772940305061638, 7177105.374406613409519 ], [ 663857.005914208944887, 7177113.841387877240777 ], [ 663858.196955713327043, 7177119.794392060488462 ], [ 663860.048947737785056, 7177129.054403775371611 ], [ 663861.239929014001973, 7177139.108422167599201 ], [ 663862.562929235049523, 7177148.501429624855518 ], [ 663865.604924723738804, 7177161.466398088261485 ], [ 663869.044930696487427, 7177175.092438416555524 ], [ 663871.690929814591072, 7177187.130404773168266 ], [ 663873.542921473621391, 7177194.539402842521667 ], [ 663876.717972493497655, 7177201.682409374974668 ], [ 663880.156939099542797, 7177206.313391301780939 ], [ 663884.315937527921051, 7177210.471411542966962 ], [ 663884.787922601564787, 7177210.943396431393921 ], [ 663892.434959090780467, 7177215.546423421241343 ], [ 663899.471948611317202, 7177217.954442661255598 ], [ 663904.498927682638168, 7177219.410435687750578 ], [ 663907.541958844289184, 7177222.585423674434423 ], [ 663910.187956373789348, 7177226.553441725671291 ], [ 663910.980987422401085, 7177231.97739312145859 ], [ 663910.584931210265495, 7177237.137428669258952 ], [ 663911.642976711736992, 7177241.2384426696226 ], [ 663910.682771890657023, 7177243.749796025454998 ], [ 663909.922945432364941, 7177245.736429972574115 ], [ 663906.218965855427086, 7177249.969402952119708 ], [ 663903.440950916032307, 7177254.467451496981084 ], [ 663901.985934845055453, 7177261.478439864702523 ], [ 663904.196996484417468, 7177269.211412555538118 ], [ 663909.342996888794005, 7177284.649403685703874 ], [ 663915.958969516446814, 7177305.968438478186727 ], [ 663921.471974740037695, 7177323.098629666492343 ], [ 663924.20299515244551, 7177331.584471095353365 ], [ 663925.666008914238773, 7177335.165465356782079 ], [ 663929.50200913019944, 7177338.869445022195578 ], [ 663934.26501139474567, 7177341.912413596175611 ], [ 663941.275999850360677, 7177343.896421501412988 ], [ 663950.536988759646192, 7177345.352413696236908 ], [ 663958.474002678412944, 7177346.542414873838425 ], [ 663963.237004813970998, 7177348.923457013443112 ], [ 663965.039984008995816, 7177350.09844474401325 ], [ 663968.924995234468952, 7177352.628412874415517 ], [ 663971.968026735587046, 7177357.52245646994561 ], [ 663975.539989501005039, 7177364.798458564095199 ], [ 663975.01099965069443, 7177374.853453859686852 ], [ 663972.628981370711699, 7177381.732423334382474 ], [ 663970.878981816582382, 7177386.206423821859062 ], [ 663970.248000532388687, 7177387.817447298206389 ], [ 663965.61799546610564, 7177392.712468965910375 ], [ 663959.333021848811768, 7177398.22846279386431 ], [ 663952.521009465446696, 7177403.428477642126381 ], [ 663952.495008488069288, 7177403.457469353452325 ], [ 663947.229017138713971, 7177409.381483104079962 ], [ 663943.658034058404155, 7177417.98048498108983 ], [ 663942.958999316208065, 7177423.450457191094756 ], [ 663942.864028737065382, 7177424.198443235829473 ], [ 663943.128007049788721, 7177430.28346667997539 ], [ 663945.578999549848959, 7177446.152488724328578 ], [ 663945.907002977328375, 7177448.275475030764937 ], [ 663948.154991665040143, 7177459.91646871343255 ], [ 663952.521022999892011, 7177472.219449450261891 ], [ 663958.342011166620068, 7177486.639495858922601 ], [ 663962.972019019420259, 7177495.900483595207334 ], [ 663971.968057764344849, 7177515.214451504871249 ], [ 663975.408062359783798, 7177521.829503754153848 ], [ 663978.715009970357642, 7177526.856481900438666 ], [ 663982.022018329356797, 7177530.428503629751503 ], [ 663986.123033101554029, 7177533.338476695120335 ], [ 663993.928027868503705, 7177534.132481705397367 ], [ 664002.26305151800625, 7177532.148470779880881 ], [ 664009.804068231605925, 7177528.179474160075188 ], [ 664018.667045305366628, 7177522.094448921270669 ], [ 664024.885063279536553, 7177516.273462352342904 ], [ 664033.616020730347373, 7177507.409444741904736 ], [ 664039.305047056288458, 7177502.514483900740743 ], [ 664048.697077385615557, 7177498.413467842154205 ], [ 664055.312068947474472, 7177496.826430010609329 ], [ 664062.456052548717707, 7177496.297436771914363 ], [ 664070.526062107062899, 7177497.487437920644879 ], [ 664077.537050747079775, 7177500.398448012769222 ], [ 664084.681034894078039, 7177502.64747060649097 ], [ 664088.253057732596062, 7177505.028451944701374 ], [ 664091.295051300432533, 7177508.203439934179187 ], [ 664095.92603423143737, 7177509.923471190966666 ], [ 664104.657054723706096, 7177511.246467849239707 ], [ 664116.166090701706707, 7177510.84943179320544 ], [ 664127.808061360847205, 7177510.849429500289261 ], [ 664138.259052540408447, 7177509.9234628546983 ], [ 664144.576070240465924, 7177507.554442461580038 ], [ 664145.667073847842403, 7177507.145445562899113 ], [ 664150.182089172070846, 7177504.887448502704501 ], [ 664153.076071536634117, 7177503.440426086075604 ], [ 664159.823082148213871, 7177501.721430186182261 ], [ 664166.702050982741639, 7177500.927422283217311 ], [ 664173.581081060692668, 7177501.191459080204368 ], [ 664180.592069726553746, 7177504.234427211806178 ], [ 664186.413055629935116, 7177507.145437536761165 ], [ 664192.234102281276137, 7177508.600453844293952 ], [ 664198.452060313080437, 7177508.335437904112041 ], [ 664202.817112090531737, 7177505.425402134656906 ], [ 664204.802096867235377, 7177500.001450190320611 ], [ 664207.845065145636909, 7177493.783430456183851 ], [ 664213.401095076696947, 7177485.05240910872817 ], [ 664218.825106138712727, 7177477.379432486370206 ], [ 664224.513094239984639, 7177469.309422021731734 ], [ 664233.641085609095171, 7177461.107391802594066 ], [ 664240.785068218363449, 7177455.551419764757156 ], [ 664244.489108359208331, 7177448.936427145265043 ], [ 664247.532076247385703, 7177440.734398124739528 ], [ 664249.120087433373556, 7177431.077412972226739 ], [ 664249.649077411275357, 7177421.684405146166682 ], [ 664249.120084199123085, 7177414.67237957008183 ], [ 664249.713100495166145, 7177407.41737275570631 ], [ 664252.427089482545853, 7177402.634412038139999 ], [ 664257.799099296331406, 7177398.596385066397488 ], [ 664268.170072592562065, 7177393.770393044687808 ], [ 664280.324066405650228, 7177389.212406110018492 ], [ 664280.870087007293478, 7177389.008365424349904 ], [ 664289.410067013115622, 7177388.304384072311223 ], [ 664296.612095354939811, 7177389.272400472313166 ], [ 664304.113074455410242, 7177392.714355422183871 ], [ 664310.635110414819792, 7177396.019408673048019 ], [ 664315.875102165620774, 7177397.125364948064089 ], [ 664321.086101121152751, 7177392.712398950010538 ], [ 664324.697123949881643, 7177387.56835398171097 ], [ 664337.194073839113116, 7177380.217397529631853 ], [ 664347.67710776173044, 7177375.646349396556616 ], [ 664353.630111331935041, 7177371.413375971838832 ], [ 664354.455123600899242, 7177370.692367328330874 ], [ 664359.980087395058945, 7177365.857343055307865 ], [ 664366.804123645066284, 7177360.350382324308157 ], [ 664367.521103688282892, 7177359.771341511979699 ], [ 664372.283128192997538, 7177356.729347622953355 ], [ 664377.97209384618327, 7177353.686376988887787 ], [ 664385.248095764080063, 7177349.320346629247069 ], [ 664387.894091495196335, 7177344.161348236724734 ], [ 664388.82011630688794, 7177340.060333842411637 ], [ 664389.481126168277115, 7177334.768340202048421 ], [ 664389.878098349901848, 7177331.858366249129176 ], [ 664390.124069993151352, 7177331.366361685097218 ], [ 664391.863083408563398, 7177327.88937072455883 ], [ 664396.006089544272982, 7177326.552333440631628 ], [ 664398.610094254370779, 7177327.360316527076066 ], [ 664398.720079674152657, 7177327.570338530465961 ], [ 664401.123096304014325, 7177332.122341148555279 ], [ 664402.711110568139702, 7177338.075345253571868 ], [ 664402.711111611686647, 7177343.367338765412569 ], [ 664400.991080620675348, 7177349.320343524217606 ], [ 664398.734122845693491, 7177353.333345461636782 ], [ 664397.419120539561845, 7177355.670382438227534 ], [ 664392.330131431925111, 7177362.819372046738863 ], [ 664391.863090429920703, 7177363.476354725658894 ], [ 664387.100089570390992, 7177367.577369876205921 ], [ 664381.147086287848651, 7177373.265360753983259 ], [ 664374.26811904727947, 7177382.129378000274301 ], [ 664366.066092422697693, 7177391.125353548675776 ], [ 664354.83812610944733, 7177405.212395422160625 ], [ 664349.397086483426392, 7177414.14336796849966 ], [ 664348.342094187624753, 7177417.392392427660525 ], [ 664346.090080835856497, 7177424.330382888205349 ], [ 664343.841119365417399, 7177431.870363246649504 ], [ 664343.841120851575397, 7177439.411380760371685 ], [ 664345.296139162848704, 7177443.777409397996962 ], [ 664348.544126389198937, 7177446.720402656123042 ], [ 664349.529112160671502, 7177447.613408057950437 ], [ 664355.2181399196852, 7177449.994388977997005 ], [ 664355.383117991848849, 7177450.0183757673949 ], [ 664363.420107518439181, 7177451.185366661287844 ], [ 664371.011112016858533, 7177447.11535682156682 ], [ 664377.31110045069363, 7177442.454404704272747 ], [ 664377.414127791533247, 7177442.313352402299643 ], [ 664381.27911794220563, 7177437.030391334556043 ], [ 664388.654118712991476, 7177431.677361195906997 ], [ 664397.816107780323364, 7177429.092397804372013 ], [ 664408.399118527537212, 7177430.68034777417779 ], [ 664408.996103579062037, 7177430.885364796966314 ], [ 664411.430125343147665, 7177431.719348900951445 ], [ 664417.660107777221128, 7177433.855395569466054 ], [ 664429.830154216848314, 7177431.209396411664784 ], [ 664440.017106694169343, 7177427.505352947860956 ], [ 664448.351153229246847, 7177422.742349622771144 ], [ 664452.849139583064243, 7177419.700355786830187 ], [ 664461.433124314062297, 7177410.725376260466874 ], [ 664467.314106927136891, 7177409.255342993885279 ], [ 664469.52016303234268, 7177413.666354403831065 ], [ 664470.255149291362613, 7177417.342380570247769 ], [ 664467.004111404297873, 7177419.964330109767616 ], [ 664459.99312420131173, 7177424.330360418185592 ], [ 664452.320150181418285, 7177432.003337485715747 ], [ 664444.250142814358696, 7177441.925338632427156 ], [ 664437.239156209747307, 7177449.333361888304353 ], [ 664427.978108665905893, 7177460.049369817599654 ], [ 664421.76112884178292, 7177468.648372219875455 ], [ 664418.189107542275451, 7177474.072385512292385 ], [ 664412.103108123759739, 7177477.247375302016735 ], [ 664402.578143610735424, 7177483.46435871720314 ], [ 664393.450152557343245, 7177493.254402032122016 ], [ 664388.952105506788939, 7177498.016367002390325 ], [ 664386.306109773810022, 7177503.176402995362878 ], [ 664386.836140089668334, 7177507.67438985593617 ], [ 664389.746114503708668, 7177510.452405115589499 ], [ 664394.905113042914309, 7177513.891369802877307 ], [ 664400.726160373538733, 7177518.786389411427081 ], [ 664403.504115869291127, 7177522.358411241322756 ], [ 664404.092129456577823, 7177526.142408655956388 ], [ 664401.857144434005022, 7177530.612380918115377 ], [ 664401.152127447654493, 7177532.024368716403842 ], [ 664386.449121380224824, 7177534.597370306961238 ], [ 664369.541158201755024, 7177534.597373642958701 ], [ 664356.30812370905187, 7177539.743434671312571 ], [ 664345.281144451233558, 7177544.888396630063653 ], [ 664336.565139203215949, 7177546.568391444161534 ], [ 664328.892102998564951, 7177548.420444201678038 ], [ 664322.409130903193727, 7177551.992406824603677 ], [ 664318.044140889891423, 7177558.606423012912273 ], [ 664315.133130913367495, 7177566.147441101260483 ], [ 664313.546156961470842, 7177573.952436044812202 ], [ 664311.165116029558703, 7177584.80040065664798 ], [ 664307.990128831472248, 7177591.811450403183699 ], [ 664300.581132158986293, 7177600.675406720489264 ], [ 664293.70210343610961, 7177607.29046100191772 ], [ 664286.823135853395797, 7177614.433469519019127 ], [ 664279.414139466825873, 7177624.752443292178214 ], [ 664272.668106617871672, 7177632.557439252734184 ], [ 664264.069106895360164, 7177639.833443747833371 ], [ 664256.396132637280971, 7177646.316479111090302 ], [ 664252.067153172683902, 7177651.911452068947256 ], [ 664250.972121442202479, 7177653.327468264847994 ], [ 664250.90913317759987, 7177653.483474175445735 ], [ 664248.194106972077861, 7177660.206437820568681 ], [ 664245.415115861804225, 7177666.689472218975425 ], [ 664244.357133113313466, 7177671.319478470832109 ], [ 664239.421159074874595, 7177677.949485986493528 ], [ 664229.864151170477271, 7177684.565456326119602 ], [ 664212.956127824960276, 7177688.976471504196525 ], [ 664180.610111933085136, 7177691.181495521217585 ], [ 664172.258119928766973, 7177690.237466167658567 ], [ 664165.51110861171037, 7177688.385477286763489 ], [ 664157.044125956250355, 7177685.474467482417822 ], [ 664148.710078399511985, 7177685.077496368438005 ], [ 664140.640130421263166, 7177686.66551105119288 ], [ 664134.676079086377285, 7177688.889511806890368 ], [ 664132.8350753482664, 7177689.575486462563276 ], [ 664126.353080153465271, 7177694.86748125217855 ], [ 664126.309134846786037, 7177694.955493979156017 ], [ 664123.310111845377833, 7177700.952505350112915 ], [ 664121.590081165079027, 7177708.493523202836514 ], [ 664118.944086030009203, 7177716.69549111276865 ], [ 664113.644098701421171, 7177725.730528600513935 ], [ 664105.625117165851407, 7177737.863528825342655 ], [ 664097.539117782958783, 7177743.744513336569071 ], [ 664085.777093108510599, 7177754.771495955996215 ], [ 664083.358086608001031, 7177757.044507255777717 ], [ 664076.082084581139497, 7177760.880508186295629 ], [ 664071.809134401381016, 7177761.387528196908534 ], [ 664068.409108861582354, 7177759.954545109532773 ], [ 664061.662097205989994, 7177756.383500620722771 ], [ 664057.032090731430799, 7177754.134538565762341 ], [ 664052.137069725780748, 7177752.811541151255369 ], [ 664047.374068158096634, 7177753.340533919632435 ], [ 664043.538069087779149, 7177755.45753960032016 ], [ 664041.950117788976058, 7177759.293539409525692 ], [ 664041.95011841354426, 7177762.468527997843921 ], [ 664042.480087927426212, 7177768.15755520015955 ], [ 664044.19908361393027, 7177773.845544567331672 ], [ 664044.33208042383194, 7177779.798548963852227 ], [ 664045.258108179667033, 7177790.646512927487493 ], [ 664045.125115952803753, 7177807.976534388028085 ], [ 664044.993098934064619, 7177818.427525805309415 ], [ 664045.522092483239248, 7177827.159522518515587 ], [ 664046.713135005906224, 7177838.271524582058191 ], [ 664046.845094869146124, 7177847.53257424198091 ], [ 664046.316104132682085, 7177853.08854497782886 ], [ 664043.670108761638403, 7177860.099533585831523 ], [ 664038.908146433415823, 7177868.963550417684019 ], [ 664037.585088089923374, 7177874.387563269585371 ], [ 664036.526128933532164, 7177879.811576068401337 ], [ 664036.791144819231704, 7177885.764580439776182 ], [ 664037.982125057140365, 7177890.527581887319684 ], [ 664041.421152337337844, 7177893.305536009371281 ], [ 664045.655101141659543, 7177893.305535175837576 ], [ 664051.740124496398494, 7177892.643546506762505 ], [ 664058.355115930666216, 7177890.394582238979638 ], [ 664068.868117946782149, 7177884.891527030616999 ], [ 664080.183122407644987, 7177880.869551138952374 ], [ 664090.369158998597413, 7177875.313517466187477 ], [ 664098.393146800342947, 7177870.19956196565181 ], [ 664102.408161941915751, 7177867.640539538115263 ], [ 664113.883138645207509, 7177858.840547278523445 ], [ 664120.003134358674288, 7177854.146514133550227 ], [ 664137.236107269185595, 7177841.150535801425576 ], [ 664166.642115071765147, 7177813.950510981492698 ], [ 664207.810149285709485, 7177784.544489637948573 ], [ 664221.777131574228406, 7177778.663503965362906 ], [ 664250.44815890933387, 7177777.193466208875179 ], [ 664270.286176861030981, 7177778.872478833422065 ], [ 664303.492179041844793, 7177780.327489741146564 ], [ 664320.293147542746738, 7177780.195467352867126 ], [ 664328.4951762331184, 7177781.650483190082014 ], [ 664336.829163276590407, 7177784.693451059982181 ], [ 664343.179202204453759, 7177788.397491263225675 ], [ 664347.271183743840083, 7177791.150481870397925 ], [ 664350.455205953679979, 7177793.29244955163449 ], [ 664358.26020142796915, 7177797.658476939424872 ], [ 664366.198192514013499, 7177801.89144762698561 ], [ 664367.184215759509243, 7177802.147489976137877 ], [ 664371.6211677712854, 7177803.30148109048605 ], [ 664372.813184729893692, 7177803.611478492617607 ], [ 664384.190201715566218, 7177803.611476248130202 ], [ 664390.140215364168398, 7177803.42745403200388 ], [ 664397.022175038000569, 7177803.214439925737679 ], [ 664405.092184470035136, 7177803.743491200730205 ], [ 664412.897179501247592, 7177805.860433550551534 ], [ 664419.909205820411444, 7177809.167439833283424 ], [ 664424.142178897745907, 7177813.400472285225987 ], [ 664426.21121126646176, 7177818.946493776515126 ], [ 664426.65518215240445, 7177824.248435935936868 ], [ 664425.559235367225483, 7177828.072472754865885 ], [ 664421.648224103963003, 7177830.35445652063936 ], [ 664414.749174430966377, 7177829.805446514859796 ], [ 664409.987210279796273, 7177829.408474697731435 ], [ 664405.224208791274577, 7177830.334501259960234 ], [ 664399.53621948894579, 7177832.318450633436441 ], [ 664395.435206148889847, 7177836.684480370022357 ], [ 664393.979213491315022, 7177843.56344966776669 ], [ 664392.789212085539475, 7177850.310460871085525 ], [ 664393.053190324571915, 7177855.998450526967645 ], [ 664394.905181469279341, 7177860.761451844125986 ], [ 664398.185212054755539, 7177863.158485490828753 ], [ 664398.34518526121974, 7177863.274452284909785 ], [ 664403.107210473273881, 7177863.804480774328113 ], [ 664403.38620223547332, 7177863.769507566466928 ], [ 664407.539218303747475, 7177863.261449979618192 ], [ 664409.590183117776178, 7177863.010472949594259 ], [ 664411.682224499178119, 7177862.225499195978045 ], [ 664415.940220847027376, 7177860.629489653743804 ], [ 664423.613196071935818, 7177859.041475046426058 ], [ 664423.99619179405272, 7177859.147493064403534 ], [ 664427.449195768334903, 7177860.099457953125238 ], [ 664430.492226805421524, 7177862.613496068865061 ], [ 664436.438213591114618, 7177869.820466918870807 ], [ 664431.02122114202939, 7177875.313450323417783 ], [ 664422.951212987769395, 7177881.26645633764565 ], [ 664415.807230142178014, 7177885.632486674934626 ], [ 664408.267189936130308, 7177889.336468582972884 ], [ 664400.991187753854319, 7177892.379500567913055 ], [ 664391.995214518043213, 7177895.818468048237264 ], [ 664384.190220267977566, 7177897.670520832762122 ], [ 664375.458223654190078, 7177898.596487144008279 ], [ 664367.256195171270519, 7177898.200492568314075 ], [ 664360.377225941047072, 7177897.009514621458948 ], [ 664353.49819565191865, 7177895.686517599970102 ], [ 664344.634179700398818, 7177895.289485557004809 ], [ 664334.316183765651658, 7177894.231503928080201 ], [ 664329.818196495296434, 7177892.643491721712053 ], [ 664322.277177692274563, 7177886.029477877542377 ], [ 664314.869215642102063, 7177879.811521235853434 ], [ 664306.53419073857367, 7177875.445493951439857 ], [ 664298.994210447301157, 7177873.461486151441932 ], [ 664290.262152222567238, 7177871.477478586137295 ], [ 664281.796207710984163, 7177871.344484616070986 ], [ 664268.9631970776245, 7177873.196538391523063 ], [ 664259.571166249923408, 7177874.784492300823331 ], [ 664253.618162205792032, 7177876.63648368511349 ], [ 664245.945187214994803, 7177879.414501030929387 ], [ 664240.124141813372262, 7177884.309522937051952 ], [ 664236.552181623294018, 7177890.130508987233043 ], [ 664233.11217970889993, 7177897.14149775262922 ], [ 664230.33416555065196, 7177905.608541439287364 ], [ 664225.307189760031179, 7177920.821558941155672 ], [ 664223.32318201684393, 7177928.6275305300951 ], [ 664220.280153925996274, 7177941.062531808391213 ], [ 664217.237185672391206, 7177947.412509586662054 ], [ 664211.549197436776012, 7177954.820532586425543 ], [ 664205.33117966959253, 7177961.700540419667959 ], [ 664200.172184047638439, 7177973.077558452263474 ], [ 664196.732182471314445, 7177981.808579387143254 ], [ 664195.674201234360225, 7177994.111561198718846 ], [ 664197.658213019138202, 7178006.811576202511787 ], [ 664200.436170651810244, 7178021.231562184169888 ], [ 664202.81721726898104, 7178039.223570626229048 ], [ 664203.2141917955596, 7178048.219544486142695 ], [ 664203.214194037718698, 7178059.596561500802636 ], [ 664203.611169111449271, 7178071.370551196858287 ], [ 664206.654201036551967, 7178078.381599720567465 ], [ 664215.650176385417581, 7178085.657600750215352 ], [ 664227.55618637742009, 7178091.610541794449091 ], [ 664238.007239536964335, 7178095.447576830163598 ], [ 664248.59018980525434, 7178099.812566075474024 ], [ 664258.248212617239915, 7178101.797550020739436 ], [ 664269.096237411722541, 7178099.945557672530413 ], [ 664278.488206189358607, 7178093.198544848710299 ], [ 664289.204210993950255, 7178086.716546481475234 ], [ 664296.216235672007315, 7178081.688528699800372 ], [ 664306.137196801719256, 7178077.587573565542698 ], [ 664316.192252674838528, 7178075.868577010929585 ], [ 664332.72820599633269, 7178073.354535033926368 ], [ 664347.413207128411159, 7178072.957559380680323 ], [ 664358.393251099740155, 7178071.634558835998178 ], [ 664368.579227283247747, 7178069.253513749688864 ], [ 664375.59125240414869, 7178066.475557567551732 ], [ 664382.867254562908784, 7178063.300506507046521 ], [ 664390.011238011415116, 7178061.977506718598306 ], [ 664396.096261601080187, 7178062.506558386608958 ], [ 664402.711254054447636, 7178065.417507518082857 ], [ 664411.444228422362357, 7178070.514552974142134 ], [ 664409.973220770596527, 7178075.660550650209188 ], [ 664406.150222833035514, 7178081.027557146735489 ], [ 664404.298233825946227, 7178087.112519977614284 ], [ 664403.372270519612357, 7178093.595554014667869 ], [ 664400.065264166099951, 7178100.209569998085499 ], [ 664396.228228931548074, 7178109.602517450228333 ], [ 664390.011249259230681, 7178118.995526406913996 ], [ 664378.237262750510126, 7178135.399524547159672 ], [ 664367.918231848394498, 7178147.70256922300905 ], [ 664359.187274733791128, 7178158.285581415519118 ], [ 664354.02724039228633, 7178163.974548705853522 ], [ 664353.895283369813114, 7178169.13354661129415 ], [ 664356.276266686385497, 7178175.616579996421933 ], [ 664360.906274258624762, 7178183.421573719009757 ], [ 664369.770292145316489, 7178193.607548650354147 ], [ 664375.062286900822073, 7178199.957585822790861 ], [ 664382.602268161717802, 7178206.837590945884585 ], [ 664386.949254487059079, 7178208.769597411155701 ], [ 664387.365270250244066, 7178208.95355733577162 ], [ 664391.759253387688659, 7178209.509586882777512 ], [ 664395.690284737385809, 7178210.006595509126782 ], [ 664398.874245568178594, 7178210.408572521060705 ], [ 664404.262247482198291, 7178210.835573518648744 ], [ 664412.236248613568023, 7178211.467591146938503 ], [ 664416.590253714006394, 7178212.028564549982548 ], [ 664418.189253625343554, 7178214.51055948715657 ], [ 664418.795272367540747, 7178217.174561502411962 ], [ 664418.85026633203961, 7178223.638552373275161 ], [ 664417.660264796111733, 7178229.723576108925045 ], [ 664417.514268718659878, 7178229.991581576876342 ], [ 664415.476305080577731, 7178233.726568268612027 ], [ 664414.485277359955944, 7178235.544562084600329 ], [ 664408.928270160686225, 7178240.703561060130596 ], [ 664408.18528907885775, 7178241.017587164416909 ], [ 664402.975266245892271, 7178243.217600952833891 ], [ 664402.51829600718338, 7178243.674571371637285 ], [ 664400.065292950137518, 7178246.127575401216745 ], [ 664398.213303787866607, 7178251.419569283723831 ], [ 664395.831286552944221, 7178263.590593320317566 ], [ 664395.396289597149007, 7178267.194598218426108 ], [ 664394.37627147580497, 7178275.628560500219464 ], [ 664394.641288512619212, 7178287.402611257508397 ], [ 664394.775261013070121, 7178288.920616984367371 ], [ 664395.435296832001768, 7178296.398585041984916 ], [ 664398.477291707182303, 7178306.18856493011117 ], [ 664401.917296701809391, 7178314.787565436214209 ], [ 664407.208314687362872, 7178320.078581348061562 ], [ 664413.955326087772846, 7178322.327604020014405 ], [ 664420.305303384782746, 7178322.989590236917138 ], [ 664428.375312352436595, 7178321.137598434463143 ], [ 664437.371285383589566, 7178316.639609688892961 ], [ 664450.336314265266992, 7178310.553607064299285 ], [ 664463.962292573880404, 7178302.219556871801615 ], [ 664472.460279704071581, 7178298.039561468176544 ], [ 664483.40931772289332, 7178296.266548607498407 ], [ 664495.844317853683606, 7178293.620549394749105 ], [ 664502.459308977937326, 7178289.784548589028418 ], [ 664514.363301785197109, 7178280.396543391980231 ], [ 664523.185325031052344, 7178278.191585041582584 ], [ 664534.212305603548884, 7178279.661553937010467 ], [ 664534.212306474801153, 7178284.072565787471831 ], [ 664532.007350887171924, 7178289.218563610687852 ], [ 664521.715296700363979, 7178297.304566210135818 ], [ 664510.687341594719328, 7178306.126592088490725 ], [ 664496.720299061271362, 7178316.0505475345999 ], [ 664479.07631549355574, 7178330.018572106957436 ], [ 664465.109334068605676, 7178340.310569638386369 ], [ 664458.141315879300237, 7178346.008570492267609 ], [ 664451.526325434213504, 7178353.284574603661895 ], [ 664448.616291966405697, 7178360.560577983036637 ], [ 664448.351339931366965, 7178368.894625540822744 ], [ 664448.804344560950994, 7178376.935582064092159 ], [ 664448.880333615234122, 7178378.287572135217488 ], [ 664448.938317033927888, 7178378.31357310526073 ], [ 664450.336327762342989, 7178378.948582755401731 ], [ 664450.997339476831257, 7178383.049596840515733 ], [ 664450.733302500331774, 7178389.003577880561352 ], [ 664451.689297311706468, 7178393.672585214488208 ], [ 664452.981352100963704, 7178399.98362170252949 ], [ 664456.157319439807907, 7178411.097576508298516 ], [ 664456.950349970720708, 7178413.873578025959432 ], [ 664459.861301734461449, 7178420.620588425546885 ], [ 664464.623327524750493, 7178424.060590792447329 ], [ 664471.266335055232048, 7178426.622601844370365 ], [ 664473.884316863608547, 7178427.632611346431077 ], [ 664478.287333270884119, 7178428.513592144474387 ], [ 664483.806316797388718, 7178429.616618677973747 ], [ 664493.595321117318235, 7178431.733621671795845 ], [ 664506.163317933678627, 7178434.379615950398147 ], [ 664516.20635048719123, 7178435.733618214726448 ], [ 664517.937369030551054, 7178435.966589123010635 ], [ 664520.022330480045639, 7178435.930577959865332 ], [ 664544.514340889290906, 7178435.508575948886573 ], [ 664548.629332135315053, 7178435.437591231428087 ], [ 664560.932374358410016, 7178433.45357951335609 ], [ 664570.986331783700734, 7178432.659570981748402 ], [ 664579.453375090262853, 7178433.585594933480024 ], [ 664586.596382685005665, 7178435.834617526270449 ], [ 664594.137339989072643, 7178440.067588292993605 ], [ 664601.942396452184767, 7178444.168600966222584 ], [ 664608.461380623630248, 7178447.273580928333104 ], [ 664615.813372636097483, 7178449.478597120381892 ], [ 664625.369406741927378, 7178456.830586828291416 ], [ 664621.694358450360596, 7178464.181602587923408 ], [ 664616.89137972460594, 7178469.171595025807619 ], [ 664610.673361094319262, 7178471.685573936440051 ], [ 664602.471394424326718, 7178475.257597939111292 ], [ 664595.229389232816175, 7178480.354585515335202 ], [ 664588.581379007780924, 7178488.883580673485994 ], [ 664586.94136455678381, 7178491.957617415115237 ], [ 664584.347370730363764, 7178496.820595225319266 ], [ 664583.917378251673654, 7178498.358620598912239 ], [ 664581.569356860709377, 7178506.742595340125263 ], [ 664581.569358063279651, 7178512.828595406375825 ], [ 664582.157371173845604, 7178514.188580982387066 ], [ 664583.328392507508397, 7178516.894636120647192 ], [ 664583.686363950953819, 7178517.723615751601756 ], [ 664591.491360087879002, 7178525.396589772775769 ], [ 664595.017362442798913, 7178527.927595573477447 ], [ 664601.810394882690161, 7178532.80460961908102 ], [ 664608.821384395123459, 7178540.080611040815711 ], [ 664609.351414254517294, 7178542.260604159906507 ], [ 664611.070410221582279, 7178549.340622693300247 ], [ 664611.864418909884989, 7178560.188586691394448 ], [ 664611.980385828064755, 7178560.653613639995456 ], [ 664613.981425504432991, 7178568.655629420652986 ], [ 664620.463423344073817, 7178576.725637494586408 ], [ 664627.607408571988344, 7178584.398611647076905 ], [ 664634.650380740058608, 7178592.811637276783586 ], [ 664632.660392663092352, 7178606.240596128627658 ], [ 664631.168389074038714, 7178612.208615502342582 ], [ 664633.158442018902861, 7178618.176634190604091 ], [ 664633.655391956679523, 7178626.133606309071183 ], [ 664630.517391614965163, 7178630.832643756642938 ], [ 664626.692439642036334, 7178631.604617362841964 ], [ 664625.667414923664182, 7178631.357608227059245 ], [ 664609.931387302698568, 7178627.566655790433288 ], [ 664592.417402166989632, 7178608.739628142677248 ], [ 664571.704380769748241, 7178590.809635044075549 ], [ 664563.84237805835437, 7178584.530643317848444 ], [ 664558.154387054033577, 7178577.915652541443706 ], [ 664552.591395577299409, 7178568.755617153830826 ], [ 664543.205405402462929, 7178561.114625873044133 ], [ 664531.166398874251172, 7178550.663636851124465 ], [ 664516.569347249809653, 7178540.084657577797771 ], [ 664510.793343685683794, 7178534.259645044803619 ], [ 664507.747382572153583, 7178529.792603506706655 ], [ 664504.575383451301605, 7178523.411621081642807 ], [ 664501.400332500343211, 7178516.664610733278096 ], [ 664500.871339128469117, 7178508.859616199508309 ], [ 664499.681334014981985, 7178496.820611940696836 ], [ 664496.373347860528156, 7178487.031608665362 ], [ 664490.949334051110782, 7178480.813590593636036 ], [ 664483.938344985246658, 7178475.786613173782825 ], [ 664479.865345566882752, 7178473.982597410678864 ], [ 664474.677355540683493, 7178471.685600787401199 ], [ 664472.292345030466095, 7178470.921624014154077 ], [ 664461.051313687115908, 7178467.319635580293834 ], [ 664453.584331438993104, 7178465.250605771318078 ], [ 664450.071329883183353, 7178464.277644794434309 ], [ 664441.217323499615304, 7178462.895627150312066 ], [ 664433.402318236418068, 7178458.456601697020233 ], [ 664426.523348193615675, 7178453.164609534665942 ], [ 664420.43832389684394, 7178449.063596521504223 ], [ 664409.590298237977549, 7178446.550597541034222 ], [ 664399.006311226403341, 7178446.550599629059434 ], [ 664386.703329908079468, 7178447.8726238720119 ], [ 664376.120319825131446, 7178449.7256537694484 ], [ 664363.817338976310566, 7178453.429636619985104 ], [ 664346.751295755850151, 7178458.853652581572533 ], [ 664340.004285137401894, 7178460.573625046759844 ], [ 664339.706311401096173, 7178460.42463825084269 ], [ 664335.506297734333202, 7178458.324662964791059 ], [ 664333.358286654576659, 7178456.850663993507624 ], [ 664332.46430397988297, 7178454.222611751407385 ], [ 664330.21527901745867, 7178449.328629030846059 ], [ 664333.519294642726891, 7178442.678663328289986 ], [ 664338.297308938344941, 7178432.386606574058533 ], [ 664340.136296987184323, 7178423.928657307289541 ], [ 664339.032290994073264, 7178414.743657656945288 ], [ 664339.032289545051754, 7178407.392642624676228 ], [ 664341.238282878184691, 7178402.981630338355899 ], [ 664347.854310907889158, 7178395.629637438803911 ], [ 664355.206300308695063, 7178384.602594641968608 ], [ 664358.657288145273924, 7178375.509635131806135 ], [ 664361.08727952116169, 7178365.856617089360952 ], [ 664362.189267874229699, 7178357.402635253965855 ], [ 664359.984309133258648, 7178346.559615384787321 ], [ 664354.470266991527751, 7178332.959637467749417 ], [ 664353.000294547062367, 7178325.975627211853862 ], [ 664349.3242655582726, 7178312.375587899237871 ], [ 664346.090255136368796, 7178308.172584550455213 ], [ 664335.242289991816506, 7178303.01358881033957 ], [ 664321.38925887318328, 7178301.348613096401095 ], [ 664313.414280901197344, 7178299.309612691402435 ], [ 664307.054292773944326, 7178293.261577757075429 ], [ 664300.070279203122482, 7178277.823586973361671 ], [ 664293.821252905530855, 7178271.207619745284319 ], [ 664285.000266028102487, 7178267.164590682834387 ], [ 664277.648274270584807, 7178266.245585553348064 ], [ 664266.621232735225931, 7178265.142621140927076 ], [ 664251.551220937166363, 7178261.466597796417773 ], [ 664246.037241862039082, 7178258.158614654093981 ], [ 664223.616213385714218, 7178246.028611141256988 ], [ 664212.588254512171261, 7178235.736618541181087 ], [ 664204.134210143238306, 7178226.915634103119373 ], [ 664197.923209260799922, 7178222.844589382410049 ], [ 664192.631215314730071, 7178220.595627458766103 ], [ 664186.678210772690363, 7178219.933641159906983 ], [ 664180.592210906324908, 7178220.860583510249853 ], [ 664179.345201459247619, 7178221.572620067745447 ], [ 664175.962205392657779, 7178223.505604618228972 ], [ 664171.788194120745175, 7178228.56963259074837 ], [ 664170.406237039482221, 7178235.015618368983269 ], [ 664171.067249354324304, 7178242.159601967781782 ], [ 664171.20024671277497, 7178250.890622202306986 ], [ 664169.480215744813904, 7178256.975646041333675 ], [ 664164.71721526933834, 7178263.061647046357393 ], [ 664158.367239120183513, 7178268.220646174624562 ], [ 664151.48820984410122, 7178272.057623591274023 ], [ 664141.566211139550433, 7178276.290658836252987 ], [ 664131.777208071667701, 7178280.523633018136024 ], [ 664121.723190211341716, 7178284.360611061565578 ], [ 664113.345197636866942, 7178285.542619843035936 ], [ 664106.361186820780858, 7178284.072650145739317 ], [ 664105.993205049540848, 7178280.396623904816806 ], [ 664107.4632363562705, 7178276.353653849102557 ], [ 664108.199197223875672, 7178270.104628697037697 ], [ 664106.728187253349461, 7178263.488660525530577 ], [ 664097.171238713082857, 7178261.650649251416326 ], [ 664085.777192981680855, 7178262.018632544204593 ], [ 664082.836212522350252, 7178258.34266784414649 ], [ 664082.101226480095647, 7178255.7696692943573 ], [ 664081.366179042961448, 7178251.358657589182258 ], [ 664082.836210206383839, 7178246.580640962347388 ], [ 664093.496183035662398, 7178231.509651189669967 ], [ 664098.642178962472826, 7178224.158635145053267 ], [ 664098.642178382608108, 7178221.218631967902184 ], [ 664096.069178320933133, 7178214.234621929004788 ], [ 664087.247213035007007, 7178200.817628107964993 ], [ 664071.442210928304121, 7178172.882626643404365 ], [ 664064.458199100103229, 7178166.266598524525762 ], [ 664054.533208477078006, 7178164.428648357279599 ], [ 664044.241152332862839, 7178162.590637225657701 ], [ 664034.685179848806001, 7178158.179627257399261 ], [ 664025.863155664177611, 7178155.606630300171673 ], [ 664020.71715865272563, 7178157.444644469767809 ], [ 664015.203181026503444, 7178161.487615320831537 ], [ 664006.382197332801297, 7178173.617624985054135 ], [ 663998.663141866447404, 7178181.888624675571918 ], [ 663988.003168093971908, 7178192.180621545761824 ], [ 663978.583184293122031, 7178199.561667734757066 ], [ 663970.116142812650651, 7178207.895655868574977 ], [ 663968.132195760495961, 7178213.980679761618376 ], [ 663967.073175908531994, 7178221.124663697555661 ], [ 663966.684199863346294, 7178226.731659810990095 ], [ 663966.412167082540691, 7178231.70767429843545 ], [ 663962.708187996177003, 7178238.454686 ], [ 663962.643185555818491, 7178238.539646971970797 ], [ 663957.284176821471192, 7178245.598670796491206 ], [ 663950.272152998484671, 7178254.991679906845093 ], [ 663944.977170633152127, 7178264.454696021974087 ], [ 663944.054197094868869, 7178266.103683434426785 ], [ 663937.704161366564222, 7178278.67168100643903 ], [ 663932.280150503618643, 7178287.402702333405614 ], [ 663928.457153562223539, 7178297.856685204431415 ], [ 663924.87219292903319, 7178303.939695251174271 ], [ 663923.679200692335144, 7178310.169677520170808 ], [ 663924.872195399482735, 7178316.507691574282944 ], [ 663927.386174638522789, 7178324.444704793393612 ], [ 663932.942207803716883, 7178332.117679262533784 ], [ 663934.832162259612232, 7178334.007694013416767 ], [ 663938.730174250435084, 7178337.905704481527209 ], [ 663939.027171452762559, 7178338.202701567672193 ], [ 663939.477183835348114, 7178338.528690330684185 ], [ 663943.794202126562595, 7178341.651676106266677 ], [ 663951.463211473077536, 7178347.198673062026501 ], [ 663963.376179193495773, 7178351.705690895207226 ], [ 663975.506187313003466, 7178352.808716128580272 ], [ 663985.798182568745688, 7178355.381712798029184 ], [ 663989.474209597101435, 7178359.056700791232288 ], [ 663991.679228609544225, 7178366.040710902772844 ], [ 663993.517181886360049, 7178371.921693464741111 ], [ 663993.884187746210955, 7178378.905703936703503 ], [ 663992.78219909965992, 7178385.889714699238539 ], [ 663989.474216685630381, 7178395.078682504594326 ], [ 663988.003209971822798, 7178405.003673082217574 ], [ 663989.474219795549288, 7178410.884716752916574 ], [ 663992.782205247320235, 7178417.132703512907028 ], [ 663993.517191578284837, 7178421.176710732281208 ], [ 663990.209208151092753, 7178425.219681149348617 ], [ 663986.533243386307731, 7178427.792680567130446 ], [ 663976.976234929752536, 7178431.65169220790267 ], [ 663963.008216115646064, 7178443.04671735316515 ], [ 663949.041235259850509, 7178456.279694620519876 ], [ 663931.765231787227094, 7178465.468726208433509 ], [ 663914.122224119259045, 7178476.127728941850364 ], [ 663896.846221514977515, 7178489.727711346000433 ], [ 663884.716215524822474, 7178499.468744015321136 ], [ 663874.469206452136859, 7178513.489745651371777 ], [ 663866.664213496842422, 7178521.956729296594858 ], [ 663863.459196238778532, 7178525.161747822538018 ], [ 663863.37917914474383, 7178525.241764947772026 ], [ 663861.769193708780222, 7178526.851751022040844 ], [ 663862.166228226851672, 7178530.555731368251145 ], [ 663867.808197942795232, 7178533.284734850749373 ], [ 663878.835179175483063, 7178538.096745612099767 ], [ 663888.759194317623042, 7178545.414738666266203 ], [ 663901.624189058551565, 7178552.031742196530104 ], [ 663912.651230958406813, 7178554.971743207424879 ], [ 663918.522203852422535, 7178553.706727087497711 ], [ 663922.869250549585558, 7178552.257751258090138 ], [ 663928.047230014577508, 7178550.531736621633172 ], [ 663934.265249116113409, 7178550.399716321378946 ], [ 663939.689200663124211, 7178550.399715255945921 ], [ 663946.436212272266857, 7178553.706721595488489 ], [ 663953.976254488690756, 7178560.188716374337673 ], [ 663960.062255816883408, 7178566.671749034896493 ], [ 663966.544253023457713, 7178571.565730922855437 ], [ 663970.021243858616799, 7178572.701716853305697 ], [ 663973.026249683694914, 7178573.682734575122595 ], [ 663979.917242618277669, 7178573.717767408117652 ], [ 663983.477240354754031, 7178570.110710135661066 ], [ 663985.188239098410122, 7178569.001761766150594 ], [ 663988.372260481235571, 7178566.935720581561327 ], [ 663993.51721971295774, 7178564.160755490884185 ], [ 664000.501230459311046, 7178565.263720702379942 ], [ 664003.074229509104043, 7178567.101733354851604 ], [ 664002.706249183742329, 7178570.777759743854403 ], [ 663999.030223672743887, 7178574.820730233564973 ], [ 663997.560253398725763, 7178578.863761326298118 ], [ 663999.030225046677515, 7178581.804740780964494 ], [ 664004.544265447533689, 7178586.582756035029888 ], [ 664015.571246963343583, 7178592.831717839464545 ], [ 664021.452230598777533, 7178596.506766435690224 ], [ 664022.555258795619011, 7178599.447745963931084 ], [ 664018.879232634208165, 7178600.182732222601771 ], [ 664006.014238830190152, 7178598.344721596688032 ], [ 663988.37122761644423, 7178590.993771069683135 ], [ 663971.09522204566747, 7178589.52374236099422 ], [ 663962.311223411466926, 7178590.219728151336312 ], [ 663955.290226009790786, 7178592.463748650625348 ], [ 663945.73321729793679, 7178595.036749225109816 ], [ 663937.704224211862311, 7178598.156746707856655 ], [ 663931.397216636105441, 7178602.3887436427176 ], [ 663923.311217459733598, 7178609.371779216453433 ], [ 663921.473206004011445, 7178618.009782240726054 ], [ 663921.8412517021643, 7178636.388754079118371 ], [ 663924.078254192136228, 7178648.692772850394249 ], [ 663933.23524110368453, 7178659.912744577974081 ], [ 663935.059278482221998, 7178666.419764900580049 ], [ 663936.382278213161044, 7178673.298794692382216 ], [ 663939.557267734198831, 7178678.060758158564568 ], [ 663947.571248130407184, 7178684.907804204151034 ], [ 663956.760277167893946, 7178689.318753212690353 ], [ 663963.376246409490705, 7178693.361782715655863 ], [ 663969.992277771933004, 7178702.918790656141937 ], [ 663978.814241721644066, 7178709.534757383167744 ], [ 663986.533299690810964, 7178713.945767717435956 ], [ 664001.236245974316262, 7178717.621791141107678 ], [ 664015.203291630372405, 7178723.502771318890154 ], [ 664024.025255220360123, 7178728.280785921961069 ], [ 664026.231311037787236, 7178731.221765233203769 ], [ 664020.717271937988698, 7178733.059779476374388 ], [ 664000.133281995542347, 7178730.853789318352938 ], [ 663979.917273174156435, 7178729.015780137851834 ], [ 663966.317292895633727, 7178722.399753315374255 ], [ 663944.998256817576475, 7178722.399757510051131 ], [ 663939.852260090410709, 7178725.707803789526224 ], [ 663939.852260524989106, 7178727.913797997869551 ], [ 663941.689237056998536, 7178732.875773983076215 ], [ 663946.100250995717943, 7178743.534772382117808 ], [ 663943.895295040681958, 7178746.843794645741582 ], [ 663937.279265776625834, 7178747.945785969495773 ], [ 663931.398283513844945, 7178751.253771358169615 ], [ 663927.354277820908464, 7178759.708791373297572 ], [ 663925.149261844577268, 7178768.162773428484797 ], [ 663923.31124934181571, 7178771.470819057896733 ], [ 663923.681245589395985, 7178776.750788575969636 ], [ 663927.650241787428968, 7178782.174800392240286 ], [ 663933.074255827814341, 7178789.583797773346305 ], [ 663939.557292352197692, 7178803.20983752887696 ], [ 663943.527265176875517, 7178808.962828920222819 ], [ 663953.452256241696887, 7178813.005796737037599 ], [ 663960.803272199002095, 7178817.784788193181157 ], [ 663969.257316209492274, 7178824.767820516601205 ], [ 663979.244319983758032, 7178833.768797382712364 ], [ 663986.388304532505572, 7178838.001829270273447 ], [ 663995.722291742567904, 7178840.573788530193269 ], [ 664006.749271744745784, 7178839.103815286420286 ], [ 664019.614326078910381, 7178838.367789620533586 ], [ 664029.53931699891109, 7178841.676809497177601 ], [ 664034.131299675209448, 7178849.548819854855537 ], [ 664034.685316113056615, 7178850.497794594615698 ], [ 664032.112317858496681, 7178852.703789308667183 ], [ 664029.171338265179656, 7178853.438775423914194 ], [ 664021.452281091362238, 7178853.070795893669128 ], [ 664010.057319716084749, 7178852.887814693152905 ], [ 663989.841311397380196, 7178853.622804205864668 ], [ 663970.728268361883238, 7178847.741825039498508 ], [ 663958.230279041919857, 7178845.903814340941608 ], [ 663940.95427411631681, 7178847.74183089658618 ], [ 663905.66825464181602, 7178848.108842324465513 ], [ 663898.684305940521881, 7178852.151813466101885 ], [ 663891.332254625041969, 7178858.768820974044502 ], [ 663890.96525122364983, 7178864.281822923570871 ], [ 663892.435284195817076, 7178868.692834489047527 ], [ 663896.11125069775153, 7178874.941858778707683 ], [ 663897.2142799787689, 7178883.395840184763074 ], [ 663896.111255432479084, 7178899.017853615805507 ], [ 663889.862293494632468, 7178909.309849627315998 ], [ 663889.495289731305093, 7178912.984838417731225 ], [ 663889.495290309074335, 7178915.925818162970245 ], [ 663894.273308300995268, 7178924.379859881475568 ], [ 663896.11126222810708, 7178933.568826681002975 ], [ 663895.743282623705454, 7178940.920879388228059 ], [ 663892.435300856013782, 7178953.417831432074308 ], [ 663892.435301507473923, 7178956.72587669827044 ], [ 663895.743286309647374, 7178959.666855793446302 ], [ 663901.624270018888637, 7178963.709885442629457 ], [ 663905.668278316035867, 7178968.487839953042567 ], [ 663907.13831497495994, 7178991.644888959825039 ], [ 663908.608289190102369, 7179007.633845340460539 ], [ 663903.830336642218754, 7179021.601867379620671 ], [ 663903.83033743686974, 7179025.64489818457514 ], [ 663906.403337934054434, 7179034.834902438335121 ], [ 663907.873310450348072, 7179042.185856152325869 ], [ 663908.241293811821379, 7179053.947882971726358 ], [ 663911.916345148580149, 7179062.034859385341406 ], [ 663913.019313683384098, 7179071.958872903138399 ], [ 663911.549346082611009, 7179089.602859577164054 ], [ 663907.138336770469323, 7179102.467914959415793 ], [ 663907.505343207507394, 7179112.391867587342858 ], [ 663911.549351938883774, 7179119.375877343118191 ], [ 663917.062354600173421, 7179123.418907064013183 ], [ 663924.046365133952349, 7179123.418905690312386 ], [ 663935.44132582610473, 7179120.110858181491494 ], [ 663939.852337309275754, 7179118.272905189543962 ], [ 663947.203351533506066, 7179114.229872938245535 ], [ 663954.922346879728138, 7179110.553906137123704 ], [ 663964.479355958406813, 7179109.818857684731483 ], [ 663971.830371485557407, 7179112.39185493439436 ], [ 663974.036366267711855, 7179115.331857683137059 ], [ 663974.771352526266128, 7179119.007883857935667 ], [ 663975.138359289732762, 7179130.5868661981076 ], [ 663976.976373674580827, 7179136.834914289414883 ], [ 663985.430357592529617, 7179148.597855046391487 ], [ 663993.88434064341709, 7179155.94886842276901 ], [ 664001.603337075910531, 7179157.78688006196171 ], [ 664008.587348115397617, 7179160.35987738519907 ], [ 664013.36634252849035, 7179168.078872532583773 ], [ 664015.57136168773286, 7179175.797868187539279 ], [ 664017.776382366195321, 7179191.235859930515289 ], [ 664021.085343951475807, 7179195.278890086337924 ], [ 664024.02534850127995, 7179202.262900060042739 ], [ 664024.035358870401978, 7179205.31490278057754 ], [ 664021.820392763707787, 7179206.673912349157035 ], [ 664019.247394289704971, 7179207.775902880355716 ], [ 664012.630388459423557, 7179208.878870768472552 ], [ 664003.441360355704091, 7179209.246914661489427 ], [ 663997.560376898851246, 7179206.489896079525352 ], [ 663978.446355845080689, 7179193.256925309076905 ], [ 663963.376343524781987, 7179187.008879822678864 ], [ 663950.879330835305154, 7179185.537873608991504 ], [ 663943.895381696289405, 7179187.375888142734766 ], [ 663936.544367760536261, 7179192.889929065480828 ], [ 663928.45733134180773, 7179201.710916768759489 ], [ 663923.679376480635256, 7179203.916911916807294 ], [ 663909.711355049628764, 7179202.078901505097747 ], [ 663898.316332597634755, 7179201.710922696627676 ], [ 663890.965318009955809, 7179203.916918350383639 ], [ 663883.613327366416343, 7179208.694936140440404 ], [ 663881.408372205100022, 7179216.046928175725043 ], [ 663880.673327694879845, 7179226.521906550973654 ], [ 663880.305348091060296, 7179233.873898223973811 ], [ 663882.14336297987029, 7179242.694945011287928 ], [ 663882.143364209448919, 7179248.943908992223442 ], [ 663881.776360806194134, 7179254.457948541268706 ], [ 663883.246332961483859, 7179259.97095013409853 ], [ 663889.127378359087743, 7179267.322940578684211 ], [ 663895.376343189855106, 7179271.733951208181679 ], [ 663905.300357770291157, 7179276.14392351359129 ], [ 663907.939336288138293, 7179280.253909382969141 ], [ 663906.035344895441085, 7179284.230961544439197 ], [ 663900.522343895980157, 7179288.641913449391723 ], [ 663892.803348764893599, 7179293.419931311160326 ], [ 663883.613345108926296, 7179298.933972595259547 ], [ 663881.216372863855213, 7179304.066969968378544 ], [ 663880.422367669641972, 7179310.945939147844911 ], [ 663880.305365581181832, 7179322.825947053730488 ], [ 663878.467355281929485, 7179337.34493301436305 ], [ 663874.424387326696888, 7179346.533962010405958 ], [ 663865.603342656977475, 7179359.03097617905587 ], [ 663859.721385272103362, 7179369.69095317274332 ], [ 663858.986339785042219, 7179375.203955197706819 ], [ 663859.721389319049194, 7179390.274942747317255 ], [ 663860.824357710429467, 7179399.463970731012523 ], [ 663863.030353756970726, 7179408.836958505213261 ], [ 663869.646384184248745, 7179413.615950111299753 ], [ 663879.570398403564468, 7179416.188946857117116 ], [ 663897.581389383645728, 7179416.92398988828063 ], [ 663918.900364731438458, 7179418.393956771120429 ], [ 663926.98740375530906, 7179422.804967037402093 ], [ 663932.86838754103519, 7179427.215977737680078 ], [ 663935.808391802711412, 7179432.728979039937258 ], [ 663933.23539412394166, 7179437.874976940453053 ], [ 663927.354412001674064, 7179441.917947869747877 ], [ 663917.062417816836387, 7179444.858990674838424 ], [ 663905.668372213491239, 7179445.961959503591061 ], [ 663900.154394290642813, 7179448.534959284588695 ], [ 663894.710362998186611, 7179452.762988768517971 ], [ 663892.43540009658318, 7179458.090993490070105 ], [ 663892.803382447222248, 7179464.707999484613538 ], [ 663896.429422452580184, 7179472.341972870752215 ], [ 663900.522380832466297, 7179476.469963830895722 ], [ 663912.284407918341458, 7179477.572989139705896 ], [ 663921.473375278175808, 7179478.674977358430624 ], [ 663930.295399404712953, 7179480.88096983358264 ], [ 663935.073416460538283, 7179484.556995213031769 ], [ 663937.279411820927635, 7179490.437977711670101 ], [ 663936.176385358674452, 7179496.318960858508945 ], [ 663935.594415112165734, 7179496.900992371141911 ], [ 663931.398431000998244, 7179501.096978144720197 ], [ 663924.414421439403668, 7179506.059016905725002 ], [ 663908.241383517975919, 7179510.102966420352459 ], [ 663894.842394688748755, 7179516.924992263317108 ], [ 663890.741381623432972, 7179522.745001865550876 ], [ 663889.286426869570278, 7179531.211984273046255 ], [ 663888.095388223649934, 7179539.810985704883933 ], [ 663889.815422005485743, 7179548.013013806194067 ], [ 663894.209407527465373, 7179560.672989288344979 ], [ 663895.371395781636238, 7179564.021012367680669 ], [ 663900.530395866720937, 7179575.265032751485705 ], [ 663913.019417777657509, 7179601.260031985118985 ], [ 663919.184459594660439, 7179607.412009868770838 ], [ 663919.701427529100329, 7179607.568992229178548 ], [ 663926.592420877423137, 7179609.661032417789102 ], [ 663935.569412970216945, 7179610.171040547080338 ], [ 663938.234452731790952, 7179610.323017600923777 ], [ 663948.023456908063963, 7179611.646014057099819 ], [ 663953.183431734680198, 7179613.630022332072258 ], [ 663959.400414182338864, 7179618.260027164593339 ], [ 663967.470424933708273, 7179625.404009316116571 ], [ 663972.100431496626697, 7179628.050005168654025 ], [ 663975.990447230753489, 7179628.617021147161722 ], [ 663978.450469890492968, 7179628.976029544137418 ], [ 663981.280426524928771, 7179628.323013685643673 ], [ 663982.540436549461447, 7179628.031997738406062 ], [ 663983.610444093705155, 7179627.78498818911612 ], [ 663991.81247147382237, 7179622.494030646979809 ], [ 663995.082430364331231, 7179620.338023599237204 ], [ 663997.633456062758341, 7179618.656992398202419 ], [ 664002.660434730467387, 7179617.995980499312282 ], [ 664007.158483096864074, 7179619.847969828173518 ], [ 664012.496436799643561, 7179623.435982381924987 ], [ 664015.939431561739184, 7179627.174019759520888 ], [ 664023.959456399083138, 7179643.924998980015516 ], [ 664029.383471018401906, 7179654.244031285867095 ], [ 664033.087452948326245, 7179661.917006129398942 ], [ 664035.7334508508211, 7179667.737014405429363 ], [ 664040.098442620714195, 7179669.98597651720047 ], [ 664046.052484587416984, 7179669.721998229622841 ], [ 664051.211482331273146, 7179669.060009741224349 ], [ 664057.296506323851645, 7179671.573986230418086 ], [ 664061.927489761728793, 7179675.807018616236746 ], [ 664069.467470485251397, 7179679.908031351864338 ], [ 664075.553471195395105, 7179683.216014390811324 ], [ 664079.78650453640148, 7179683.479990674182773 ], [ 664084.813482944387943, 7179681.495980393141508 ], [ 664088.782477557426319, 7179678.849982849322259 ], [ 664094.735481614246964, 7179676.997991463169456 ], [ 664099.762460308265872, 7179676.468998640775681 ], [ 664103.995493699563667, 7179676.997989639639854 ], [ 664108.626476565492339, 7179678.320987109094858 ], [ 664113.38850178825669, 7179678.849978004582226 ], [ 664117.756483869277872, 7179679.000978158786893 ], [ 664121.458511577453464, 7179681.099000422284007 ], [ 664125.162492571398616, 7179684.008973574265838 ], [ 664126.485492043429986, 7179689.565981553867459 ], [ 664128.337483216659166, 7179694.460025398060679 ], [ 664137.455528372665867, 7179698.924013989046216 ], [ 664138.391503463499248, 7179702.661990825086832 ], [ 664134.952477010665461, 7179704.117985522374511 ], [ 664128.866477054194547, 7179704.646978555247188 ], [ 664122.913472659653053, 7179704.778998802416027 ], [ 664119.474507474689744, 7179707.424996243789792 ], [ 664111.139485705876723, 7179719.065992040559649 ], [ 664108.199483686476015, 7179724.947036588564515 ], [ 664104.155476903542876, 7179727.888017132878304 ], [ 664101.215473363758065, 7179726.050004551187158 ], [ 664095.33448892517481, 7179718.331009615212679 ], [ 664086.512463494436815, 7179709.508987635374069 ], [ 664082.46949365735054, 7179709.141983943991363 ], [ 664076.220469160936773, 7179711.714983871206641 ], [ 664065.928476131055504, 7179720.536033051088452 ], [ 664056.739509890088812, 7179725.131006726995111 ], [ 664050.123481340473518, 7179729.909024374559522 ], [ 664044.242499145213515, 7179733.585051853209734 ], [ 664039.096501906751655, 7179734.320038403384387 ], [ 664036.155460696783848, 7179732.115021334961057 ], [ 664032.112489629886113, 7179725.498992623761296 ], [ 664027.333495432510972, 7179718.882048530504107 ], [ 664022.555478737223893, 7179717.045012872666121 ], [ 664017.041500448947772, 7179717.779999494552612 ], [ 664007.117488540243357, 7179726.969029652886093 ], [ 664000.133479085052386, 7179732.482032909989357 ], [ 663995.355462534935214, 7179731.380043825134635 ], [ 663986.166494521661662, 7179726.969033773988485 ], [ 663981.228442932944745, 7179721.712014373391867 ], [ 663980.504443647689186, 7179721.308022713288665 ], [ 663976.731493069441058, 7179719.199014133773744 ], [ 663971.439438468893059, 7179718.934061494655907 ], [ 663967.052475119126029, 7179722.191021190956235 ], [ 663959.400436173891649, 7179730.04704274982214 ], [ 663955.696457522572018, 7179739.043017433956265 ], [ 663952.38945115916431, 7179745.657033429481089 ], [ 663950.944443674874492, 7179746.685049111023545 ], [ 663950.644455848494545, 7179746.898061919957399 ], [ 663946.436447570566088, 7179749.891044462099671 ], [ 663939.821456328616478, 7179753.198053434491158 ], [ 663930.031476341071539, 7179755.712033048272133 ], [ 663919.3164469829062, 7179756.638060781173408 ], [ 663911.114479101728648, 7179754.124023672193289 ], [ 663905.42545166623313, 7179753.463074915111065 ], [ 663898.678441089228727, 7179755.447085533291101 ], [ 663892.068454877007753, 7179759.49902877677232 ], [ 663888.889438808779232, 7179763.781073943711817 ], [ 663886.904453817871399, 7179768.14704223535955 ], [ 663886.90445410751272, 7179769.620065068826079 ], [ 663886.904454677598551, 7179772.513071171939373 ], [ 663888.392432180116884, 7179777.877085909247398 ], [ 663894.842447341419756, 7179784.683055602014065 ], [ 663896.825480468804017, 7179786.740062569268048 ], [ 663901.986432522069663, 7179792.092052655294538 ], [ 663906.083480182685889, 7179795.828075745142996 ], [ 663906.48448133142665, 7179796.19306599162519 ], [ 663911.181443331413902, 7179798.094066526740789 ], [ 663914.818468394456431, 7179799.23603387363255 ], [ 663917.728442788007669, 7179801.881053501740098 ], [ 663917.861439284868538, 7179806.247082412242889 ], [ 663915.960438757785596, 7179810.959059077315032 ], [ 663911.549489175551571, 7179817.207047367468476 ], [ 663904.197498090914451, 7179819.780047509819269 ], [ 663889.862472417298704, 7179819.229085834696889 ], [ 663876.630474542616867, 7179819.597069486044347 ], [ 663865.235452589113265, 7179821.802089374512434 ], [ 663852.738440106040798, 7179821.434110780246556 ], [ 663848.694433105876669, 7179823.272063701413572 ], [ 663845.754431083798409, 7179829.153108248487115 ], [ 663841.343483738368377, 7179846.797095516696572 ], [ 663836.197488160105422, 7179855.986063699238002 ], [ 663828.478433651500382, 7179869.218124230392277 ], [ 663819.289468742441386, 7179880.613087419420481 ], [ 663809.732461280771531, 7179889.619134057313204 ], [ 663799.808449078002013, 7179897.338132103905082 ], [ 663792.089454662753269, 7179905.792115254327655 ], [ 663789.516457270248793, 7179912.408145267516375 ], [ 663792.089456975227222, 7179917.554142158478498 ], [ 663800.17545883753337, 7179924.170109041035175 ], [ 663803.164473925367929, 7179927.559147398918867 ], [ 663804.75144994049333, 7179930.205143850296736 ], [ 663808.588488569366746, 7179938.010137749835849 ], [ 663808.673449588706717, 7179938.313116325065494 ], [ 663810.043446002760902, 7179943.169135352596641 ], [ 663808.629445435130037, 7179949.533150915056467 ], [ 663805.689444783958606, 7179962.397107387892902 ], [ 663802.381465901504271, 7179989.598103700205684 ], [ 663802.237486247438937, 7180001.37813600897789 ], [ 663803.851502306992188, 7180011.468165103346109 ], [ 663807.926456287968904, 7180020.560146587900817 ], [ 663814.541511322953738, 7180031.276151420548558 ], [ 663819.289500602171756, 7180042.712127506732941 ], [ 663823.272474757395685, 7180052.707124374806881 ], [ 663825.170486340532079, 7180057.047151956707239 ], [ 663827.743485972518101, 7180061.825167799368501 ], [ 663830.683490379946306, 7180068.074131207540631 ], [ 663842.719509339774959, 7180094.511147261597216 ], [ 663850.524506652494892, 7180108.137125743553042 ], [ 663871.484537356183864, 7180125.782145626842976 ], [ 663889.495530556538142, 7180137.72812900133431 ], [ 663900.154530609026551, 7180141.772134279832244 ], [ 663906.770560825127177, 7180145.447182737290859 ], [ 663914.686518467846327, 7180150.868142027407885 ], [ 663922.22656030789949, 7180155.365150963887572 ], [ 663930.958557859295979, 7180159.070167276076972 ], [ 663939.821536887087859, 7180162.774145964533091 ], [ 663948.949530655983835, 7180166.610143676400185 ], [ 663955.96155678469222, 7180168.85916630551219 ], [ 663961.914561573183164, 7180170.711155351251364 ], [ 663968.793531158822589, 7180173.622165476903319 ], [ 663975.275528300437145, 7180178.120151182636619 ], [ 663978.715532282716595, 7180181.559177257120609 ], [ 663982.151568776345812, 7180183.978122508153319 ], [ 663985.991535866633058, 7180185.528170973062515 ], [ 663989.166586065664887, 7180188.438144231215119 ], [ 663991.018577108858153, 7180192.672153729014099 ], [ 663992.076561527559534, 7180196.508153028786182 ], [ 663996.574549251934513, 7180200.345128214918077 ], [ 663999.749537789844908, 7180200.080173910595477 ], [ 664003.057583263027482, 7180201.138156926259398 ], [ 664008.745573675492778, 7180204.710178196430206 ], [ 664018.138582393992692, 7180209.737155163660645 ], [ 664021.974582700058818, 7180213.838168630376458 ], [ 664026.605565881123766, 7180216.749118166044354 ], [ 664034.145607462385669, 7180219.92416631616652 ], [ 664039.702555050025694, 7180221.908174514770508 ], [ 664049.359601141419262, 7180222.967132843099535 ], [ 664061.794602318317629, 7180225.480131521821022 ], [ 664073.436573795508593, 7180229.449124377220869 ], [ 664079.91857067879755, 7180232.624111700803041 ], [ 664091.957575922831893, 7180236.460169873200357 ], [ 664099.497617191635072, 7180238.048120450228453 ], [ 664106.244628971791826, 7180242.14913334697485 ], [ 664114.44659735262394, 7180247.176110547035933 ], [ 664120.92963199026417, 7180251.145165452733636 ], [ 664123.839606360881589, 7180253.658166005276144 ], [ 664126.617623028345406, 7180257.892114287242293 ], [ 664128.999583248631097, 7180266.094142265617847 ], [ 664131.64460407057777, 7180269.269130343571305 ], [ 664136.142591483076103, 7180271.518153465352952 ], [ 664140.51759289437905, 7180273.103113943710923 ], [ 664141.831619416945614, 7180274.693140944465995 ], [ 664143.022599476855248, 7180278.529140217229724 ], [ 664142.199601977714337, 7180282.367154048755765 ], [ 664141.464617382152937, 7180287.146147105842829 ], [ 664142.567645545932464, 7180289.902129033580422 ], [ 664145.691609167843126, 7180292.108122630044818 ], [ 664148.815633462974802, 7180292.475126503035426 ], [ 664158.37264259159565, 7180291.924160124734044 ], [ 664165.356653098599054, 7180291.740137706510723 ], [ 664169.583644124679267, 7180292.843164497986436 ], [ 664174.913602097542025, 7180295.783166636712849 ], [ 664182.080657935584895, 7180299.919152601622045 ], [ 664194.02664638007991, 7180307.821129793301225 ], [ 664205.421670694136992, 7180317.56215785164386 ], [ 664210.935650506173261, 7180324.546167327091098 ], [ 664211.287641637842171, 7180331.134120590984821 ], [ 664209.328658443526365, 7180339.621122640557587 ], [ 664199.796674861339852, 7180345.888154918327928 ], [ 664196.458662152523175, 7180350.084140527062118 ], [ 664195.618635544902645, 7180352.416172536090016 ], [ 664194.312666801968589, 7180356.595128930173814 ], [ 664195.618637320934795, 7180361.426123552024364 ], [ 664195.618638169020414, 7180365.73514564242214 ], [ 664187.262618312612176, 7180367.301126688718796 ], [ 664183.867658345028758, 7180364.168130956590176 ], [ 664182.03965364350006, 7180357.509133044630289 ], [ 664179.324625441222452, 7180354.135170321911573 ], [ 664174.361612005508505, 7180356.708169998601079 ], [ 664167.771643477492034, 7180351.373147969134152 ], [ 664166.642614693380892, 7180350.459146494977176 ], [ 664165.907627855078317, 7180343.843178164213896 ], [ 664165.172641232609749, 7180338.33017642237246 ], [ 664161.680635489523411, 7180335.940161854028702 ], [ 664158.923616061918437, 7180337.503151074051857 ], [ 664152.811616660444997, 7180345.866130476817489 ], [ 664140.376617904403247, 7180355.655136873945594 ], [ 664126.485624844674021, 7180363.990163696929812 ], [ 664110.03762327414006, 7180367.09215746819973 ], [ 664093.128621863550507, 7180364.151181047782302 ], [ 664075.093643140979111, 7180358.846190575510263 ], [ 664065.561596233514138, 7180353.492187188006938 ], [ 664059.680612369673327, 7180348.71417199447751 ], [ 664057.842598127084784, 7180343.200193906202912 ], [ 664054.534611944807693, 7180333.276180809363723 ], [ 664046.447633946780115, 7180328.865170538425446 ], [ 664033.950621166732162, 7180327.027159835211933 ], [ 664012.26360378076788, 7180325.92419751547277 ], [ 663997.193592344061472, 7180324.270208360627294 ], [ 663992.738573568989523, 7180321.39215674996376 ], [ 663987.049606150947511, 7180315.571172505617142 ], [ 663982.638593073002994, 7180309.334172278642654 ], [ 663979.37656742031686, 7180304.723148800432682 ], [ 663972.497596845496446, 7180296.786197455599904 ], [ 663959.533602586598136, 7180287.922184086404741 ], [ 663944.848539574770257, 7180284.218206541612744 ], [ 663933.896571566583589, 7180284.604195122607052 ], [ 663933.603541710181162, 7180284.61518151126802 ], [ 663924.47554843313992, 7180283.292184922844172 ], [ 663916.935567471547984, 7180278.00019287597388 ], [ 663912.304583821678534, 7180272.708200256340206 ], [ 663903.573562286910601, 7180266.226205701008439 ], [ 663890.608530797064304, 7180259.215159106999636 ], [ 663877.379522890085354, 7180255.775158394128084 ], [ 663867.193545091897249, 7180250.086194109171629 ], [ 663860.843566194642335, 7180241.355175076052547 ], [ 663857.00652647158131, 7180227.994210529141128 ], [ 663849.86351709626615, 7180216.749152926728129 ], [ 663842.587513199076056, 7180211.193183710798621 ], [ 663831.606551849632524, 7180203.25519557390362 ], [ 663821.023539897520095, 7180195.714180116541684 ], [ 663813.87949378346093, 7180188.835212490521371 ], [ 663802.237521422444843, 7180180.36920921318233 ], [ 663791.39053326274734, 7180177.458199864253402 ], [ 663773.001490403083153, 7180176.664196929894388 ], [ 663760.830527354264632, 7180174.019179118797183 ], [ 663752.628498875303194, 7180173.754166013561189 ], [ 663745.475481756264344, 7180172.80720672942698 ], [ 663743.632524702930823, 7180172.563188474625349 ], [ 663738.236465838737786, 7180170.63618709333241 ], [ 663738.076492644613609, 7180170.579180275090039 ], [ 663734.504469587584026, 7180167.139177661389112 ], [ 663728.154492223868147, 7180166.213214319199324 ], [ 663725.11146193521563, 7180167.536213300190866 ], [ 663713.999460699385963, 7180172.960228087380528 ], [ 663706.987497814232484, 7180181.956203425303102 ], [ 663700.637461339705624, 7180190.820220593363047 ], [ 663696.272471335250884, 7180197.567232439294457 ], [ 663694.315501834149472, 7180203.707187995314598 ], [ 663694.315505297738127, 7180221.351235438138247 ], [ 663690.848464483395219, 7180226.803202833980322 ], [ 663678.612499426701106, 7180226.45524372253567 ], [ 663677.354503132170066, 7180224.554242510348558 ], [ 663672.062508263858035, 7180217.675213484093547 ], [ 663669.284491131547838, 7180211.060222118161619 ], [ 663668.585454102721997, 7180204.90220067370683 ], [ 663667.666506575187668, 7180194.794227100908756 ], [ 663667.942506194696762, 7180187.534215438179672 ], [ 663668.218506492557935, 7180183.721226135268807 ], [ 663669.137451223330572, 7180179.586215142160654 ], [ 663670.607482121675275, 7180173.429230869747698 ], [ 663671.985472450265661, 7180169.661224272102118 ], [ 663674.099485588725656, 7180164.240201974287629 ], [ 663675.937497897539288, 7180159.921230792067945 ], [ 663678.510495426366106, 7180153.994226831011474 ], [ 663679.796505480655469, 7180148.848168144002557 ], [ 663680.623469883110374, 7180143.058188486844301 ], [ 663682.094477561535314, 7180138.00417080335319 ], [ 663684.391473277122714, 7180128.172197643667459 ], [ 663686.137444601510651, 7180124.12818992882967 ], [ 663688.526482105371542, 7180118.110182562842965 ], [ 663688.985465060104616, 7180110.299206370487809 ], [ 663688.894461106625386, 7180107.680187170393765 ], [ 663687.607472991221584, 7180105.199168726801872 ], [ 663685.585438412963413, 7180103.26917595975101 ], [ 663680.439440386835486, 7180100.007213252596557 ], [ 663678.510484408936463, 7180097.893199423328042 ], [ 663677.222458676085807, 7180095.305186324752867 ], [ 663676.296493620378897, 7180092.924204457551241 ], [ 663676.196455475175753, 7180085.28418789152056 ], [ 663662.107462809188291, 7180085.945201569236815 ], [ 663662.041483346838504, 7180083.696177573874593 ], [ 663646.365454008569941, 7180083.630201632156968 ], [ 663644.18247007613536, 7180083.696181081235409 ], [ 663641.205479685217142, 7180084.225173499435186 ], [ 663634.392428737133741, 7180084.622208628803492 ], [ 663628.337434554821812, 7180084.688188836909831 ], [ 663621.102447349112481, 7180084.492206322029233 ], [ 663612.987455115304329, 7180084.688191850669682 ], [ 663609.369473135913722, 7180084.101217314600945 ], [ 663603.899439594126306, 7180081.910177793353796 ], [ 663601.518457136233337, 7180079.794210927560925 ], [ 663600.393456424819306, 7180077.611166161485016 ], [ 663599.996422257856466, 7180075.693197004497051 ], [ 663599.533469299552962, 7180069.673176038078964 ], [ 663595.584432646399364, 7180069.583210969343781 ], [ 663578.181413103942759, 7180069.387169413268566 ], [ 663568.991408125380985, 7180068.214197285473347 ], [ 663564.079419081564993, 7180065.638208828866482 ], [ 663560.9704086817801, 7180061.40517613850534 ], [ 663558.041451595723629, 7180054.917198994196951 ], [ 663554.752449098741636, 7180053.864220857620239 ], [ 663549.461432276293635, 7180054.526209369301796 ], [ 663544.367437167558819, 7180056.113185868598521 ], [ 663538.613407896482386, 7180058.6272257193923 ], [ 663532.792423275881447, 7180062.331207292154431 ], [ 663526.168398927431554, 7180066.161226652562618 ], [ 663519.911439502378926, 7180066.94321050029248 ], [ 663513.543395967455581, 7180067.226231841370463 ], [ 663509.376402449328452, 7180065.771215200424194 ], [ 663503.688411818351597, 7180061.074193640612066 ], [ 663496.642388508887962, 7180055.797216146253049 ], [ 663480.999377657892182, 7180047.878210859373212 ], [ 663469.462387266103178, 7180046.900185531005263 ], [ 663462.814375150366686, 7180045.923196841031313 ], [ 663454.797404521959834, 7180041.621195370331407 ], [ 663448.539405928226188, 7180034.386209412477911 ], [ 663445.606421333388425, 7180032.039224529638886 ], [ 663436.807407319312915, 7180029.10624211281538 ], [ 663428.790376211167313, 7180027.640239895321429 ], [ 663419.404387222020887, 7180026.075238898396492 ], [ 663411.583400835515931, 7180023.338240226730704 ], [ 663408.845362502848729, 7180020.600202959030867 ], [ 663405.71737011289224, 7180016.103193156421185 ], [ 663395.549396589631215, 7180004.762188857421279 ], [ 663387.923355794162489, 7179998.211224336177111 ], [ 663380.492383809760213, 7179993.714215375483036 ], [ 663366.805367583525367, 7179988.239241086877882 ], [ 663358.005376624758355, 7179983.350203486159444 ], [ 663354.68133934144862, 7179979.24424606654793 ], [ 663349.988344577956013, 7179977.093245465308428 ], [ 663344.51336721633561, 7179975.040206465870142 ], [ 663334.932370739523321, 7179972.889206822961569 ], [ 663323.786371198482811, 7179969.565233554691076 ], [ 663319.484367514960468, 7179966.241197911091149 ], [ 663312.427357899723575, 7179961.095201896503568 ], [ 663306.606372033711523, 7179958.44920627400279 ], [ 663302.769334758631885, 7179957.523242435418069 ], [ 663298.139328557997942, 7179956.729236792773008 ], [ 663295.3613130353624, 7179958.317250435240567 ], [ 663293.773361728526652, 7179962.153250252828002 ], [ 663293.478318778099492, 7179967.610221907496452 ], [ 663294.435351116931997, 7179971.94323063082993 ], [ 663295.433337775524706, 7179974.844232147559524 ], [ 663295.433339346316643, 7179982.862239548936486 ], [ 663295.361318608163856, 7179986.759213207289577 ], [ 663292.715322238509543, 7179988.744260615669191 ], [ 663289.672352648107335, 7179988.347227419726551 ], [ 663287.416370825725608, 7179989.314208086580038 ], [ 663286.634327632607892, 7179991.661254733800888 ], [ 663287.025319726788439, 7179995.669251276180148 ], [ 663289.176322660990991, 7180002.904238040558994 ], [ 663291.131341505097225, 7180009.357242222875357 ], [ 663291.524348015780561, 7180014.673222497105598 ], [ 663289.937374126631767, 7180022.87525125220418 ], [ 663287.556332889012992, 7180032.268259471282363 ], [ 663287.556333744432777, 7180036.633250812068582 ], [ 663285.968383292667568, 7180044.836256131529808 ], [ 663285.828369016177021, 7180046.911268890835345 ], [ 663285.307374301948585, 7180054.625260205939412 ], [ 663285.678347255568951, 7180060.645281190052629 ], [ 663285.968387309345417, 7180065.341266211122274 ], [ 663287.688360076514073, 7180073.675252361223102 ], [ 663291.260383520042524, 7180079.099264265969396 ], [ 663294.567391911754385, 7180082.803244048729539 ], [ 663298.139354138402268, 7180087.301230330020189 ], [ 663298.801342153921723, 7180090.07924604229629 ], [ 663297.975353893009014, 7180093.732262266799808 ], [ 663296.606396604678594, 7180096.665246674790978 ], [ 663294.064343240810558, 7180099.2072400059551 ], [ 663289.763377902796492, 7180099.69625464361161 ], [ 663281.745370710734278, 7180100.673246208578348 ], [ 663277.835335664451122, 7180101.260283255949616 ], [ 663275.293343260185793, 7180103.4112852755934 ], [ 663274.511361100594513, 7180105.757294325158 ], [ 663274.511361598502845, 7180108.299287157133222 ], [ 663278.226390344672836, 7180113.188264719210565 ], [ 663281.745373697718605, 7180115.925264235585928 ], [ 663282.137341990834102, 7180118.07626567967236 ], [ 663279.986340550240129, 7180118.467257412150502 ], [ 663276.075389555771835, 7180116.903292936272919 ], [ 663272.751353307394311, 7180118.076267518103123 ], [ 663270.99134355969727, 7180120.423253322020173 ], [ 663270.991343980072998, 7180122.574254843406379 ], [ 663273.728344868635759, 7180126.09329816699028 ], [ 663274.315382412984036, 7180132.54630261939019 ], [ 663273.142348216031678, 7180136.457253547385335 ], [ 663269.427381922141649, 7180138.803263170644641 ], [ 663263.756360412808135, 7180140.954265803098679 ], [ 663261.410352863138542, 7180147.79826213978231 ], [ 663259.259351920569316, 7180150.731307737529278 ], [ 663255.348340465221554, 7180152.100266370922327 ], [ 663253.588392212288454, 7180156.793261068873107 ], [ 663252.219373926287517, 7180159.921313889324665 ], [ 663251.828383268672042, 7180163.245289416983724 ], [ 663253.784377679461613, 7180164.614307936280966 ], [ 663258.672379662981257, 7180165.983264844864607 ], [ 663260.236345377750695, 7180168.427295921370387 ], [ 663250.459365729126148, 7180170.187308046966791 ], [ 663245.375380997080356, 7180174.880303397774696 ], [ 663244.202347795013338, 7180183.875301024876535 ], [ 663247.331379354000092, 7180196.389280637726188 ], [ 663254.761375502683222, 7180204.60229395981878 ], [ 663264.538356109638698, 7180207.730283560231328 ], [ 663270.404386411421001, 7180212.814268076792359 ], [ 663273.533417355502024, 7180222.200317206792533 ], [ 663275.879366896580905, 7180230.804322836920619 ], [ 663280.572425299789757, 7180246.251286284998059 ], [ 663280.181375178042799, 7180257.593330253846943 ], [ 663277.444376587867737, 7180265.805307970382273 ], [ 663280.57242959132418, 7180268.152292816899717 ], [ 663280.963421742431819, 7180272.453319221735001 ], [ 663280.963422355707735, 7180275.582287300378084 ], [ 663277.444380111759529, 7180283.795302769169211 ], [ 663273.14237975818105, 7180297.482318803668022 ], [ 663272.751390517107211, 7180308.04134255554527 ], [ 663274.70641100872308, 7180322.902307858690619 ], [ 663277.369438915979117, 7180334.819302547723055 ], [ 663285.04241774068214, 7180351.488311622291803 ], [ 663286.630432183854282, 7180358.367341376841068 ], [ 663287.820438008522615, 7180374.110326098278165 ], [ 663288.085394798894413, 7180389.985330075025558 ], [ 663289.93744798831176, 7180399.907329301349819 ], [ 663293.478404892375693, 7180407.179364144802094 ], [ 663295.433423011330888, 7180409.917340531945229 ], [ 663294.651440928922966, 7180412.654340891167521 ], [ 663289.40845908538904, 7180414.856368843466043 ], [ 663288.589428314706311, 7180415.864364867098629 ], [ 663285.96845660766121, 7180419.089341783896089 ], [ 663285.174450994119979, 7180423.852343637496233 ], [ 663286.23341215448454, 7180428.614368565380573 ], [ 663287.820449540857226, 7180432.980336159467697 ], [ 663289.567459948942997, 7180436.510366010479629 ], [ 663291.524431700468995, 7180441.844351355917752 ], [ 663291.260455672862008, 7180447.400322056375444 ], [ 663289.408466807217337, 7180454.279352487064898 ], [ 663284.38142787758261, 7180458.909359531477094 ], [ 663279.48640783992596, 7180462.613340922631323 ], [ 663277.369464881485328, 7180467.376343034207821 ], [ 663277.502461504423991, 7180472.403382859192789 ], [ 663279.618429767899215, 7180477.166384141892195 ], [ 663284.381432645604946, 7180483.251345692202449 ], [ 663289.011439573136158, 7180487.749331766739488 ], [ 663293.11245448817499, 7180491.321353355422616 ], [ 663295.361418518004939, 7180496.745365521870553 ], [ 663297.345428843516856, 7180502.036382103338838 ], [ 663298.668428544187918, 7180508.783392833545804 ], [ 663299.859469894203357, 7180513.943367057479918 ], [ 663302.372471688315272, 7180517.382393317297101 ], [ 663305.151464656810276, 7180520.293343218043447 ], [ 663310.839455561246723, 7180526.378365622833371 ], [ 663313.353434307151474, 7180531.802377738058567 ], [ 663315.998455851455219, 7180538.681346252560616 ], [ 663317.454451062716544, 7180544.767346048727632 ], [ 663319.174485046882182, 7180554.027357829734683 ], [ 663319.306444461806677, 7180561.039383510127664 ], [ 663319.967456847894937, 7180568.579363323748112 ], [ 663321.026478991610929, 7180573.077350098639727 ], [ 663322.084463745937683, 7180578.633381577208638 ], [ 663322.216483651078306, 7180582.867391416803002 ], [ 663321.687492596916854, 7180586.836386669427156 ], [ 663319.438469293294474, 7180590.407371902838349 ], [ 663314.014457371551543, 7180593.847376282326877 ], [ 663309.512442476116121, 7180595.873378654941916 ], [ 663293.869494586717337, 7180597.829375868663192 ], [ 663291.131456483155489, 7180596.265411164611578 ], [ 663289.567490325425752, 7180591.572417113929987 ], [ 663287.612472283421084, 7180589.22537100315094 ], [ 663280.181440448854119, 7180590.789398734457791 ], [ 663274.70646348351147, 7180590.789399806410074 ], [ 663271.186442492296919, 7180587.85641635209322 ], [ 663268.638467628858052, 7180584.851411204785109 ], [ 663266.885475522722118, 7180580.035370285622776 ], [ 663267.9774545453256, 7180573.739408999681473 ], [ 663271.548438941594213, 7180571.754361408762634 ], [ 663273.665443065343425, 7180567.65340780466795 ], [ 663273.665442157071084, 7180563.023401745595038 ], [ 663270.755467685637996, 7180559.980371756479144 ], [ 663265.595431974623352, 7180558.790370024740696 ], [ 663261.801424467703328, 7180557.744411027990282 ], [ 663258.848419625777751, 7180551.778406674042344 ], [ 663258.055449460051022, 7180545.560387671925128 ], [ 663258.452420427813195, 7180536.432394551113248 ], [ 663259.510463883401826, 7180530.082356109283864 ], [ 663259.155420712660998, 7180522.030352181755006 ], [ 663259.113428330281749, 7180521.086382223293185 ], [ 663258.609460063627921, 7180516.718400254845619 ], [ 663257.922447006683797, 7180510.768386671319604 ], [ 663255.934468908817507, 7180502.993360672146082 ], [ 663253.588459059596062, 7180498.104382840916514 ], [ 663241.07441399700474, 7180478.551340773701668 ], [ 663241.074411700712517, 7180466.818366602063179 ], [ 663244.202400605194271, 7180453.522342106327415 ], [ 663244.202396775595844, 7180433.968382063321769 ], [ 663234.81640318618156, 7180408.939324812963605 ], [ 663232.470390391070396, 7180388.994373919442296 ], [ 663226.213429124793038, 7180380.391345616430044 ], [ 663215.263412632746622, 7180372.569324291311204 ], [ 663212.134380616364069, 7180357.708359219133854 ], [ 663209.005410554120317, 7180347.540327465161681 ], [ 663201.184422405436635, 7180335.808331389911473 ], [ 663199.620393989374861, 7180324.858316710218787 ], [ 663202.748382587684318, 7180309.997350413352251 ], [ 663202.74838151584845, 7180304.52231240272522 ], [ 663192.580407837638631, 7180292.39834891539067 ], [ 663167.551343915751204, 7180267.370332328602672 ], [ 663166.769359612953849, 7180258.766326392069459 ], [ 663163.730353782419115, 7180240.363307183608413 ], [ 663156.60138203157112, 7180226.698327085003257 ], [ 663151.908385852002539, 7180217.312339294701815 ], [ 663150.344357206835411, 7180205.188313087448478 ], [ 663150.501334642060101, 7180179.509290432557464 ], [ 663144.869372438173741, 7180165.299326993525028 ], [ 663134.701338415499777, 7180156.695322894491255 ], [ 663134.701337039121427, 7180149.656319646164775 ], [ 663144.08732258528471, 7180133.622317161411047 ], [ 663158.948341302922927, 7180092.950306871905923 ], [ 663157.383336631231941, 7180083.564257435500622 ], [ 663138.612332918331958, 7180068.703295428305864 ], [ 663114.365313268848695, 7180046.803270208649337 ], [ 663090.900277005741373, 7180028.813280006870627 ], [ 663086.285284344805405, 7180022.331284639425576 ], [ 663086.208316510543227, 7180009.650251167826355 ], [ 663099.504277485073544, 7180000.265297457575798 ], [ 663101.750310174189508, 7179997.260291373357177 ], [ 663106.265325466985814, 7179994.762242983095348 ], [ 663106.890325559768826, 7179994.434300883673131 ], [ 663115.391303378390148, 7179989.960299061611295 ], [ 663121.250312866759486, 7179986.021271038800478 ], [ 663124.228279227623716, 7179982.467253442853689 ], [ 663125.518318163231015, 7179980.167264813557267 ], [ 663127.975288072600961, 7179975.455288041383028 ], [ 663129.145330604398623, 7179966.729272417724133 ], [ 663129.896305698668584, 7179958.260275985114276 ], [ 663129.864320947322994, 7179946.410236367955804 ], [ 663127.747311232495122, 7179921.936231561005116 ], [ 663112.019275833852589, 7179900.931224435567856 ], [ 663087.772254814044572, 7179871.992257008329034 ], [ 663079.950292095425539, 7179870.427255700342357 ], [ 663069.000277756364085, 7179873.556225921027362 ], [ 663051.011263553285971, 7179893.892233124934137 ], [ 663046.318272117641754, 7179908.753260755911469 ], [ 663047.100259172497317, 7179931.435273183509707 ], [ 663040.061261159135029, 7179958.102273503318429 ], [ 663039.600262783118524, 7179959.50925637036562 ], [ 663039.69926223740913, 7179961.58329252153635 ], [ 663039.792280221940018, 7179963.543253937736154 ], [ 663040.657271143398248, 7179965.945292951539159 ], [ 663045.076279331929982, 7179969.691264715045691 ], [ 663049.014269785955548, 7179975.743267431855202 ], [ 663047.843310232972726, 7179976.837262077257037 ], [ 663044.980272173183039, 7179975.647259895689785 ], [ 663039.621261456399225, 7179972.670270442962646 ], [ 663036.334272819105536, 7179970.075299725867808 ], [ 663032.684308487456292, 7179969.883283789269626 ], [ 663027.742290814290754, 7179970.739303039386868 ], [ 663026.15226444369182, 7179975.262253714725375 ], [ 663025.480267637874931, 7179977.472276379354298 ], [ 663023.078290135134012, 7179980.738268887624145 ], [ 663020.484296018839814, 7179984.196278083138168 ], [ 663017.50730625865981, 7179987.942312329076231 ], [ 663014.145306711667217, 7179992.073295477777719 ], [ 663010.782269548275508, 7179996.107293739914894 ], [ 663005.980267273145728, 7180000.622310472652316 ], [ 663002.567302843206562, 7180002.12328808195889 ], [ 663000.318279051687568, 7180003.198301002383232 ], [ 662995.430277681560256, 7180004.958312168717384 ], [ 662992.154276139801368, 7180006.27832046803087 ], [ 662985.653298352030106, 7180008.355287598446012 ], [ 662982.32926194020547, 7180008.697329349815845 ], [ 662978.711280037765391, 7180008.502322684973478 ], [ 662972.747289421851747, 7180009.211308406665921 ], [ 662969.667271741316654, 7180010.140325355343521 ], [ 662967.614292872953229, 7180010.971319619566202 ], [ 662964.143283882876858, 7180011.89929904974997 ], [ 662961.455295175081119, 7180013.170295990072191 ], [ 662958.424288948299363, 7180015.175301974639297 ], [ 662955.589266989147291, 7180018.890330325812101 ], [ 662954.588290942367166, 7180022.812328584492207 ], [ 662953.723240395309404, 7180027.615308485925198 ], [ 662952.667271869024262, 7180032.610305076465011 ], [ 662950.26529470377136, 7180037.60530192963779 ], [ 662949.110265513882041, 7180039.636308528482914 ], [ 662946.135289178579114, 7180039.622332056984305 ], [ 662942.004245417192578, 7180038.37330910935998 ], [ 662936.52926804474555, 7180036.260333569720387 ], [ 662928.364287593052723, 7180034.339314170181751 ], [ 662922.024258940131404, 7180033.282308306545019 ], [ 662917.678249548655003, 7180033.28230915684253 ], [ 662915.588283204473555, 7180033.28230956569314 ], [ 662907.999231230700389, 7180034.435326477512717 ], [ 662898.201255590422079, 7180036.740321652963758 ], [ 662891.898275984218344, 7180039.244351837784052 ], [ 662891.189230450661853, 7180039.526334470137954 ], [ 662877.933246898581274, 7180045.770357198081911 ], [ 662875.33925227553118, 7180046.634310560300946 ], [ 662874.392230086028576, 7180044.237337483093143 ], [ 662870.921281809918582, 7180043.528353605419397 ], [ 662867.988236868288368, 7180044.701328109949827 ], [ 662864.965226177475415, 7180046.34634864795953 ], [ 662863.428238093620166, 7180044.329319627955556 ], [ 662863.812270942959003, 7180042.024326292797923 ], [ 662851.036264264490455, 7180029.248324574902654 ], [ 662849.49921578168869, 7180030.496311031281948 ], [ 662846.714241376146674, 7180027.615329401567578 ], [ 662848.154243879136629, 7180026.078341424465179 ], [ 662831.748230696539395, 7180009.671358050778508 ], [ 662831.728211157140322, 7180009.652315082028508 ], [ 662827.577208647155203, 7180007.132356757298112 ], [ 662823.698240116820671, 7180005.740328352898359 ], [ 662818.2232021788368, 7180006.033359282650054 ], [ 662812.699214611318894, 7180009.284337748773396 ], [ 662810.307247041375376, 7180013.398352930322289 ], [ 662808.202205657027662, 7180016.71530974842608 ], [ 662807.273250766564161, 7180018.865334887988865 ], [ 662806.198238813783973, 7180021.554361658170819 ], [ 662805.513241996290162, 7180026.22330828756094 ], [ 662805.299252878292464, 7180027.215312974527478 ], [ 662805.600218118866906, 7180031.361310061067343 ], [ 662804.832213418907486, 7180035.780317678116262 ], [ 662804.115234028082341, 7180039.723311982117593 ], [ 662804.682251166785136, 7180041.7433319138363 ], [ 662804.731262944289483, 7180044.481369707733393 ], [ 662805.855226421146654, 7180048.538316316902637 ], [ 662807.762209835578687, 7180051.178331261500716 ], [ 662808.789249018067494, 7180052.962328095920384 ], [ 662809.218265379779041, 7180053.685350656509399 ], [ 662812.036259469110519, 7180054.799364059232175 ], [ 662813.285222558770329, 7180056.721361372619867 ], [ 662816.935248829191551, 7180061.524340393021703 ], [ 662815.882270361878909, 7180063.129321474581957 ], [ 662826.253246488631703, 7180072.570361880585551 ], [ 662834.610244602547027, 7180079.67937083914876 ], [ 662838.356278688996099, 7180081.888355041854084 ], [ 662843.559283332317136, 7180083.969348205253482 ], [ 662846.041278776829131, 7180084.962328929454088 ], [ 662852.785238013835624, 7180085.08036963455379 ], [ 662857.135275554959662, 7180084.200363677926362 ], [ 662859.286276847473346, 7180083.051315115764737 ], [ 662861.486228322377428, 7180081.780318269506097 ], [ 662864.321250538458116, 7180079.385358612984419 ], [ 662865.98323795478791, 7180077.820355448871851 ], [ 662869.356285074376501, 7180074.740336920134723 ], [ 662871.605248184874654, 7180075.47434545494616 ], [ 662874.489282406982966, 7180076.989359924569726 ], [ 662877.813258204143494, 7180078.798319693654776 ], [ 662876.934291132492945, 7180081.02231945283711 ], [ 662875.271266817464493, 7180086.155316684395075 ], [ 662874.636257588979788, 7180089.724348474293947 ], [ 662874.538235715474002, 7180092.852340009994805 ], [ 662874.880277461605147, 7180096.152328571304679 ], [ 662875.66323706205003, 7180098.303329939953983 ], [ 662876.934295054641552, 7180101.089341141283512 ], [ 662877.569244318408892, 7180102.996323922649026 ], [ 662879.867280011065304, 7180105.293321127071977 ], [ 662881.626253040041775, 7180107.44432230386883 ], [ 662884.065279887057841, 7180109.262315451167524 ], [ 662886.976291824947111, 7180111.643357967026532 ], [ 662888.959264007862657, 7180114.166368473321199 ], [ 662891.30624978535343, 7180115.828355740755796 ], [ 662893.505286230007187, 7180117.0993517274037 ], [ 662896.438270947895944, 7180120.081346537917852 ], [ 662897.563271563500166, 7180121.792345287278295 ], [ 662898.932290854863822, 7180123.796373848803341 ], [ 662902.500285722082481, 7180127.927355644293129 ], [ 662903.820293731754646, 7180129.736315805464983 ], [ 662905.384259588317946, 7180132.913318257778883 ], [ 662906.900251561310142, 7180134.868335548788309 ], [ 662909.051253632642329, 7180137.704334381967783 ], [ 662910.9572605722351, 7180140.783375316299498 ], [ 662914.624254631111398, 7180145.647328469902277 ], [ 662918.045276867458597, 7180150.096364574506879 ], [ 662918.828298345091753, 7180156.549368986859918 ], [ 662919.65929296577815, 7180160.435356138274074 ], [ 662921.321281223208643, 7180163.173332581296563 ], [ 662922.543266746448353, 7180164.981377234682441 ], [ 662925.183282717131078, 7180168.354363413527608 ], [ 662926.649286846979521, 7180170.114373338408768 ], [ 662928.604304838227108, 7180172.216363236308098 ], [ 662929.973263030988164, 7180173.903375114314258 ], [ 662932.124265178455971, 7180177.12932766135782 ], [ 662933.053282175445929, 7180180.453363967128098 ], [ 662934.12829504488036, 7180182.458369147963822 ], [ 662935.644287055823952, 7180184.608332775533199 ], [ 662937.257325129816309, 7180187.468379572033882 ], [ 662938.381288215983659, 7180189.521358389407396 ], [ 662938.72430628084112, 7180191.575374955311418 ], [ 662939.115298086544499, 7180194.116330114193261 ], [ 662939.946292329928838, 7180196.07238513417542 ], [ 662940.923282752395608, 7180198.272336673922837 ], [ 662942.194279990624636, 7180202.500364841893315 ], [ 662943.074285668088123, 7180205.433348811231554 ], [ 662943.808295071474276, 7180207.633361432701349 ], [ 662944.248298033839092, 7180209.735351625829935 ], [ 662945.567329739918932, 7180212.864380482584238 ], [ 662947.963327519595623, 7180218.412355054169893 ], [ 662949.087290586903691, 7180220.367372419685125 ], [ 662950.50532131944783, 7180223.398378770798445 ], [ 662951.385326968855225, 7180226.185366610065103 ], [ 662952.509290121379308, 7180228.580386528745294 ], [ 662956.029311924939975, 7180235.679386666044593 ], [ 662957.758317355299369, 7180241.250371625646949 ], [ 662959.679339228197932, 7180245.765387045219541 ], [ 662961.984333383501507, 7180250.376349678263068 ], [ 662964.578328833100386, 7180253.738349534571171 ], [ 662966.019308781251311, 7180256.716377353295684 ], [ 662968.420311413239688, 7180262.095345532521605 ], [ 662971.347314836573787, 7180265.849374234676361 ], [ 662975.631313631893136, 7180271.67237292136997 ], [ 662977.258328826632351, 7180274.871348023414612 ], [ 662980.245329675730318, 7180277.871348198503256 ], [ 662980.918304302962497, 7180282.094371600076556 ], [ 662980.774322943412699, 7180285.213390975259244 ], [ 662979.782318751560524, 7180287.528394198045135 ], [ 662976.883331753779203, 7180290.317396936938167 ], [ 662972.30630492430646, 7180293.83839481882751 ], [ 662971.494354609632865, 7180296.772355683147907 ], [ 662971.206330067594536, 7180298.982378272339702 ], [ 662972.359346019453369, 7180301.671404608525336 ], [ 662973.03134384052828, 7180304.649371541105211 ], [ 662973.992343444610015, 7180308.876362171024084 ], [ 662974.376316986279562, 7180315.408407211303711 ], [ 662974.952307176892646, 7180321.940391179174185 ], [ 662975.241309784818441, 7180327.415368096902966 ], [ 662975.241310667362995, 7180331.930383891798556 ], [ 662974.664345960947685, 7180335.868373284116387 ], [ 662973.480325587443076, 7180340.575405960902572 ], [ 662970.890359728131443, 7180343.703397983685136 ], [ 662968.739358660299331, 7180346.001372620463371 ], [ 662964.730325333424844, 7180350.523408243432641 ], [ 662962.237344400491565, 7180353.847384182736278 ], [ 662961.308328474638984, 7180355.998385887593031 ], [ 662960.037333264015615, 7180362.157384281978011 ], [ 662960.135356309008785, 7180365.017370339483023 ], [ 662960.477336891344748, 7180367.657385591417551 ], [ 662961.944318167748861, 7180372.398414339870214 ], [ 662963.264326407457702, 7180375.380409467965364 ], [ 662964.975326218409464, 7180379.707375563681126 ], [ 662966.979355567484163, 7180382.395425170660019 ], [ 662968.739366311114281, 7180385.133401595056057 ], [ 662970.499315865570679, 7180387.088418837636709 ], [ 662975.534352520597167, 7180393.272379383444786 ], [ 662978.987357133766636, 7180397.442423712462187 ], [ 662980.27336852857843, 7180399.125407286919653 ], [ 662981.484367677243426, 7180400.708415264263749 ], [ 662982.061333717429079, 7180403.590373890474439 ], [ 662981.773370134178549, 7180405.415386617183685 ], [ 662980.716363334446214, 7180406.952374518848956 ], [ 662979.444329645019025, 7180408.597394715994596 ], [ 662977.440362113760784, 7180409.917402767576277 ], [ 662974.654350939090364, 7180411.286422213539481 ], [ 662972.894341132603586, 7180413.339401595294476 ], [ 662971.57433399243746, 7180415.97941717132926 ], [ 662968.51635061413981, 7180420.01640610024333 ], [ 662963.041374779422767, 7180425.780385684221983 ], [ 662958.334343134076335, 7180429.814384210854769 ], [ 662954.492363183409907, 7180434.905389672145247 ], [ 662949.209343787631951, 7180444.895444510504603 ], [ 662944.214349310845137, 7180454.597413282841444 ], [ 662941.620355795603245, 7180461.129397869110107 ], [ 662940.672358488664031, 7180466.137394933030009 ], [ 662937.644343790132552, 7180472.271430285647511 ], [ 662932.220332178869285, 7180477.298410162329674 ], [ 662927.589350861031562, 7180483.912426418624818 ], [ 662923.091365081141703, 7180489.99842737801373 ], [ 662919.387324811192229, 7180496.083451621234417 ], [ 662917.138363212579861, 7180503.09541673026979 ], [ 662916.74133040511515, 7180508.122456660494208 ], [ 662914.818357362877578, 7180513.618430110625923 ], [ 662911.626340512069874, 7180516.456444151699543 ], [ 662907.094357180409133, 7180517.635461449623108 ], [ 662906.078365766210482, 7180517.900415327399969 ], [ 662902.332331959391013, 7180517.132471529766917 ], [ 662895.992364543722942, 7180517.132472768425941 ], [ 662889.172355505055748, 7180517.132474102079868 ], [ 662878.98936933837831, 7180516.075468987226486 ], [ 662870.248339213663712, 7180515.595429069362581 ], [ 662865.374314710497856, 7180516.421480036340654 ], [ 662863.332322168629616, 7180517.228426440618932 ], [ 662863.236314237816259, 7180519.245455780997872 ], [ 662863.236314763431437, 7180521.935458905994892 ], [ 662862.563341355649754, 7180523.952427322044969 ], [ 662862.275317150168121, 7180527.891454258933663 ], [ 662862.563343964517117, 7180537.304481495171785 ], [ 662862.179374665720388, 7180552.48246394097805 ], [ 662861.218376676551998, 7180556.516461736522615 ], [ 662858.81737590348348, 7180560.647444700822234 ], [ 662856.704338900512084, 7180563.913437153212726 ], [ 662854.302361938753165, 7180569.964464550837874 ], [ 662852.765375299495645, 7180575.344471100717783 ], [ 662851.90136268583592, 7180581.87645535171032 ], [ 662850.625363782164641, 7180594.126458713784814 ], [ 662849.537352437269874, 7180602.44646836258471 ], [ 662848.0823377732886, 7180616.734497180208564 ], [ 662848.347353521734476, 7180622.02545306365937 ], [ 662848.434390345588326, 7180625.449465146288276 ], [ 662848.629337270976976, 7180628.455508353188634 ], [ 662848.776371716056019, 7180632.122501444071531 ], [ 662848.727361389901489, 7180636.815495810471475 ], [ 662848.678351240349002, 7180642.412482105195522 ], [ 662848.62934054248035, 7180645.198493565432727 ], [ 662848.287361240712926, 7180649.109505366533995 ], [ 662847.420358210336417, 7180657.215464628301561 ], [ 662846.967356558423489, 7180664.337475804612041 ], [ 662846.772350045153871, 7180668.736463777720928 ], [ 662846.627393085160293, 7180676.79451028816402 ], [ 662847.156386495567858, 7180684.864519558846951 ], [ 662847.358352987328544, 7180690.53950875531882 ], [ 662847.358353540766984, 7180693.374470414593816 ], [ 662847.50538787106052, 7180696.454488256946206 ], [ 662848.385393830016255, 7180700.829489199444652 ], [ 662849.06935462274123, 7180704.20247576199472 ], [ 662849.754353145719506, 7180708.259483495727181 ], [ 662850.878377649816684, 7180712.26851749792695 ], [ 662852.198385726078413, 7180714.419518765062094 ], [ 662852.956381962285377, 7180716.668481590226293 ], [ 662855.59017241303809, 7180720.384302332997322 ], [ 662855.589990762877278, 7180727.832119166851044 ], [ 662854.881006973329931, 7180731.733121273107827 ], [ 662851.334009493584745, 7180734.2151172272861 ], [ 662846.01400145329535, 7180737.407135680317879 ], [ 662839.275963062769733, 7180739.535128260031343 ], [ 662837.856956218602136, 7180738.826082944869995 ], [ 662832.891987832961604, 7180732.088106128387153 ], [ 662829.95796452218201, 7180724.022125646471977 ], [ 662829.031998849124648, 7180718.466094141826034 ], [ 662829.357986820279621, 7180713.965116372331977 ], [ 662828.765944519545883, 7180708.147121844813228 ], [ 662827.311963808606379, 7180703.782130785286427 ], [ 662824.79896209272556, 7180700.739100717008114 ], [ 662821.887950334465131, 7180699.28408382460475 ], [ 662818.183969806064852, 7180698.755092715844512 ], [ 662816.040963962092064, 7180699.097134236246347 ], [ 662814.876962241716683, 7180699.28408519551158 ], [ 662811.568978345021605, 7180701.004118015989661 ], [ 662808.261971142375842, 7180703.385100712999701 ], [ 662806.344979361863807, 7180707.938141795806587 ], [ 662806.144967687316239, 7180710.925142105668783 ], [ 662806.3449803867843, 7180713.184114808216691 ], [ 662807.600962688331492, 7180715.952120639383793 ], [ 662809.452953572734259, 7180719.392123593017459 ], [ 662813.288954003015533, 7180724.155124543234706 ], [ 662818.03797971480526, 7180729.675144550390542 ], [ 662822.813983116298914, 7180735.929112492129207 ], [ 662825.532978784292936, 7180740.244115499779582 ], [ 662827.331991375423968, 7180744.891088986769319 ], [ 662829.131004258524626, 7180751.037147326394916 ], [ 662830.030969095067121, 7180757.334145821630955 ], [ 662830.48098258592654, 7180763.330118938349187 ], [ 662830.258999198442325, 7180771.171124393120408 ], [ 662830.222988696303219, 7180772.441144254058599 ], [ 662829.692961073946208, 7180781.702133040875196 ], [ 662829.535978735424578, 7180782.331100517883897 ], [ 662826.733001703163609, 7180793.537158602848649 ], [ 662825.209992459509522, 7180800.667104560881853 ], [ 662824.004976168042049, 7180806.308158476836979 ], [ 662820.829989512567408, 7180816.230158692225814 ], [ 662816.389011385850608, 7180826.443113816902041 ], [ 662813.817967438255437, 7180834.751160865649581 ], [ 662814.082983109750785, 7180839.645143991336226 ], [ 662816.332007785793394, 7180843.085146870464087 ], [ 662817.738014729926363, 7180846.831119228154421 ], [ 662822.946026921155863, 7180862.532172009348869 ], [ 662824.071028102422133, 7180867.123176375404 ], [ 662826.132980949711055, 7180875.539132703095675 ], [ 662827.033006614539772, 7180880.78614313993603 ], [ 662826.733019917272031, 7180886.783154003322124 ], [ 662824.93101915565785, 7180895.208144291304052 ], [ 662822.681996703147888, 7180903.146135030314326 ], [ 662819.387014465639368, 7180910.844135681167245 ], [ 662817.887991237337701, 7180913.842183610424399 ], [ 662813.989981025340967, 7180919.089133949019015 ], [ 662809.043020133511163, 7180923.212182840332389 ], [ 662804.845998353790492, 7180927.109157308004797 ], [ 662800.947988317464478, 7180933.25619332678616 ], [ 662800.79802586697042, 7180938.203155063092709 ], [ 662801.997001920011826, 7180944.049164617434144 ], [ 662806.34502667747438, 7180950.196199024096131 ], [ 662809.942989918519743, 7180954.84317216090858 ], [ 662812.791013944894075, 7180959.190157574601471 ], [ 662813.989989649155177, 7180963.2381930379197 ], [ 662815.639038924593478, 7180968.410191103816032 ], [ 662819.387026324868202, 7180971.558201426640153 ], [ 662822.416995657258667, 7180973.128147521987557 ], [ 662824.666020255885087, 7180976.171177642419934 ], [ 662825.989019721979275, 7180981.727148037403822 ], [ 662825.983039627433755, 7180988.648170308209956 ], [ 662823.435006601386704, 7181000.341166946105659 ], [ 662821.486033534863964, 7181010.760176327079535 ], [ 662821.636059626471251, 7181019.155197966843843 ], [ 662823.435010948684067, 7181022.603196538984776 ], [ 662824.334059818065725, 7181026.651171026751399 ], [ 662823.585036923643202, 7181030.399219002574682 ], [ 662821.936050628777593, 7181035.196217616088688 ], [ 662819.987015576683916, 7181040.743216480128467 ], [ 662815.190019624074921, 7181052.661189202219248 ], [ 662811.592058959649876, 7181061.206174990162253 ], [ 662807.094013264519162, 7181073.04919646307826 ], [ 662802.970051157521084, 7181079.888188268058002 ], [ 662799.134052791865543, 7181085.708197822794318 ], [ 662796.451008693198673, 7181090.888192342594266 ], [ 662795.101033835206181, 7181096.360239898785949 ], [ 662794.352011437644251, 7181102.656201121397316 ], [ 662792.70302534790244, 7181108.503187796100974 ], [ 662790.800072101992555, 7181115.342240201309323 ], [ 662790.047021046746522, 7181119.916216121986508 ], [ 662790.619043625425547, 7181124.782245082780719 ], [ 662792.623072898713872, 7181127.071246739476919 ], [ 662794.054043056559749, 7181129.934223264455795 ], [ 662794.054043672629632, 7181133.082234320230782 ], [ 662797.500029117567465, 7181136.612202808260918 ], [ 662801.098053071764298, 7181139.610249744728208 ], [ 662802.354035962140188, 7181145.390219232998788 ], [ 662804.072055650642142, 7181153.976219620555639 ], [ 662807.507054524263367, 7181156.266197558492422 ], [ 662811.142065261141397, 7181156.550254539586604 ], [ 662815.235084376181476, 7181159.1281962916255 ], [ 662817.524086697841994, 7181160.560203045606613 ], [ 662819.814066141610965, 7181164.853233475238085 ], [ 662820.301066468236968, 7181168.391198149882257 ], [ 662819.812053794041276, 7181174.137232424691319 ], [ 662819.771038251346909, 7181174.609217415563762 ], [ 662819.110089332796633, 7181179.503200724720955 ], [ 662818.38908124982845, 7181181.547207733616233 ], [ 662817.76408143772278, 7181183.317227838560939 ], [ 662816.729047570726834, 7181186.250212186947465 ], [ 662813.025068357586861, 7181192.46823207102716 ], [ 662810.842085108510219, 7181196.052217787131667 ], [ 662808.120039149653167, 7181199.263217670843005 ], [ 662807.601057205698453, 7181199.876255039125681 ], [ 662807.410078323213384, 7181200.749241139739752 ], [ 662806.675093443365768, 7181204.110265087336302 ], [ 662806.990035421680659, 7181206.634252484887838 ], [ 662807.071090257260948, 7181207.285253613255918 ], [ 662806.944077047519386, 7181212.317237340845168 ], [ 662810.908068105811253, 7181216.413245912641287 ], [ 662814.347095137345605, 7181217.868262700736523 ], [ 662819.771046804031357, 7181218.397253475151956 ], [ 662824.931081975577399, 7181216.810215930454433 ], [ 662833.001090897480026, 7181214.561251377686858 ], [ 662840.938043170957826, 7181212.444244893267751 ], [ 662845.43609118158929, 7181212.444244015961885 ], [ 662850.41906375088729, 7181213.06722903996706 ], [ 662853.56707555858884, 7181216.965239671990275 ], [ 662854.317076570005156, 7181221.162262078374624 ], [ 662853.11706449999474, 7181223.411225289106369 ], [ 662850.119079074822366, 7181229.407260118052363 ], [ 662847.121093005873263, 7181232.106236001476645 ], [ 662840.675108458264731, 7181237.053260006010532 ], [ 662838.426084863138385, 7181239.152260004542768 ], [ 662833.479062920203432, 7181243.199259072542191 ], [ 662829.281064620357938, 7181247.322246781550348 ], [ 662825.234067113487981, 7181250.320234176702797 ], [ 662817.888057690695859, 7181254.068222407251596 ], [ 662812.641047440003604, 7181255.867235120385885 ], [ 662809.9430494151311, 7181259.465259025804698 ], [ 662807.544063136097975, 7181265.311269285157323 ], [ 662806.495052693528123, 7181270.708243522793055 ], [ 662806.645078023779206, 7181275.205253917723894 ], [ 662807.694090764620341, 7181281.577264612540603 ], [ 662807.994079745141789, 7181287.273249892517924 ], [ 662807.994080448173918, 7181290.87127327080816 ], [ 662806.944093092926778, 7181294.469235818833113 ], [ 662806.944093619822524, 7181297.168272152543068 ], [ 662808.262087803333998, 7181300.683287438005209 ], [ 662811.040104184299707, 7181303.46124170627445 ], [ 662813.091069672023878, 7181306.612243085168302 ], [ 662815.04010683298111, 7181311.859253319911659 ], [ 662817.738107025623322, 7181319.355287419632077 ], [ 662819.087107253959402, 7181323.777285353280604 ], [ 662820.287120905704796, 7181329.624271472916007 ], [ 662821.486097076791339, 7181336.070256769657135 ], [ 662824.484085166826844, 7181343.715277664363384 ], [ 662824.934098307625391, 7181347.913276692852378 ], [ 662825.683122638147324, 7181351.511299925856292 ], [ 662827.841083866544068, 7181360.214243618771434 ], [ 662829.693075837101787, 7181369.210278265178204 ], [ 662831.149132185033523, 7181375.825269902125001 ], [ 662833.662134573678486, 7181382.307265693321824 ], [ 662836.027125994092785, 7181385.316299201920629 ], [ 662840.075101029477082, 7181387.265273516997695 ], [ 662841.874113475787453, 7181391.163284414447844 ], [ 662843.319122044253163, 7181395.668290163390338 ], [ 662844.27310283028055, 7181401.057268403470516 ], [ 662845.701082928106189, 7181407.310260440222919 ], [ 662847.553135186200961, 7181412.470295574516058 ], [ 662850.331091926898807, 7181422.391257035546005 ], [ 662853.867105384008028, 7181431.714256770908833 ], [ 662855.5160931146238, 7181434.262291765771806 ], [ 662859.863141370355152, 7181440.709314045496285 ], [ 662865.860153905581683, 7181449.628260461613536 ], [ 662872.424121961230412, 7181457.581264138221741 ], [ 662875.334157520672306, 7181460.879299079068005 ], [ 662878.37712771340739, 7181464.328273974359035 ], [ 662881.656120637431741, 7181466.35531242378056 ], [ 662885.653131407336332, 7181468.826259540393949 ], [ 662886.939142652438022, 7181469.737270262092352 ], [ 662892.003109476645477, 7181473.324306321330369 ], [ 662897.295164940413088, 7181477.954311351291835 ], [ 662899.890137151465751, 7181482.309292423538864 ], [ 662901.389161904226057, 7181487.106290426105261 ], [ 662901.839114303234965, 7181492.803313275799155 ], [ 662902.886722207884304, 7181493.918669801205397 ], [ 662877.68133833038155, 7181523.563884928822517 ], [ 662874.551149705774151, 7181524.356122070923448 ], [ 662869.608155498281121, 7181525.409284925088286 ], [ 662867.659119712305255, 7181527.208296995609999 ], [ 662863.611146024195477, 7181532.155320533551276 ], [ 662860.613160758046433, 7181538.97630674764514 ], [ 662856.865114312618971, 7181546.022329784929752 ], [ 662852.218141390010715, 7181550.6693045347929 ], [ 662848.770143087836914, 7181553.817316267639399 ], [ 662846.371156600769609, 7181558.615291591733694 ], [ 662842.624147987109609, 7181566.860350582748652 ], [ 662838.426150051061995, 7181572.856324612163007 ], [ 662834.828127807471901, 7181578.628299443982542 ], [ 662830.33111882826779, 7181585.974310499615967 ], [ 662824.934146124986, 7181592.72034598980099 ], [ 662818.488161955610849, 7181599.616345103830099 ], [ 662813.840151258744299, 7181603.363356243818998 ], [ 662810.692141380743124, 7181609.360367668792605 ], [ 662807.69415570423007, 7181614.082354322075844 ], [ 662801.698123464128003, 7181624.276327822357416 ], [ 662797.950137409497984, 7181628.024376386776567 ], [ 662792.403139961301349, 7181633.271327052265406 ], [ 662784.907167440513149, 7181638.668363584205508 ], [ 662783.55816865968518, 7181641.666350454092026 ], [ 662783.108156983973458, 7181644.9643250182271 ], [ 662784.265567787922919, 7181649.284333218820393 ], [ 662765.221315205446444, 7181663.222939129918814 ], [ 662761.671143107581884, 7181661.67936032731086 ], [ 662756.424132884014398, 7181663.628336457535625 ], [ 662751.477110733510926, 7181666.626385064795613 ], [ 662748.179137087310664, 7181670.824384827166796 ], [ 662745.18115142500028, 7181675.621383707970381 ], [ 662740.533140961430036, 7181680.568346329033375 ], [ 662736.935118263121694, 7181684.016345959156752 ], [ 662732.438108464004472, 7181687.164357895031571 ], [ 662728.540159297757782, 7181692.486381498165429 ], [ 662722.244138046633452, 7181696.834406299516559 ], [ 662719.99511456664186, 7181699.532405473291874 ], [ 662714.898130140150897, 7181708.377379431389272 ], [ 662714.748167514218949, 7181712.425415162928402 ], [ 662715.764953410136513, 7181717.398377658799291 ], [ 662693.936523475102149, 7181746.922803524881601 ], [ 662691.171569249359891, 7181747.368788065388799 ], [ 662687.758909724070691, 7181747.531203323975205 ], [ 662684.466123110381886, 7181746.829421560280025 ], [ 662680.568111285450868, 7181743.83137467969209 ], [ 662676.821161159779876, 7181739.034377115778625 ], [ 662674.572136304341257, 7181734.686415018513799 ], [ 662671.274160959757864, 7181730.189405236393213 ], [ 662665.577136367093772, 7181721.644421253353357 ], [ 662653.434126798179932, 7181715.873426055535674 ], [ 662645.489117054850794, 7181713.774428046308458 ], [ 662640.392130667576566, 7181712.57441652752459 ], [ 662633.496132421656512, 7181710.476394874975085 ], [ 662626.300146655994467, 7181710.176408410072327 ], [ 662623.002111328532919, 7181711.075396099127829 ], [ 662617.60513792023994, 7181714.223408210091293 ], [ 662612.508091610507108, 7181718.721396194770932 ], [ 662607.111117647960782, 7181719.021385114639997 ], [ 662605.01309483172372, 7181719.920433606021106 ], [ 662602.014132020995021, 7181721.719384845346212 ], [ 662599.316133789019659, 7181724.268397253006697 ], [ 662599.316134402994066, 7181727.416408311575651 ], [ 662600.21512350870762, 7181737.985441598109901 ], [ 662600.815100153675303, 7181742.632415324449539 ], [ 662601.865089938975871, 7181751.477388082072139 ], [ 662601.865090960171074, 7181756.724398699589074 ], [ 662602.914103275397792, 7181760.921421051956713 ], [ 662603.663127633393742, 7181764.669407703913748 ], [ 662604.413128846441396, 7181769.916418176144361 ], [ 662605.01310661516618, 7181780.335427067242563 ], [ 662604.413131639012136, 7181784.232400838285685 ], [ 662602.680100465193391, 7181791.883404105901718 ], [ 662599.766100457054563, 7181803.121444655582309 ], [ 662598.866137317731045, 7181805.520432259887457 ], [ 662599.016101640067063, 7181810.16740607470274 ], [ 662601.115102086449042, 7181814.740404881536961 ], [ 662603.364126970409416, 7181819.237414870411158 ], [ 662606.21215140982531, 7181825.683460883796215 ], [ 662607.561151739559136, 7181830.63042233325541 ], [ 662609.060115895117633, 7181837.676444349810481 ], [ 662611.909116868744604, 7181843.973442474380136 ], [ 662613.108153415028937, 7181847.0464410725981 ], [ 662613.708130264887586, 7181852.742426298558712 ], [ 662613.108156808419153, 7181864.436460166238248 ], [ 662612.059147388674319, 7181875.079468461684883 ], [ 662610.41016141185537, 7181881.526430881582201 ], [ 662609.810125662363134, 7181886.77246505394578 ], [ 662608.461127863032743, 7181894.793463461101055 ], [ 662607.861153527512215, 7181901.989449305459857 ], [ 662605.855172726791352, 7181907.90345267392695 ], [ 662602.548166189109907, 7181913.724438693374395 ], [ 662598.579171535093337, 7181916.237440597265959 ], [ 662594.081123959738761, 7181918.48646548576653 ], [ 662591.03913136292249, 7181920.338456299155951 ], [ 662586.424140577670187, 7181923.501482911407948 ], [ 662581.327154978876933, 7181926.349446059204638 ], [ 662576.529119563521817, 7181928.748495460487902 ], [ 662564.986148972297087, 7181934.295496199280024 ], [ 662554.642153205815703, 7181939.392484383657575 ], [ 662549.367127869045362, 7181941.50546202622354 ], [ 662546.589112828369252, 7181945.60647680144757 ], [ 662545.348146945238113, 7181951.909457169473171 ], [ 662546.697147363913245, 7181957.306491978466511 ], [ 662547.647160986438394, 7181963.333470874466002 ], [ 662550.445136315422133, 7181968.400488224811852 ], [ 662553.893136084079742, 7181972.74747352860868 ], [ 662556.741159995319322, 7181976.495459771715105 ], [ 662560.938122649677098, 7181982.342506347224116 ], [ 662565.5861351180356, 7181987.663490688428283 ], [ 662568.434159030555747, 7181991.411476931534708 ], [ 662571.28218294295948, 7181995.159463172778487 ], [ 662574.281147246714681, 7182001.00650998391211 ], [ 662576.67915886733681, 7182004.903483169153333 ], [ 662579.078146905405447, 7182008.051493760198355 ], [ 662584.625145966187119, 7182011.050516882911325 ], [ 662592.870143816107884, 7182014.348489750176668 ], [ 662599.76614206447266, 7182016.447487967088819 ], [ 662604.863189517171122, 7182017.796486340463161 ], [ 662608.611176540609449, 7182018.995460525155067 ], [ 662611.609163636574522, 7182021.544471824541688 ], [ 662614.757175303064287, 7182024.692482268437743 ], [ 662617.605198807315901, 7182026.341468950733542 ], [ 662620.903173977509141, 7182029.93949168920517 ], [ 662622.702186263399199, 7182033.012490170076489 ], [ 662632.049175307271071, 7182042.311501957476139 ], [ 662634.075177308986895, 7182044.933511510491371 ], [ 662636.547163423034362, 7182048.132486455142498 ], [ 662641.707200381206349, 7182055.673503004014492 ], [ 662647.924183122813702, 7182061.758464284241199 ], [ 662652.835196053492837, 7182066.592509973794222 ], [ 662658.111199308186769, 7182071.416484788060188 ], [ 662663.138179076719098, 7182076.310466992668808 ], [ 662665.724972490337677, 7182080.23826290294528 ], [ 662667.014218585100025, 7182081.072308275848627 ], [ 662668.300229751504958, 7182081.57786235306412 ], [ 662679.988594199880026, 7182117.416492289863527 ], [ 662677.870185561478138, 7182117.937488930299878 ], [ 662673.822211750550196, 7182122.285513293929398 ], [ 662670.225227175047621, 7182128.431511662900448 ], [ 662664.528205300332047, 7182133.82848681230098 ], [ 662656.433233188581653, 7182137.126523902639747 ], [ 662654.933233393356204, 7182140.124510802328587 ], [ 662655.233222140697762, 7182144.622497735545039 ], [ 662660.031198158976622, 7182150.618531049229205 ], [ 662669.625195667264052, 7182155.415527475997806 ], [ 662690.013201908557676, 7182158.413510104641318 ], [ 662694.510212912224233, 7182161.412533430382609 ], [ 662694.810201482730918, 7182165.010495720431209 ], [ 662692.112203863216564, 7182170.706481590867043 ], [ 662684.316244345624, 7182180.60052861366421 ], [ 662680.119223200948909, 7182187.796515161171556 ], [ 662680.419212239561602, 7182193.793525916524231 ], [ 662684.616237421287224, 7182207.285532945767045 ], [ 662688.214201660826802, 7182217.029492259025574 ], [ 662693.61123982258141, 7182232.920547518879175 ], [ 662699.008217357913963, 7182250.90950370952487 ], [ 662702.306256022304296, 7182267.100547251291573 ], [ 662703.805221144692041, 7182279.093530988320708 ], [ 662703.805222490802407, 7182285.989528846926987 ], [ 662705.90422339271754, 7182292.885526297613978 ], [ 662709.801259272266179, 7182299.031523204408586 ], [ 662714.898246599012055, 7182305.028533023782074 ], [ 662722.994257890502922, 7182309.825529742985964 ], [ 662730.489254966960289, 7182310.1255161492154 ], [ 662731.988280130317435, 7182317.021513717249036 ], [ 662733.488281740341336, 7182323.317535545676947 ], [ 662737.985293093835935, 7182328.114532966166735 ], [ 662743.682255282532424, 7182329.613555675372481 ], [ 662750.87726495845709, 7182332.312529571354389 ], [ 662752.676277814432979, 7182338.308563470840454 ], [ 662754.775278132408857, 7182342.206513279117644 ], [ 662756.574290872667916, 7182347.603548002429307 ], [ 662757.473278912948444, 7182352.700533994473517 ], [ 662761.371291677816771, 7182360.495518140494823 ], [ 662762.271256923675537, 7182368.890539648011327 ], [ 662759.872270025778562, 7182371.589515416882932 ], [ 662752.376296355621889, 7182371.13956559356302 ], [ 662744.581250607734546, 7182372.038554161787033 ], [ 662737.685253115720116, 7182373.8375671999529 ], [ 662728.690257179317996, 7182381.333542557433248 ], [ 662721.79426097497344, 7182389.72856558393687 ], [ 662714.898266056668945, 7182404.719537569209933 ], [ 662711.301281919702888, 7182413.114559953100979 ], [ 662709.440260668867268, 7182424.238586605526507 ], [ 662704.016249534091912, 7182431.779544186778367 ], [ 662699.518263662001118, 7182437.467595838941634 ], [ 662697.209303686395288, 7182440.398566279560328 ], [ 662694.211257193470374, 7182446.2455532271415 ], [ 662693.611282858066261, 7182453.441600110381842 ], [ 662693.911271605524234, 7182457.938610481098294 ], [ 662700.50728386209812, 7182469.631605355069041 ], [ 662701.406272194348276, 7182476.227554136887193 ], [ 662701.106287542846985, 7182492.718586254864931 ], [ 662700.207302722614259, 7182504.111594721674919 ], [ 662701.406279625953175, 7182514.30556682869792 ], [ 662701.706268957350403, 7182521.801601406186819 ], [ 662705.904269738122821, 7182530.346585687249899 ], [ 662711.900305907125585, 7182540.240568988956511 ], [ 662723.593304965412244, 7182555.231598382815719 ], [ 662724.493330720812082, 7182560.928621152415872 ], [ 662723.893295468529686, 7182568.723606179468334 ], [ 662717.89732542692218, 7182584.914590505883098 ], [ 662708.302295112749562, 7182604.702622356824577 ], [ 662699.008289711899124, 7182621.642630957067013 ], [ 662691.212331007700413, 7182635.734616074711084 ], [ 662684.701284940354526, 7182650.854616341181099 ], [ 662684.437310094712302, 7182662.496648187749088 ], [ 662689.993344181450084, 7182674.799628776498139 ], [ 662698.10833897581324, 7182687.604623153805733 ], [ 662714.898324050242081, 7182701.845651363953948 ], [ 662723.066359075601213, 7182718.059643188491464 ], [ 662725.092362142167985, 7182726.131666349247098 ], [ 662722.99434102117084, 7182735.725663361139596 ], [ 662718.568316428572871, 7182745.57564233802259 ], [ 662714.732318673282862, 7182754.571678112260997 ], [ 662714.467366853030398, 7182764.09664398804307 ], [ 662716.319358359090984, 7182770.711635558865964 ], [ 662721.195337233599275, 7182776.202663848176599 ], [ 662725.692349145421758, 7182783.847684465348721 ], [ 662726.770353840780444, 7182791.481658383272588 ], [ 662726.292327635572292, 7182797.939667945727706 ], [ 662725.447358039091341, 7182804.710665943101048 ], [ 662725.580355330486782, 7182813.176671508699656 ], [ 662726.891331375692971, 7182821.325660162605345 ], [ 662732.28836883965414, 7182833.618692049756646 ], [ 662739.184369846945629, 7182849.809673865325749 ], [ 662742.778366427635774, 7182857.627668335102499 ], [ 662741.583359497715719, 7182861.202681694179773 ], [ 662728.990338190109469, 7182858.504685413092375 ], [ 662718.304361360380426, 7182858.553698741830885 ], [ 662712.483376587042585, 7182861.595692846924067 ], [ 662705.304359917528927, 7182868.098686641082168 ], [ 662700.444374797982164, 7182875.618709051981568 ], [ 662699.008340354077518, 7182881.140683406963944 ], [ 662697.808391041122377, 7182892.234680630266666 ], [ 662701.406357010826468, 7182910.823673961684108 ], [ 662703.48735369334463, 7182923.640693448483944 ], [ 662708.302359539782628, 7182934.809701726771891 ], [ 662720.078366880770773, 7182952.067699467763305 ], [ 662726.461365612922236, 7182959.764721682295203 ], [ 662728.526369972620159, 7182966.897718718275428 ], [ 662733.888373125577345, 7182978.569717740640044 ], [ 662734.871406242134981, 7182981.844681769609451 ], [ 662734.721382609917782, 7182986.04670924693346 ], [ 662733.782419600291178, 7182996.665730712935328 ], [ 662733.649425666080788, 7183005.397727612406015 ], [ 662733.782422776799649, 7183012.937707551755011 ], [ 662733.488417519256473, 7183018.910731604322791 ], [ 662732.843398664612323, 7183023.21670207567513 ], [ 662730.591385617270134, 7183031.85269106272608 ], [ 662726.77040279773064, 7183042.306735021993518 ], [ 662724.918413483304903, 7183046.936741456389427 ], [ 662729.089374702074565, 7183050.437718105502427 ], [ 662732.656392358010635, 7183051.188755199313164 ], [ 662740.983421186683699, 7183052.940707149915397 ], [ 662759.125393860857002, 7183054.379729856736958 ], [ 662774.707429223577492, 7183055.130703570321202 ], [ 662787.156407100264914, 7183055.638696877285838 ], [ 662797.150428412831388, 7183056.726707899942994 ], [ 662808.74442605196964, 7183059.536703917197883 ], [ 662817.139449068694375, 7183066.432700143195689 ], [ 662823.7354610391194, 7183076.626732237637043 ], [ 662825.534413564717397, 7183086.22072849329561 ], [ 662825.957449345616624, 7183091.362697507254779 ], [ 662825.01842429023236, 7183096.806729851290584 ], [ 662821.076408151770011, 7183104.315704718232155 ], [ 662813.841424597194418, 7183122.94974412675947 ], [ 662807.844416076666676, 7183134.642741469666362 ], [ 662803.632441302062944, 7183141.790754383429885 ], [ 662798.361445309128612, 7183149.182725086808205 ], [ 662794.419428364140913, 7183152.561755046248436 ], [ 662788.355462691630237, 7183156.229725923389196 ], [ 662775.646416150499135, 7183167.016718483529985 ], [ 662772.079460482113063, 7183171.146725125610828 ], [ 662764.757438489468768, 7183178.092773262411356 ], [ 662763.443413044791669, 7183182.035767696797848 ], [ 662764.194451420102268, 7183185.03875904623419 ], [ 662764.570428994833492, 7183189.732729908078909 ], [ 662765.88445605232846, 7183194.049747361801565 ], [ 662764.757442740723491, 7183199.869756403379142 ], [ 662761.671444235602394, 7183204.051764916628599 ], [ 662760.627438785275444, 7183210.006783742457628 ], [ 662759.642453322769143, 7183210.727731386199594 ], [ 662755.746456791763194, 7183213.573741179890931 ], [ 662753.494443084462546, 7183218.830762014724314 ], [ 662754.995421568164602, 7183226.714735916815698 ], [ 662754.775452354922891, 7183234.63374434504658 ], [ 662752.377443129196763, 7183243.029743068851531 ], [ 662749.378419981221668, 7183248.425802170298994 ], [ 662747.280459484085441, 7183255.921776188537478 ], [ 662746.735477038077079, 7183259.004784900695086 ], [ 662742.333437956520356, 7183262.156397898681462 ], [ 662740.393435409292579, 7183264.145778672769666 ], [ 662738.942447402747348, 7183269.949796562083066 ], [ 662739.564458052860573, 7183276.168792182579637 ], [ 662739.978460311191157, 7183279.692779824137688 ], [ 662743.088447749847546, 7183286.325776528567076 ], [ 662742.880441259243526, 7183293.373813052661717 ], [ 662741.015452006016858, 7183300.836766997352242 ], [ 662741.844432356767356, 7183304.15280772652477 ], [ 662747.02644039329607, 7183303.530797277577221 ], [ 662749.92847990966402, 7183304.567784283310175 ], [ 662748.063429215922952, 7183309.957800682634115 ], [ 662748.89247068320401, 7183313.688819547183812 ], [ 662750.343460914562456, 7183319.285805568099022 ], [ 662752.830462558544241, 7183326.954813404008746 ], [ 662756.147480653366074, 7183330.271769176237285 ], [ 662759.256490099360235, 7183329.580789388157427 ], [ 662765.475485555361956, 7183328.198768775910139 ], [ 662771.487450828542933, 7183332.55179606564343 ], [ 662775.840480131562799, 7183336.904762644320726 ], [ 662779.157498346175998, 7183340.843788890168071 ], [ 662776.047451937221922, 7183344.782816389575601 ], [ 662771.480495872208849, 7183348.189800580963492 ], [ 662771.483852806501091, 7183348.191570600494742 ], [ 662767.670863597886637, 7183348.420209098607302 ], [ 662749.38088049844373, 7183346.32121310569346 ], [ 662730.491837977431715, 7183348.270191903226078 ], [ 662720.025831304723397, 7183345.258230280131102 ], [ 662715.26386660465505, 7183342.215200640261173 ], [ 662709.942879778682254, 7183334.098195195198059 ], [ 662706.376837731571868, 7183328.466175399720669 ], [ 662705.48187878029421, 7183327.303211406804621 ], [ 662703.33185369183775, 7183326.657215567305684 ], [ 662700.643865010002628, 7183328.110219394788146 ], [ 662697.55286112963222, 7183329.780203338712454 ], [ 662691.214847675990313, 7183334.178215961903334 ], [ 662682.220827824668959, 7183339.275203891098499 ], [ 662676.714845686568879, 7183342.921201998367906 ], [ 662670.895875173155218, 7183346.48822065256536 ], [ 662661.552856573602185, 7183353.46020913310349 ], [ 662651.937864747247659, 7183357.864203842356801 ], [ 662640.244869479327463, 7183362.362193120643497 ], [ 662633.161860573571175, 7183366.012219855561852 ], [ 662629.594844198785722, 7183371.832229374907911 ], [ 662625.277828106540255, 7183380.092242109589279 ], [ 662623.212827263516374, 7183390.980245802551508 ], [ 662626.403869726811536, 7183399.240257073193789 ], [ 662629.97082777612377, 7183407.312218905426562 ], [ 662630.12286642449908, 7183407.491235034540296 ], [ 662636.353826475329697, 7183414.822229359298944 ], [ 662644.237863262649626, 7183422.894251383841038 ], [ 662651.747876042849384, 7183428.526209376752377 ], [ 662652.68586518522352, 7183431.717250054702163 ], [ 662655.12684558192268, 7183435.660243758000433 ], [ 662657.37886086513754, 7183438.475246485322714 ], [ 662660.757890595705248, 7183441.291225554421544 ], [ 662663.010882662027143, 7183445.234219294041395 ], [ 662664.324849050375633, 7183451.429227957502007 ], [ 662663.331868685316294, 7183455.757232194766402 ], [ 662666.329857687000185, 7183468.050264561548829 ], [ 662666.765893631265499, 7183471.516268787905574 ], [ 662666.202846222091466, 7183482.029272094368935 ], [ 662663.386868221918121, 7183490.852272961288691 ], [ 662659.819851479725912, 7183494.794230239465833 ], [ 662656.252895370242186, 7183496.671245578676462 ], [ 662650.808863695361651, 7183499.112226273864508 ], [ 662645.43685354734771, 7183501.67326313816011 ], [ 662641.273095749202184, 7183504.688462480902672 ], [ 662646.167262285598554, 7183505.970688419416547 ], [ 662665.997103833011352, 7183518.800460804253817 ], [ 662684.037272496847436, 7183533.810470917262137 ], [ 662683.98325202986598, 7183511.575052601285279 ], [ 662677.595673440839164, 7183492.517065540887415 ], [ 662681.26064614939969, 7183460.474637139588594 ], [ 662700.109281726297922, 7183450.003256252035499 ], [ 662683.040851589059457, 7183422.463457569479942 ], [ 662672.569475715630688, 7183429.165060459636152 ], [ 662643.773074789205566, 7183393.981036023236811 ], [ 662645.972047161310911, 7183379.635206704027951 ], [ 662660.422672320622951, 7183374.085397768765688 ], [ 662675.082464524079114, 7183366.022404551506042 ], [ 662690.266060264199041, 7183356.388793151825666 ], [ 662695.501840939745307, 7183359.111204940825701 ], [ 662708.067457446362823, 7183361.729184119962156 ], [ 662744.508080858155154, 7183368.535575243644416 ], [ 662784.718295880476944, 7183366.964766207151115 ], [ 662839.297287244349718, 7183356.510590260848403 ], [ 662839.312116821412928, 7183346.421598402783275 ], [ 662840.636090669315308, 7183340.794765640981495 ], [ 662843.614910838892683, 7183333.678369184955955 ], [ 662849.477092866785824, 7183323.010579649358988 ], [ 662852.697306824265979, 7183314.27058653626591 ], [ 662856.33750350761693, 7183304.040541688911617 ], [ 662875.987281003966928, 7183264.190552009269595 ], [ 662883.8870630832389, 7183263.130552635528147 ], [ 662876.009495964623056, 7183254.764341084286571 ], [ 662858.798245937214233, 7183239.577939171344042 ], [ 662841.755699135479517, 7183234.684569659642875 ], [ 662829.775287511525676, 7183230.297363840043545 ], [ 662819.988479697611183, 7183224.560364763252437 ], [ 662808.176829730859026, 7183217.135743578895926 ], [ 662797.04004559351597, 7183209.373780865222216 ], [ 662788.265627484302968, 7183200.093323647975922 ], [ 662783.034850446158089, 7183190.981322813779116 ], [ 662779.491268399870023, 7183180.519772963598371 ], [ 662816.107420083018951, 7183141.878520524129272 ], [ 662843.949217356275767, 7183107.62472209893167 ], [ 662836.693411203566939, 7183077.083089687861502 ], [ 662826.231612659990788, 7183057.172136904671788 ], [ 662815.806804176536389, 7183051.330096423625946 ], [ 662811.366800256306306, 7183049.540118802338839 ], [ 662794.316807435592636, 7183046.020101698115468 ], [ 662761.886806114926003, 7183044.020107515156269 ], [ 662753.416832999675535, 7183042.71011127345264 ], [ 662749.486777467653155, 7183038.510098753497005 ], [ 662747.796834627049975, 7183033.360134380869567 ], [ 662746.476825156831183, 7183024.090112724341452 ], [ 662745.746779372449964, 7183003.110127006657422 ], [ 662744.252812558668666, 7182957.447701012715697 ], [ 662720.629569057375193, 7182918.975283631123602 ], [ 662716.129747461876832, 7182900.75146391056478 ], [ 662719.729597853496671, 7182880.053093634545803 ], [ 662725.804183348431252, 7182874.878469536080956 ], [ 662751.002371261361986, 7182876.678269768133759 ], [ 662760.901604034239426, 7182873.078474430367351 ], [ 662762.701590791344643, 7182865.42905805259943 ], [ 662744.252784230397083, 7182812.332856612280011 ], [ 662741.55294956790749, 7182787.359645160846412 ], [ 662729.628929553087801, 7182757.886678497307003 ], [ 662742.677938566310331, 7182729.538646212778986 ], [ 662740.251727336202748, 7182718.690621440298855 ], [ 662740.27675158623606, 7182717.820015744306147 ], [ 662738.086746868444607, 7182709.010016351938248 ], [ 662731.25672640488483, 7182700.620061919093132 ], [ 662722.526741947745904, 7182691.550053970888257 ], [ 662714.106755281682126, 7182683.270024193450809 ], [ 662707.066712709493004, 7182674.450015978887677 ], [ 662702.016721816034988, 7182665.140017016790807 ], [ 662698.776728980476037, 7182656.030029959976673 ], [ 662697.856743971584365, 7182646.480039898306131 ], [ 662700.626701374887489, 7182637.270015021786094 ], [ 662705.956718325265683, 7182629.620048639364541 ], [ 662712.236686759628356, 7182622.330006481148303 ], [ 662718.716728179133497, 7182613.460007824003696 ], [ 662725.916740191634744, 7182603.100018409080803 ], [ 662730.166739287902601, 7182592.93003206141293 ], [ 662734.286732950247824, 7182580.120030412450433 ], [ 662738.816699385759421, 7182564.870025616139174 ], [ 662741.686693299561739, 7182554.96999810449779 ], [ 662741.496688593993895, 7182543.620019644498825 ], [ 662735.926678232382983, 7182535.310021042823792 ], [ 662727.286720460513607, 7182525.240012822672725 ], [ 662724.266698538325727, 7182516.920003954321146 ], [ 662727.566685204510577, 7182506.860003173351288 ], [ 662729.546726638567634, 7182503.919999591074884 ], [ 662732.986667926074006, 7182498.839980527758598 ], [ 662737.016696095350198, 7182487.819957382977009 ], [ 662738.426665420643985, 7182466.419988243840635 ], [ 662738.343474198132753, 7182464.968999118544161 ], [ 662722.654075180413201, 7182449.882999777793884 ], [ 662721.754109464702196, 7182439.083741815760732 ], [ 662725.406695390818641, 7182424.269955568015575 ], [ 662734.636674054316245, 7182403.019948319531977 ], [ 662740.376664035720751, 7182394.259935189038515 ], [ 662747.216691874084063, 7182390.399947512894869 ], [ 662756.386676612310112, 7182387.849957276135683 ], [ 662765.446676033199765, 7182385.609964698553085 ], [ 662773.346701748552732, 7182382.00992561224848 ], [ 662778.906699884333648, 7182377.739964937791228 ], [ 662782.666709441691637, 7182371.789950471371412 ], [ 662785.456686718272977, 7182364.319916274398565 ], [ 662786.4466757401824, 7182356.819914158433676 ], [ 662786.656695051933639, 7182342.919947179034352 ], [ 662782.366653349599801, 7182334.979943540878594 ], [ 662776.826673010364175, 7182330.329919015988708 ], [ 662770.976694989134558, 7182325.459923794493079 ], [ 662763.626654864521697, 7182317.069908431731164 ], [ 662756.166690561920404, 7182309.519920160993934 ], [ 662748.086670249002054, 7182303.509910432621837 ], [ 662740.016659868764691, 7182298.339927773922682 ], [ 662731.85668404889293, 7182295.239952987059951 ], [ 662724.326652183546685, 7182291.869958477094769 ], [ 662720.286672445945442, 7182288.359948600642383 ], [ 662716.196642982424237, 7182280.309959543868899 ], [ 662713.036666526226327, 7182267.44991048052907 ], [ 662699.666659101843834, 7182221.759898949414492 ], [ 662694.106656028772704, 7182200.729926387779415 ], [ 662693.956630609696731, 7182195.769903175532818 ], [ 662696.556605850229971, 7182190.619937968440354 ], [ 662700.726649629883468, 7182184.359925787895918 ], [ 662710.35665476473514, 7182173.13988929707557 ], [ 662712.50661797914654, 7182169.509883065707982 ], [ 662713.786646985914558, 7182166.359918631613255 ], [ 662715.316615021089092, 7182163.209893111139536 ], [ 662750.195038283476606, 7182145.0419129030779 ], [ 662786.279213396832347, 7182137.29050006531179 ], [ 662800.712870744057, 7182131.677275596186519 ], [ 662811.137249940540642, 7182127.133449153974652 ], [ 662817.017621741630137, 7182123.124047565273941 ], [ 662818.196637047105469, 7182117.459861313924193 ], [ 662813.008219118462875, 7182111.897849187254906 ], [ 662802.316626427695155, 7182108.690269887447357 ], [ 662793.496006672503427, 7182109.492273768410087 ], [ 662789.486606085207313, 7182108.69027239177376 ], [ 662787.348421584349126, 7182106.819300651550293 ], [ 662786.813813732354902, 7182102.809900315478444 ], [ 662788.684846086427569, 7182098.53328752797097 ], [ 662790.555817248765379, 7182093.454855687916279 ], [ 662789.754058451275341, 7182089.445455403998494 ], [ 662787.081022530677728, 7182086.505269626155496 ], [ 662779.062221200438216, 7182084.099691962823272 ], [ 662771.578210880979896, 7182085.970665583387017 ], [ 662758.481040794518776, 7182092.118252721615136 ], [ 662755.006247431854717, 7182092.118253400549293 ], [ 662734.424819753272459, 7182084.099700678139925 ], [ 662709.299385879421607, 7182082.763279460370541 ], [ 662688.450807827757671, 7182077.684668947942555 ], [ 662673.056577519048005, 7182075.969888798892498 ], [ 662671.416622373275459, 7182070.249855916947126 ], [ 662667.546624695532955, 7182062.149879014119506 ], [ 662649.396591618307866, 7182041.319860136136413 ], [ 662634.506569862598553, 7182024.219883079640567 ], [ 662622.866550200269558, 7182013.63986555300653 ], [ 662613.77658082486596, 7182007.219882776029408 ], [ 662604.416592185967602, 7182002.51987119205296 ], [ 662594.146569050848484, 7181997.379857232794166 ], [ 662590.36653831449803, 7181994.909886633977294 ], [ 662585.176533496123739, 7181989.459874046035111 ], [ 662571.5965702686226, 7181970.319857150316238 ], [ 662566.956552797462791, 7181961.869904723018408 ], [ 662566.896555091254413, 7181961.18985085003078 ], [ 662566.4965297607705, 7181957.00985718332231 ], [ 662569.536568561336026, 7181951.71987720951438 ], [ 662575.606576673220843, 7181947.869899455457926 ], [ 662593.526562191662379, 7181937.979878783226013 ], [ 662601.856579992105253, 7181930.799882646650076 ], [ 662611.576551545760594, 7181922.549878641031682 ], [ 662614.486524496460333, 7181917.779857322573662 ], [ 662614.906568226520903, 7181916.129832405596972 ], [ 662618.606579298269935, 7181905.509833851829171 ], [ 662621.90656555024907, 7181893.329837418161333 ], [ 662624.396554202539846, 7181881.989868212491274 ], [ 662625.636542806169018, 7181872.01983368396759 ], [ 662626.096562601043843, 7181860.259820820763707 ], [ 662624.896547626354732, 7181847.629812945611775 ], [ 662622.676513100741431, 7181836.219837317243218 ], [ 662618.846553564537317, 7181823.339829890057445 ], [ 662616.276543642859906, 7181813.359847370535135 ], [ 662614.486502602114342, 7181805.539838398806751 ], [ 662613.676503306836821, 7181797.689799929969013 ], [ 662614.916552916169167, 7181787.569801984354854 ], [ 662615.726548896869645, 7181778.429845877923071 ], [ 662615.616501356940717, 7181772.659824893809855 ], [ 662615.032516072038561, 7181768.752597447484732 ], [ 662614.661114965798333, 7181758.056244689039886 ], [ 662614.436137786018662, 7181750.181792036630213 ], [ 662615.111124389921315, 7181743.207241784781218 ], [ 662616.685891713364981, 7181737.357630607672036 ], [ 662620.960488777724095, 7181731.282982226461172 ], [ 662624.78531805658713, 7181727.233419898897409 ], [ 662628.385111140669324, 7181725.658406586386263 ], [ 662634.234721906948835, 7181725.208393124863505 ], [ 662638.284344601561315, 7181725.658404656685889 ], [ 662643.908919129753485, 7181727.458391811698675 ], [ 662652.008531387662515, 7181731.732988489791751 ], [ 662659.65794852678664, 7181737.582597866654396 ], [ 662665.795159255503677, 7181748.5736273098737 ], [ 662665.996514405123889, 7181749.179828597232699 ], [ 662669.696528806583956, 7181755.629780694842339 ], [ 662675.416563096572645, 7181761.28981520421803 ], [ 662682.26654090359807, 7181763.789814505726099 ], [ 662687.966554679092951, 7181764.439776939339936 ], [ 662693.76654362725094, 7181762.839799812063575 ], [ 662698.636539259110577, 7181759.159805245697498 ], [ 662710.479378235293552, 7181766.883193580433726 ], [ 662727.884779039188288, 7181771.44862103741616 ], [ 662738.442156650940888, 7181781.149793328717351 ], [ 662751.852744486182928, 7181786.000622028484941 ], [ 662780.38619925105013, 7181787.427191529422998 ], [ 662788.396576424362138, 7181783.179813390597701 ], [ 662785.23678402020596, 7181775.157778265886009 ], [ 662771.826133866095915, 7181763.74456996191293 ], [ 662770.970175672089681, 7181758.893799846991897 ], [ 662773.538167924503796, 7181750.904600527137518 ], [ 662772.967548768385313, 7181744.056576425209641 ], [ 662768.116777440765873, 7181738.635189270600677 ], [ 662755.276746722520329, 7181735.496580136939883 ], [ 662724.546571588027291, 7181716.099791631102562 ], [ 662729.386536893667653, 7181707.189754229038954 ], [ 662733.076538828434423, 7181699.80980777554214 ], [ 662739.466553799808025, 7181693.189748684875667 ], [ 662750.076540072215721, 7181684.159776045940816 ], [ 662758.566530853044242, 7181675.959760086610913 ], [ 662766.3865390738938, 7181670.419779119081795 ], [ 662794.367567563429475, 7181687.560341997072101 ], [ 662802.356766640441492, 7181688.987159648910165 ], [ 662813.484759842278436, 7181687.275181939825416 ], [ 662819.191547839553095, 7181684.421786542981863 ], [ 662821.636554991244338, 7181680.379731809720397 ], [ 662824.898150052060373, 7181667.87234272621572 ], [ 662825.183549344888888, 7181661.880336744710803 ], [ 662821.474135559867136, 7181655.602931082248688 ], [ 662814.626171956770122, 7181653.320339062251151 ], [ 662804.924754101433791, 7181656.458952596411109 ], [ 662803.551767912809737, 7181656.458952865563333 ], [ 662807.442328237346373, 7181632.776328871957958 ], [ 662812.69653950817883, 7181625.179768288508058 ], [ 662824.556524660321884, 7181608.809766674414277 ], [ 662844.176519901724532, 7181584.049746755510569 ], [ 662865.416570706758648, 7181554.189688597805798 ], [ 662874.096562755526975, 7181539.749680774286389 ], [ 662881.216557594714686, 7181529.119732823222876 ], [ 662896.657969587016851, 7181538.540508577600121 ], [ 662903.530957311159, 7181539.283488380722702 ], [ 662916.348343107965775, 7181537.983314646407962 ], [ 662930.280354264308698, 7181542.069921853020787 ], [ 662934.92433751700446, 7181542.81308519653976 ], [ 662958.887356014107354, 7181541.512665141373873 ], [ 662963.345547732431442, 7181539.840910915285349 ], [ 662966.317776579526253, 7181535.196866178885102 ], [ 662967.060756599064916, 7181529.438319642096758 ], [ 662963.159752202685922, 7181516.992272307164967 ], [ 662962.602560414001346, 7181508.26167936809361 ], [ 662961.487934838281944, 7181501.760091012343764 ], [ 662958.330157252959907, 7181497.116108510643244 ], [ 662952.304581293254159, 7181493.500691285356879 ], [ 662935.213146206340753, 7181492.966697907075286 ], [ 662915.611944664386101, 7181491.435268243774772 ], [ 662912.827763630310073, 7181488.144862674176693 ], [ 662912.195132369175553, 7181479.412682835012674 ], [ 662897.894527248688973, 7181462.201499598100781 ], [ 662890.301323410123587, 7181455.873679643496871 ], [ 662878.405139697017148, 7181448.153892401605844 ], [ 662872.710313124931417, 7181443.471458237618208 ], [ 662868.407515564002097, 7181438.029685228131711 ], [ 662863.092143467743881, 7181427.272664479911327 ], [ 662860.054909772239625, 7181419.67946245148778 ], [ 662851.322723996941932, 7181389.812696287408471 ], [ 662844.235683156643063, 7181374.879466323181987 ], [ 662840.186119560850784, 7181364.502084096893668 ], [ 662836.895711650839075, 7181355.263679062947631 ], [ 662834.449481342337094, 7181346.751287234947085 ], [ 662836.776507916045375, 7181344.799687160179019 ], [ 662964.166559299221262, 7181368.159653574228287 ], [ 662983.986515305121429, 7181392.259631432592869 ], [ 663004.260937026934698, 7181405.240648845210671 ], [ 663073.600187552394345, 7181403.262424329295754 ], [ 663104.141762189101428, 7181413.386810585856438 ], [ 663115.447185495984741, 7181416.086638162843883 ], [ 663160.500420324038714, 7181420.136435066349804 ], [ 663216.183782743406482, 7181413.72419108543545 ], [ 663266.130451459204778, 7181417.942627204582095 ], [ 663271.361226508626714, 7181416.930174749344587 ], [ 663291.441002778010443, 7181407.987175371497869 ], [ 663301.986599793308415, 7181413.549613690003753 ], [ 663284.248432754538953, 7181396.304983859881759 ], [ 663275.906386662041768, 7181381.140980161726475 ], [ 663232.530579229700379, 7181365.718377301469445 ], [ 663211.686580049223267, 7181366.85961702466011 ], [ 663207.606623282656074, 7181368.489623121917248 ], [ 663173.056568557978608, 7181382.939584742300212 ], [ 663168.406604475574568, 7181385.339610679075122 ] ] ] ] } },
{ "type": "Feature", "properties": { "CODIGO": null, "CODIGO_SMM": "0284", "TIPO": "PARQUE", "NOME": "MUNICIPAL MANÉ GARRINCHA", "TEXTO_MAPA": "PARQUE MUNICIPAL MANÉ GARRINCHA" }, "geometry": { "type": "MultiPolygon", "coordinates": [ [ [ [ 667117.690147917252034, 7177194.581178020685911 ], [ 667158.419505099067464, 7177079.825159721076488 ], [ 667147.334359274362214, 7177084.618742244318128 ], [ 667117.11555262922775, 7177143.795154697261751 ], [ 666996.295941279851831, 7177441.543239243328571 ], [ 666992.24577137734741, 7177451.523833373561502 ], [ 666995.124557528994046, 7177457.799652239307761 ], [ 666998.294543063500896, 7177466.977693452499807 ], [ 667006.283562222030014, 7177484.474644474685192 ], [ 667014.206602123333141, 7177500.78366796579212 ], [ 667023.299381791497581, 7177520.624491425231099 ], [ 667030.282174478517845, 7177534.939496051520109 ], [ 667035.519422018667683, 7177547.857650093734264 ], [ 667041.454790128627792, 7177562.172654930502176 ], [ 667044.946431557764299, 7177574.043689919635653 ], [ 667052.627405851031654, 7177589.755057061091065 ], [ 667061.705231987289153, 7177610.005487561225891 ], [ 667066.071629208279774, 7177620.459712939336896 ], [ 667068.058630310348235, 7177625.935666061006486 ], [ 667071.01163560571149, 7177634.075682156719267 ], [ 667080.139631827943958, 7177650.215699018910527 ], [ 667087.332631909521297, 7177675.812688855454326 ], [ 667090.389640524052083, 7177680.900702212937176 ], [ 667093.070611476432532, 7177686.131721053272486 ], [ 667095.75066681066528, 7177690.911689976230264 ], [ 667098.390866216504946, 7177695.881722429767251 ], [ 667100.080870091798715, 7177700.94172091782093 ], [ 667101.939636235591024, 7177706.100718419998884 ], [ 667103.840821788064204, 7177711.081676319241524 ], [ 667105.74066458537709, 7177716.151684533804655 ], [ 667107.680668527027592, 7177721.231702508404851 ], [ 667109.700872686575167, 7177726.321730233728886 ], [ 667112.300666689639911, 7177730.701735692098737 ], [ 667114.106026936322451, 7177735.252883933484554 ], [ 667114.412057216046378, 7177734.90089403744787 ], [ 667117.536080728867091, 7177731.408888142555952 ], [ 667120.497262457502075, 7177728.18427736312151 ], [ 667122.319467112538405, 7177726.251110009849072 ], [ 667127.290658322977833, 7177719.121712695807219 ], [ 667138.360666090389714, 7177707.631717359647155 ], [ 667147.564829270704649, 7177699.150512216612697 ], [ 667163.814640785101801, 7177652.221481082960963 ], [ 667168.835026587243192, 7177646.315289630554616 ], [ 667167.970645803492516, 7177642.891704961657524 ], [ 667165.389223286416382, 7177638.016460116952658 ], [ 667165.528444488882087, 7177637.898845313116908 ], [ 667158.010251375380903, 7177624.081277441233397 ], [ 667152.310235975077376, 7177615.211281244643033 ], [ 667151.400262107374147, 7177612.7313003372401 ], [ 667095.820208759512752, 7177500.661276087164879 ], [ 667083.160166388261132, 7177475.461260108277202 ], [ 667069.300175473443232, 7177464.851274879649282 ], [ 667064.900210267864168, 7177461.181230897083879 ], [ 667033.750172922387719, 7177435.191240400075912 ], [ 667028.03019975789357, 7177429.981279305182397 ], [ 667026.730149272596464, 7177423.321243718266487 ], [ 667028.21019002085086, 7177417.721266433596611 ], [ 667077.650180196389556, 7177295.42117709107697 ], [ 667117.690147917252034, 7177194.581178020685911 ] ] ] ] } },
{ "type": "Feature", "properties": { "CODIGO": "PN95", "CODIGO_SMM": "0345", "TIPO": "PARQUE", "NOME": "TINGUI", "TEXTO_MAPA": "PARQUE TINGUI" }, "geometry": { "type": "MultiPolygon", "coordinates": [ [ [ [ 670621.596482959692366, 7189177.704767423681915 ], [ 670624.924852908938192, 7189177.391168027184904 ], [ 670625.772875599097461, 7189177.427727922797203 ], [ 670626.518298174836673, 7189177.514519784599543 ], [ 670627.263659726828337, 7189177.653740860521793 ], [ 670628.005298144649714, 7189177.846367713063955 ], [ 670628.717883828561753, 7189178.084954056888819 ], [ 670629.381092065712437, 7189178.357537000440061 ], [ 670630.066089873202145, 7189178.694573082029819 ], [ 670630.742298627272248, 7189179.088738087564707 ], [ 670631.311695827869698, 7189179.473930943757296 ], [ 670631.990284982603043, 7189180.006157508119941 ], [ 670632.677297010901384, 7189180.642326969653368 ], [ 670633.184072157950141, 7189181.189324080944061 ], [ 670633.399099125526845, 7189181.463127820752561 ], [ 670633.640249143121764, 7189181.714348539710045 ], [ 670633.904897695407271, 7189181.940361730754375 ], [ 670634.190664412337355, 7189182.139336332678795 ], [ 670634.494863746454939, 7189182.308769909664989 ], [ 670634.814077725401148, 7189182.447563826106489 ], [ 670635.145681838155724, 7189182.553948064334691 ], [ 670635.486075007822365, 7189182.626946061849594 ], [ 670635.831900301272981, 7189182.665947465226054 ], [ 670636.180044925771654, 7189182.670769172720611 ], [ 670636.526846767752431, 7189182.64092290122062 ], [ 670642.209282179945149, 7189181.867361964657903 ], [ 670651.567255562869832, 7189180.593739107251167 ], [ 670652.033503227867186, 7189180.516346413642168 ], [ 670662.62969693611376, 7189178.20195154286921 ], [ 670662.544247615151107, 7189177.811143350787461 ], [ 670666.923704133369029, 7189176.854721304029226 ], [ 670664.919489815831184, 7189165.291547268629074 ], [ 670660.78044764790684, 7189150.636514942161739 ], [ 670659.623463370953687, 7189143.050514637492597 ], [ 670660.780443810392171, 7189131.882542695850134 ], [ 670668.573469656636007, 7189102.656520189717412 ], [ 670674.175457631470636, 7189086.826497765257955 ], [ 670684.672464673407376, 7189062.476513592526317 ], [ 670690.469459745218046, 7189045.292486866936088 ], [ 670693.14645854535047, 7189026.46148768812418 ], [ 670691.223479468142614, 7189002.31450904160738 ], [ 670688.2384287500754, 7188984.975454777479172 ], [ 670684.812461243709549, 7188973.955494069494307 ], [ 670675.551408367464319, 7188958.860460234805942 ], [ 670664.433422128669918, 7188947.272446752525866 ], [ 670646.992434514686465, 7188927.490462671034038 ], [ 670638.423400145722553, 7188920.819503189995885 ], [ 670630.916439411928877, 7188917.096481280401349 ], [ 670616.192435531993397, 7188912.188462976366282 ], [ 670594.047409760998562, 7188910.009450816549361 ], [ 670575.050394665682688, 7188905.868462396785617 ], [ 670531.198393300874159, 7188905.160463362932205 ], [ 670511.097375157056376, 7188906.622503992170095 ], [ 670508.807152422843501, 7188906.788520129397511 ], [ 670504.604392597451806, 7188907.094490308314562 ], [ 670474.716384615865536, 7188908.693495862185955 ], [ 670435.267338976264, 7188910.28951264731586 ], [ 670390.574332952965051, 7188904.588531501591206 ], [ 670364.22233528830111, 7188899.576511636376381 ], [ 670352.58634492487181, 7188894.722508823499084 ], [ 670350.873759128269739, 7188895.213903345167637 ], [ 670349.123759162495844, 7188897.623938518576324 ], [ 670345.823710669530556, 7188903.493935861624777 ], [ 670342.553752682521008, 7188910.17393096908927 ], [ 670337.633770168526098, 7188918.41392438672483 ], [ 670398.963747919071466, 7188946.063943580724299 ], [ 670419.40375879779458, 7188961.183938519097865 ], [ 670430.383806788595393, 7188978.863933622837067 ], [ 670435.473776343045756, 7188990.613935688510537 ], [ 670438.023767482722178, 7189003.733933753333986 ], [ 670438.023770082974806, 7189016.45396885368973 ], [ 670406.803799463901669, 7189056.86395906098187 ], [ 670415.327972941799089, 7189063.351752003654838 ], [ 670419.012788103660569, 7189062.099736759439111 ], [ 670422.900179162155837, 7189061.62653027381748 ], [ 670427.782993008149788, 7189061.959537176415324 ], [ 670431.459202663274482, 7189062.916751032695174 ], [ 670434.59500698489137, 7189064.278139913454652 ], [ 670436.983984921011142, 7189065.55157726071775 ], [ 670441.33359597728122, 7189068.199343186803162 ], [ 670446.356974522583187, 7189071.946352427825332 ], [ 670451.631390975322574, 7189076.885378535836935 ], [ 670463.388781846500933, 7189089.305362327024341 ], [ 670467.662404570030048, 7189094.194339796900749 ], [ 670470.917594294412993, 7189098.51477484498173 ], [ 670473.673211105400696, 7189102.701359862461686 ], [ 670476.340021840878762, 7189107.373357621952891 ], [ 670479.088436817284673, 7189113.105780452489853 ], [ 670480.726621675887145, 7189117.19055902864784 ], [ 670486.654849158367142, 7189133.206553264521062 ], [ 670490.603216855903156, 7189144.973157132044435 ], [ 670499.40565455914475, 7189175.298541773110628 ], [ 670501.424638247000985, 7189181.292561501264572 ], [ 670504.238238924532197, 7189187.686544551514089 ], [ 670507.341024087625556, 7189193.3001928627491 ], [ 670511.027427538996562, 7189198.77376533485949 ], [ 670515.396631441661157, 7189204.134544668719172 ], [ 670519.973843068932183, 7189208.811180712655187 ], [ 670525.552641883376054, 7189213.5365836545825 ], [ 670530.465424638823606, 7189216.991783760488033 ], [ 670535.65945734072011, 7189219.824974365532398 ], [ 670536.156650433782488, 7189222.66378116607666 ], [ 670537.243259672308341, 7189222.990197046659887 ], [ 670538.457249309169129, 7189223.290001565590501 ], [ 670539.730259945965372, 7189223.53334853798151 ], [ 670541.242040168726817, 7189223.73116322234273 ], [ 670542.587438490241766, 7189223.825584358535707 ], [ 670543.935644413810223, 7189223.84419981110841 ], [ 670545.224463098216802, 7189223.790793771855533 ], [ 670546.521643589017913, 7189223.666586929932237 ], [ 670547.903052598470822, 7189223.455160811543465 ], [ 670549.657447510398924, 7189223.065572947263718 ], [ 670550.483253334881738, 7189222.787984812632203 ], [ 670551.138832055265084, 7189222.471944557502866 ], [ 670551.623878506710753, 7189222.174581097438931 ], [ 670552.081031878711656, 7189221.834981305524707 ], [ 670560.563454597722739, 7189215.09456030651927 ], [ 670563.200844995677471, 7189212.991592902690172 ], [ 670563.459267867146991, 7189212.761551285162568 ], [ 670563.691262504085898, 7189212.504959372803569 ], [ 670563.894082324928604, 7189212.22499099560082 ], [ 670564.065469027729705, 7189211.92457584105432 ], [ 670564.203469485393725, 7189211.607376023195684 ], [ 670564.306252648937516, 7189211.277175719849765 ], [ 670564.37284195329994, 7189210.937759110704064 ], [ 670564.40226083539892, 7189210.593154521659017 ], [ 670564.394448262639344, 7189210.247390272095799 ], [ 670563.956275601638481, 7189204.582777046598494 ], [ 670565.810645852587186, 7189202.858166835270822 ], [ 670568.231483455048874, 7189200.733959236182272 ], [ 670570.932228338322602, 7189198.521189543418586 ], [ 670573.573830181499943, 7189196.503732414916158 ], [ 670576.113076081150211, 7189194.691963838413358 ], [ 670578.889687758870423, 7189192.843574110418558 ], [ 670581.504861453082412, 7189191.221930079162121 ], [ 670584.55967146367766, 7189189.465154087170959 ], [ 670587.570047902874649, 7189187.87115890905261 ], [ 670590.671244695782661, 7189186.363345375284553 ], [ 670593.278239769977517, 7189185.196535451337695 ], [ 670595.64548872213345, 7189184.213563516736031 ], [ 670597.727032072958536, 7189183.407349498942494 ], [ 670601.083050775225274, 7189182.218932970426977 ], [ 670604.340070461039431, 7189181.192747950553894 ], [ 670607.724043323891237, 7189180.254575625061989 ], [ 670611.744063713937066, 7189179.304928554221988 ], [ 670614.997665510163642, 7189178.663753402419388 ], [ 670618.222885974217206, 7189178.138545084744692 ], [ 670621.596482959692366, 7189177.704767423681915 ] ] ] ] } },
{ "type": "Feature", "properties": { "CODIGO": null, "CODIGO_SMM": "1113", "TIPO": "PARQUE", "NOME": "NATURAL MUNICIPAL ATUBA", "TEXTO_MAPA": "PARQUE NATURAL MUNICIPAL ATUBA" }, "geometry": { "type": "MultiPolygon", "coordinates": [ [ [ [ 680678.547988191479817, 7191513.162438606843352 ], [ 680686.221024346537888, 7191510.64845922216773 ], [ 680692.96803564124275, 7191511.707418004982173 ], [ 680700.641011765343137, 7191513.823444740846753 ], [ 680704.344993412960321, 7191519.24745662137866 ], [ 680708.027003001538105, 7191527.452475109137595 ], [ 680710.034023292013444, 7191530.757468232885003 ], [ 680712.018033724161796, 7191535.916465764865279 ], [ 680713.067045850562863, 7191538.772423334419727 ], [ 680718.763825745787472, 7191543.581078171730042 ], [ 680728.951025520684198, 7191553.974450329318643 ], [ 680736.360025326372124, 7191559.795434167608619 ], [ 680746.238020270480774, 7191567.203454028815031 ], [ 680758.056017903611064, 7191573.377464352175593 ], [ 680766.498830603435636, 7191575.241842904128134 ], [ 680774.866264431388117, 7191575.105427479371428 ], [ 680781.862053997931071, 7191571.130449314601719 ], [ 680786.391229166882113, 7191567.278457555919886 ], [ 680781.851431567571126, 7191560.474440606310964 ], [ 680727.95918801066, 7191480.316044606268406 ], [ 680727.484639395261183, 7191479.622807219624519 ], [ 680727.024006802239455, 7191478.945622079074383 ], [ 680726.565632510115393, 7191478.267033129930496 ], [ 680726.109394449274987, 7191477.586857264861465 ], [ 680725.655414689215831, 7191476.905216556042433 ], [ 680725.203632195014507, 7191476.222049968317151 ], [ 680724.753985931165516, 7191475.537418534047902 ], [ 680724.306597968912683, 7191474.851444326341152 ], [ 680723.861407272983342, 7191474.16400527395308 ], [ 680723.418596947100013, 7191473.475040340796113 ], [ 680722.97780078346841, 7191472.784610564820468 ], [ 680722.539384988951497, 7191472.092838015407324 ], [ 680722.103227496263571, 7191471.399600618518889 ], [ 680721.669389341492206, 7191470.705203553661704 ], [ 680721.237626380985603, 7191470.009219573810697 ], [ 680720.80818275664933, 7191469.311648679897189 ], [ 680720.380997433676384, 7191468.612857080996037 ], [ 680719.956009375979193, 7191467.912844779901206 ], [ 680719.533401690190658, 7191467.211245562881231 ], [ 680719.112991269910708, 7191466.508242535404861 ], [ 680718.695022257510573, 7191465.804018806666136 ], [ 680718.279189474415034, 7191465.098452299833298 ], [ 680717.865614992566407, 7191464.391420951113105 ], [ 680717.454420883208513, 7191463.683229932561517 ], [ 680717.045607144595124, 7191462.973635105416179 ], [ 680716.638990672421642, 7191462.262636468745768 ], [ 680716.23463249951601, 7191461.550417127087712 ], [ 680715.832593665807508, 7191460.836855011060834 ], [ 680715.432996236602776, 7191460.121828050352633 ], [ 680715.035596074303612, 7191459.405824528075755 ], [ 680714.640576282399707, 7191458.688234089873731 ], [ 680714.247814793605357, 7191457.969606052152812 ], [ 680713.857433672994375, 7191457.249635240994394 ], [ 680713.469432926503941, 7191456.528443725779653 ], [ 680713.083812551223673, 7191455.805848401971161 ], [ 680712.719615528360009, 7191455.11865347251296 ], [ 680706.641181070473976, 7191442.784239868633449 ], [ 680706.285773105919361, 7191442.0657949289307 ], [ 680705.938604893162847, 7191441.359434952028096 ], [ 680705.593023593071848, 7191440.652037376537919 ], [ 680705.249578524613753, 7191439.943846344947815 ], [ 680704.907781404675916, 7191439.234617713838816 ], [ 680704.567815341055393, 7191438.524595623835921 ], [ 680704.229802401387133, 7191437.813841112889349 ], [ 680703.893620518734679, 7191437.102049002423882 ], [ 680703.559208654216491, 7191436.389402400702238 ], [ 680703.226627844851464, 7191435.675840269774199 ], [ 680702.89600016141776, 7191434.961606752127409 ], [ 680702.567020427901298, 7191434.246396671049297 ], [ 680702.240176923689432, 7191433.530210026539862 ], [ 680701.914981370908208, 7191432.813413029536605 ], [ 680701.591616871766746, 7191432.09563947096467 ], [ 680701.270205497508869, 7191431.37701141834259 ], [ 680700.950625179568306, 7191430.65765094384551 ], [ 680700.632997985929251, 7191429.937435976229608 ], [ 680700.31720184837468, 7191429.216427551582456 ], [ 680700.003175729420036, 7191428.494442562572658 ], [ 680699.690980666549876, 7191427.771847222931683 ], [ 680699.380982869421132, 7191427.048397390171885 ], [ 680699.072571985423565, 7191426.324032028205693 ], [ 680698.766175263328478, 7191425.59899527952075 ], [ 680698.461365454364568, 7191424.873043002560735 ], [ 680698.158813948743045, 7191424.146419337950647 ], [ 680697.857971425168216, 7191423.419002217240632 ], [ 680697.559020992950536, 7191422.690791637636721 ], [ 680697.262023686547764, 7191421.961848637089133 ], [ 680696.966796399909072, 7191421.232051141560078 ], [ 680696.673583273543045, 7191420.501643295399845 ], [ 680696.382201201631688, 7191419.770197850652039 ], [ 680696.092589149717242, 7191419.038203086704016 ], [ 680695.804991259239614, 7191418.30559797398746 ], [ 680695.519407528219745, 7191417.572016296908259 ], [ 680695.235593818128109, 7191416.837824268266559 ], [ 680694.983579452615231, 7191416.204828547313809 ], [ 680694.735410303808749, 7191415.57061212323606 ], [ 680694.49078119720798, 7191414.934808783233166 ], [ 680694.24981419777032, 7191414.297601632773876 ], [ 680694.012570343795232, 7191413.658990675583482 ], [ 680693.778805495006964, 7191413.019220046699047 ], [ 680693.549007932306267, 7191412.378045607358217 ], [ 680693.322567303664982, 7191411.73540632519871 ], [ 680693.100216030608863, 7191411.091607373207808 ], [ 680692.881404798361473, 7191410.44640461076051 ], [ 680692.666194638935849, 7191409.800225285813212 ], [ 680692.454768662923016, 7191409.15264215040952 ], [ 680692.24718790105544, 7191408.503838310949504 ], [ 680692.04320821352303, 7191407.853996872901917 ], [ 680691.843012706842273, 7191407.202812660485506 ], [ 680691.646601381944492, 7191406.5505908485502 ], [ 680691.45379113056697, 7191405.8972093667835 ], [ 680691.265009200549684, 7191405.242607183754444 ], [ 680691.079767309362069, 7191404.587211540900171 ], [ 680690.898370634997264, 7191403.930595193058252 ], [ 680690.720758141251281, 7191403.272819177247584 ], [ 680690.546990862581879, 7191402.614188666455448 ], [ 680690.376763623906299, 7191401.954642627388239 ], [ 680690.210564705892466, 7191401.293997957371175 ], [ 680690.048211003653705, 7191400.632437756285071 ], [ 680689.889580447226763, 7191399.97002306394279 ], [ 680689.734795106574893, 7191399.306631805375218 ], [ 680689.583793946309015, 7191398.642447091639042 ], [ 680689.436576967360452, 7191397.977224776521325 ], [ 680689.293205202324316, 7191397.311392110772431 ], [ 680689.153800724074244, 7191396.644643914885819 ], [ 680689.017997319693677, 7191395.97704122774303 ], [ 680688.88616120419465, 7191395.308645080775023 ], [ 680688.758170302258804, 7191394.639638582244515 ], [ 680688.633963581407443, 7191393.969838624820113 ], [ 680688.513785182032734, 7191393.299428315833211 ], [ 680688.267996210721321, 7191391.770619366317987 ], [ 680683.500959386350587, 7191360.587994873523712 ], [ 680681.780377317918465, 7191358.007000904530287 ], [ 680678.984172638272867, 7191356.501385873183608 ], [ 680675.22635929833632, 7191357.215193029493093 ], [ 680661.592386742588133, 7191372.084828864783049 ], [ 680620.265786439646035, 7191417.156260997056961 ], [ 680356.78415039239917, 7191704.512596065178514 ], [ 680345.384552990552038, 7191717.417753353714943 ], [ 680334.415193172753789, 7191733.334202857688069 ], [ 680323.660738799953833, 7191752.046795642003417 ], [ 680316.562962177209556, 7191768.60856918990612 ], [ 680311.456580080208369, 7191784.958184047602117 ], [ 680286.666007622727193, 7191889.057216318324208 ], [ 680248.321427745977417, 7192050.06849823705852 ], [ 680245.040604541427456, 7192052.013079546391964 ], [ 680262.61202619841788, 7192079.129477065056562 ], [ 680265.447416477603838, 7192085.339683196507394 ], [ 680535.607290275045671, 7192140.872659696266055 ], [ 680535.93327446107287, 7192119.28982912749052 ], [ 680537.274886799859814, 7192111.03482174128294 ], [ 680536.726299789501354, 7192097.726834891363978 ], [ 680536.991313190781511, 7192091.640834664925933 ], [ 680535.007302586920559, 7192085.687830569222569 ], [ 680534.213294254150242, 7192077.485802173614502 ], [ 680532.361302813864313, 7192071.92983184568584 ], [ 680527.628267370397225, 7192062.870809444226325 ], [ 680522.042265246389434, 7192053.143818298354745 ], [ 680516.750268935342319, 7192040.576799470931292 ], [ 680515.295250743278302, 7192037.268815500661731 ], [ 680510.607258526259102, 7192024.832839058712125 ], [ 680509.537677173153497, 7192020.25324821844697 ], [ 680508.617692990927026, 7192015.503247145563364 ], [ 680507.417679296340793, 7192010.103221541270614 ], [ 680506.077650980791077, 7192004.99323511030525 ], [ 680504.327649183338508, 7191998.83319965749979 ], [ 680503.257640535477549, 7191994.033210810273886 ], [ 680500.497688923263922, 7191984.103216068819165 ], [ 680499.257636066526175, 7191978.283207450993359 ], [ 680497.627629396738485, 7191972.023196359165013 ], [ 680496.357669497025199, 7191967.093202637508512 ], [ 680495.877627415698953, 7191965.01318509504199 ], [ 680494.487672386458144, 7191960.17321827635169 ], [ 680492.86767527286429, 7191952.933226453140378 ], [ 680491.48766851995606, 7191945.983212681487203 ], [ 680490.577632880653255, 7191940.353206485509872 ], [ 680489.3176210912643, 7191932.543207107111812 ], [ 680488.307670626207255, 7191925.763176210224628 ], [ 680487.587637272546999, 7191919.183218548074365 ], [ 680487.277638363535516, 7191913.323170658200979 ], [ 680486.977649742388166, 7191909.863208857364953 ], [ 680486.927660556393676, 7191903.483202276751399 ], [ 680486.867661575321108, 7191896.983200546354055 ], [ 680486.887618947541341, 7191891.763167405501008 ], [ 680486.847639661515132, 7191885.99320737272501 ], [ 680486.837628867826425, 7191881.253215869888663 ], [ 680487.007610804517753, 7191876.543192597106099 ], [ 680487.09763674356509, 7191872.203164560720325 ], [ 680487.09720900899265, 7191869.943398330360651 ], [ 680487.36765564000234, 7191868.933205128647387 ], [ 680487.897622237214819, 7191860.593175923451781 ], [ 680487.857216133968905, 7191856.803379995748401 ], [ 680488.42722233152017, 7191850.893405144102871 ], [ 680488.877233644248918, 7191846.213350081816316 ], [ 680489.997655149316415, 7191840.873199483379722 ], [ 680490.837620232254267, 7191836.433195671066642 ], [ 680491.73764366726391, 7191830.80318908393383 ], [ 680492.917635424528271, 7191825.113184863701463 ], [ 680494.06759802158922, 7191820.093163738027215 ], [ 680496.147614285117015, 7191813.723166465759277 ], [ 680497.557647486915812, 7191807.473164485767484 ], [ 680498.607817581272684, 7191802.472735671326518 ], [ 680498.62722644302994, 7191800.973345618695021 ], [ 680499.057217817287892, 7191794.433365745469928 ], [ 680499.447230990277603, 7191787.133375912904739 ], [ 680500.037195479264483, 7191780.263378828763962 ], [ 680500.717186717549339, 7191772.783335174433887 ], [ 680501.297202879562974, 7191767.783150603994727 ], [ 680501.417197551811114, 7191765.583381921984255 ], [ 680502.437215121928602, 7191755.263127472251654 ], [ 680503.317218687268905, 7191748.103152219206095 ], [ 680504.107622879557312, 7191742.133118711411953 ], [ 680505.16761916060932, 7191734.93316538259387 ], [ 680506.487625552108511, 7191729.0031708329916 ], [ 680507.847609960939735, 7191722.98314939532429 ], [ 680508.957594769308344, 7191719.11315300129354 ], [ 680510.19758453569375, 7191715.433159071952105 ], [ 680511.017591554904357, 7191713.013114301487803 ], [ 680511.647596012335271, 7191710.273123196326196 ], [ 680512.077588114305399, 7191707.103139344602823 ], [ 680512.607189373695292, 7191702.793140517547727 ], [ 680512.997203253675252, 7191698.763354197144508 ], [ 680513.987620058236644, 7191694.423142859712243 ], [ 680515.347604876500554, 7191690.293136577121913 ], [ 680516.687631196691655, 7191686.18314983509481 ], [ 680517.157601666636765, 7191684.523115109652281 ], [ 680517.327217895071954, 7191682.143353693187237 ], [ 680519.977606538450345, 7191669.743142280727625 ], [ 680521.837590964860283, 7191663.183142563328147 ], [ 680524.347599119646475, 7191652.663119673728943 ], [ 680527.04761055461131, 7191645.793122132308781 ], [ 680528.337587796733715, 7191640.583098484203219 ], [ 680529.8875749965664, 7191635.943143295124173 ], [ 680531.837220517336391, 7191631.362697310745716 ], [ 680536.588989696581848, 7191621.658531088382006 ], [ 680540.955017168773338, 7191614.647480903193355 ], [ 680546.427978724008426, 7191608.547502499073744 ], [ 680557.403016216820106, 7191599.140515185892582 ], [ 680573.716983730904758, 7191591.5025091227144 ], [ 680584.620976996375248, 7191585.393496338278055 ], [ 680595.469000841490924, 7191578.514463828876615 ], [ 680606.184028904768638, 7191570.974481463432312 ], [ 680620.286996829905547, 7191561.182483602315187 ], [ 680623.917002228903584, 7191559.132494474761188 ], [ 680634.098033581511118, 7191551.659467809833586 ], [ 680646.797986543620937, 7191544.383462136611342 ], [ 680660.820998477516696, 7191534.990451216697693 ], [ 680664.146621119230986, 7191531.304658494889736 ], [ 680667.117019141791388, 7191528.012481677345932 ], [ 680669.257033690228127, 7191524.932463301345706 ], [ 680669.831984643707983, 7191523.221464182250202 ], [ 680669.778029294568114, 7191522.03848047927022 ], [ 680672.463026933837682, 7191519.115444446913898 ], [ 680674.976027541328222, 7191516.602442742325366 ], [ 680678.547988191479817, 7191513.162438606843352 ] ] ] ] } },
{ "type": "Feature", "properties": { "CODIGO": null, "CODIGO_SMM": "1225", "TIPO": "PARQUE", "NOME": "NATURAL MUNICIPAL LAGO AZUL", "TEXTO_MAPA": "PQ. NAT. MUN. LAGO AZUL" }, "geometry": { "type": "MultiPolygon", "coordinates": [ [ [ [ 674117.969473412726074, 7170498.528902487829328 ], [ 674128.94750321446918, 7170497.705108489841223 ], [ 674129.686272552586161, 7170495.932708003558218 ], [ 674124.224051260855049, 7170492.369903107173741 ], [ 674091.758466319181025, 7170487.625707084313035 ], [ 674072.11508942884393, 7170484.740517619997263 ], [ 674043.388030731119215, 7170479.796308558434248 ], [ 674130.176065039238892, 7170425.339856343343854 ], [ 674112.05123703321442, 7170392.948677978478372 ], [ 674105.995081666274928, 7170385.417671563103795 ], [ 674138.619047322659753, 7170363.622859666123986 ], [ 674146.318629317102022, 7170340.617237256839871 ], [ 674150.226281632203609, 7170329.000229234807193 ], [ 674158.335836534854025, 7170304.400856355205178 ], [ 674131.513442498981021, 7170304.78086693957448 ], [ 674107.18781412311364, 7170304.800830524414778 ], [ 674085.409427599632181, 7170304.983269201591611 ], [ 674061.191648376523517, 7170305.035459335893393 ], [ 674044.078423998551443, 7170304.715455509722233 ], [ 674051.962820079061203, 7170279.731866277754307 ], [ 674057.728991777519695, 7170260.597644137218595 ], [ 674063.149827327113599, 7170245.528059283271432 ], [ 674096.107394320424646, 7170142.864819574169815 ], [ 674084.523224091390148, 7170142.974441162310541 ], [ 674066.501980226137675, 7170146.22023428697139 ], [ 674007.175183951389045, 7170146.890412861481309 ], [ 674006.38435123860836, 7170146.867830012924969 ], [ 674005.595776841975749, 7170146.927034293301404 ], [ 674004.817395338322967, 7170147.067659489810467 ], [ 674004.057568542426452, 7170147.287813510745764 ], [ 674003.324780343100429, 7170147.585238052532077 ], [ 674002.626599101815373, 7170147.956820318475366 ], [ 674001.970410071779042, 7170148.398654057644308 ], [ 674001.363598509109579, 7170148.90585645660758 ], [ 674000.812389999977313, 7170149.473239521495998 ], [ 674000.322765989229083, 7170150.094211453571916 ], [ 673999.899792395182885, 7170150.762851839885116 ], [ 673999.548352029407397, 7170151.471226108260453 ], [ 673999.271984930499457, 7170152.212437282316387 ], [ 673999.073559750337154, 7170152.978062508627772 ], [ 673997.651564062805846, 7170161.226660991087556 ], [ 673996.977369943982922, 7170163.041664011776447 ], [ 673996.41779979900457, 7170164.479408616200089 ], [ 673995.715956656378694, 7170165.853615637868643 ], [ 673995.284193997969851, 7170166.523049483075738 ], [ 673994.829787294496782, 7170167.212624941021204 ], [ 673994.120009478530847, 7170168.101663390174508 ], [ 673993.188551944564097, 7170169.100015874952078 ], [ 673992.426161772338673, 7170169.801859466359019 ], [ 673991.45680135092698, 7170170.579447748139501 ], [ 673990.489210924133658, 7170171.233439806848764 ], [ 673989.488173203077167, 7170171.787639368325472 ], [ 673988.424574420554563, 7170172.286663148552179 ], [ 673987.589796461514197, 7170172.632427567616105 ], [ 673987.006605866248719, 7170174.848431643098593 ], [ 673986.803969087195583, 7170174.794659699313343 ], [ 673981.947766494937241, 7170173.556623304262757 ], [ 673981.569592555984855, 7170173.454023262485862 ], [ 673976.766795894829556, 7170172.96964914817363 ], [ 673974.975962761091068, 7170172.07865809649229 ], [ 673972.116403662133962, 7170170.599044078961015 ], [ 673968.753792352974415, 7170167.521834565326571 ], [ 673966.981391568435356, 7170165.327254326082766 ], [ 673965.930975974188186, 7170163.873030560091138 ], [ 673964.804754587821662, 7170161.892256391234696 ], [ 673963.997564072255045, 7170160.069258072413504 ], [ 673962.658573871012777, 7170157.083845033310354 ], [ 673961.730350715573877, 7170155.761029966175556 ], [ 673960.682559685315937, 7170154.5500313565135 ], [ 673959.168765092734247, 7170153.183820405974984 ], [ 673957.673769396380521, 7170152.122419093735516 ], [ 673956.061952419462614, 7170151.236066677607596 ], [ 673954.162781883380376, 7170150.46885497495532 ], [ 673952.410584100754932, 7170149.999067628756166 ], [ 673950.452575764851645, 7170149.736250591464341 ], [ 673948.630553838447668, 7170149.710249990224838 ], [ 673946.428343891864643, 7170149.95506251975894 ], [ 673944.708189756493084, 7170150.366439932025969 ], [ 673943.188536186004058, 7170150.910629834979773 ], [ 673940.361753518227488, 7170152.035020344890654 ], [ 673938.765378710348159, 7170152.446641871705651 ], [ 673936.627744036726654, 7170152.997667841613293 ], [ 673933.485775636858307, 7170153.591418641619384 ], [ 673931.138973391382024, 7170153.945240017026663 ], [ 673928.298762815538794, 7170154.253468222916126 ], [ 673924.831354793161154, 7170154.41563939768821 ], [ 673922.097955702571198, 7170154.416067214682698 ], [ 673919.512139623984694, 7170154.271048188209534 ], [ 673916.788384048151784, 7170154.072623416781425 ], [ 673913.693534570978954, 7170153.577079508453608 ], [ 673911.259757052874193, 7170153.187248378992081 ], [ 673908.419546255841851, 7170152.435234630480409 ], [ 673905.238942288327962, 7170151.580254620872438 ], [ 673902.425770004745573, 7170150.507256900891662 ], [ 673899.549731490435079, 7170149.410272373817861 ], [ 673895.993761407095008, 7170149.440058279782534 ], [ 673894.555528582539409, 7170149.150080481544137 ], [ 673894.488573280512355, 7170150.493037363514304 ], [ 673894.450548599241301, 7170151.599238811060786 ], [ 673894.374132844852284, 7170152.934078015387058 ], [ 673894.297961276140995, 7170154.498043253086507 ], [ 673894.450549598317593, 7170156.382259985432029 ], [ 673894.602954721893184, 7170157.831662159413099 ], [ 673894.908130942727439, 7170159.586240157485008 ], [ 673895.060780216357671, 7170161.073667241260409 ], [ 673895.365956475725397, 7170163.019041184335947 ], [ 673895.518544658087194, 7170164.239439396187663 ], [ 673895.51854504738003, 7170166.108458403497934 ], [ 673895.327749366406351, 7170167.367247808724642 ], [ 673895.289541717385873, 7170169.121642771176994 ], [ 673895.098929195897654, 7170170.647461052052677 ], [ 673894.908133546123281, 7170172.058655281551182 ], [ 673894.870170140522532, 7170174.309083078056574 ], [ 673894.831962528871372, 7170176.254457090981305 ], [ 673894.946342901792377, 7170178.466676840558648 ], [ 673895.136956178350374, 7170180.564455628395081 ], [ 673895.327752712415531, 7170183.387088106945157 ], [ 673895.556575521477498, 7170192.747258778661489 ], [ 673895.632992001948878, 7170194.883062500506639 ], [ 673895.556576406001113, 7170196.980841344222426 ], [ 673895.404171925736591, 7170198.621039525605738 ], [ 673895.251584309968166, 7170200.108649780973792 ], [ 673894.94634780252818, 7170201.93946083355695 ], [ 673894.488584379549138, 7170203.655892008915544 ], [ 673893.916563067818061, 7170205.143441315740347 ], [ 673893.344358660164289, 7170206.669076569378376 ], [ 673892.772154212696478, 7170208.004037949256599 ], [ 673891.933165112044662, 7170209.720469202846289 ], [ 673891.399168649688363, 7170210.902842647396028 ], [ 673890.521788418060169, 7170212.581248998641968 ], [ 673883.198547043488361, 7170224.863052811473608 ], [ 673882.282958835014142, 7170226.732072008773685 ], [ 673881.634765663882717, 7170228.372270295396447 ], [ 673881.329590111854486, 7170229.821672565303743 ], [ 673880.986145500093699, 7170231.232866825535893 ], [ 673880.642945043975487, 7170232.720477120950818 ], [ 673880.299561507883482, 7170234.322467325255275 ], [ 673880.032777118263766, 7170235.962482426315546 ], [ 673879.841981565812603, 7170237.831501472741365 ], [ 673879.651369100320153, 7170239.624104484915733 ], [ 673879.193544657435268, 7170241.416890657506883 ], [ 673878.735781139344908, 7170242.675497014075518 ], [ 673878.087343778926879, 7170244.086874444037676 ], [ 673877.43896739766933, 7170245.231100929901004 ], [ 673876.752382927690633, 7170246.032065624371171 ], [ 673875.684572828002274, 7170247.061851250939071 ], [ 673874.921572333434597, 7170247.901085011661053 ], [ 673873.853579160757363, 7170249.083458567969501 ], [ 673872.938173946924508, 7170250.41848105378449 ], [ 673871.870180846191943, 7170251.944055376574397 ], [ 673870.725954872206785, 7170253.736902728676796 ], [ 673869.429141049273312, 7170255.910914755426347 ], [ 673868.475588855333626, 7170257.245876213535666 ], [ 673867.560183642315678, 7170258.580898700281978 ], [ 673866.377749579027295, 7170260.030301154591143 ], [ 673865.004580631270073, 7170261.594083556905389 ], [ 673863.631350657204166, 7170263.196073975414038 ], [ 673862.449160670861602, 7170264.340483679436147 ], [ 673861.190371601027437, 7170265.751678131520748 ], [ 673860.389346266980283, 7170266.934112664312124 ], [ 673859.321353133884259, 7170268.307282166555524 ], [ 673858.558596938150004, 7170269.909272459335625 ], [ 673857.566775817540474, 7170271.854463566094637 ], [ 673856.613162865047343, 7170274.52450835518539 ], [ 673855.413761376170442, 7170277.655490809120238 ], [ 673854.973148794844747, 7170279.177891170606017 ], [ 673854.706181197427213, 7170280.322117578238249 ], [ 673854.553593492484652, 7170281.390111032873392 ], [ 673854.133976947749034, 7170282.61069247033447 ], [ 673853.485600447747856, 7170283.182897333055735 ], [ 673852.951542782131582, 7170283.564306227490306 ], [ 673852.226994292112067, 7170283.678686290979385 ], [ 673851.616581533453427, 7170283.602270383387804 ], [ 673850.624943127389997, 7170283.678686624392867 ], [ 673849.97656658757478, 7170284.060095543041825 ], [ 673849.633182883262634, 7170284.861121200025082 ], [ 673849.442570172483101, 7170285.471289844252169 ], [ 673849.213566570309922, 7170287.187720971181989 ], [ 673849.17560290871188, 7170288.217689489945769 ], [ 673849.022954200627282, 7170289.43808776512742 ], [ 673848.298161818063818, 7170290.735085300169885 ], [ 673847.6117605403997, 7170291.955483688041568 ], [ 673846.696172141470015, 7170292.909097392112017 ], [ 673845.628362018964253, 7170293.824503108859062 ], [ 673844.407780823647045, 7170294.549296019598842 ], [ 673842.996342624421231, 7170295.159525955095887 ], [ 673841.394352614530362, 7170295.73166998103261 ], [ 673839.37298994557932, 7170296.3036920260638 ], [ 673837.770999895525165, 7170296.685284250415862 ], [ 673835.825564963277429, 7170297.181073350831866 ], [ 673833.918582132318988, 7170297.409894603304565 ], [ 673832.698000856908038, 7170297.75309562496841 ], [ 673831.248598694335669, 7170297.943891871720552 ], [ 673829.722963682608679, 7170298.516096917912364 ], [ 673828.349794544512406, 7170299.16447382606566 ], [ 673827.090944313327782, 7170299.965499674901366 ], [ 673823.047975415014662, 7170303.894090334884822 ], [ 673821.331544818123803, 7170306.182726500555873 ], [ 673819.157350781722926, 7170310.111316771246493 ], [ 673818.775942212552764, 7170311.141102256253362 ], [ 673818.775942436070181, 7170312.209095679223537 ], [ 673819.081179501023144, 7170313.048329217359424 ], [ 673819.729556319536641, 7170314.001881558448076 ], [ 673820.530582077451982, 7170314.840931886807084 ], [ 673821.369754816987552, 7170315.680104278028011 ], [ 673822.056156507693231, 7170316.442921701818705 ], [ 673822.628361385781318, 7170317.167714237235487 ], [ 673823.162358389352448, 7170318.578908315859735 ], [ 673823.200566597399302, 7170319.494313802570105 ], [ 673823.620183637016453, 7170320.638723171316087 ], [ 673823.848943751538172, 7170322.049917313270271 ], [ 673823.848943958408199, 7170323.041494701057673 ], [ 673824.077765029389411, 7170324.071524199098349 ], [ 673823.84894442697987, 7170325.292105596512556 ], [ 673823.429388838354498, 7170326.131095143966377 ], [ 673822.323370769736357, 7170327.389701636508107 ], [ 673821.445990308187902, 7170327.961906548589468 ], [ 673820.530584966531023, 7170328.686699395999312 ], [ 673819.424383626086637, 7170329.144341339357197 ], [ 673818.508978204801679, 7170329.487725401297212 ], [ 673817.784368760534562, 7170329.983514247462153 ], [ 673816.906988441944122, 7170331.242303796112537 ], [ 673816.296759072924033, 7170332.53911820333451 ], [ 673815.57196673785802, 7170334.064692452549934 ], [ 673814.771185646415688, 7170335.74309878796339 ], [ 673813.970160470809788, 7170337.688289855606854 ], [ 673813.130988368880935, 7170339.900509803555906 ], [ 673812.291755341924727, 7170342.646726463921368 ], [ 673811.033149958238937, 7170346.842528522014618 ], [ 673807.71479251945857, 7170359.925296051427722 ], [ 673807.180796159664169, 7170361.603519225493073 ], [ 673806.990000462392345, 7170362.785953633487225 ], [ 673807.028208743082359, 7170364.044742990285158 ], [ 673807.714793657884002, 7170365.379704108461738 ], [ 673808.210582533734851, 7170366.256901483051479 ], [ 673808.897167322458699, 7170366.981510890647769 ], [ 673809.812572926166467, 7170367.515507411211729 ], [ 673810.99500734731555, 7170367.782719142735004 ], [ 673812.101208783569746, 7170367.782718911767006 ], [ 673813.169202124001458, 7170367.401309905573726 ], [ 673813.931958534289151, 7170366.829105017706752 ], [ 673815.30518873303663, 7170366.295108020305634 ], [ 673816.744581102393568, 7170365.984926980920136 ], [ 673817.803602396161295, 7170366.198122611269355 ], [ 673818.878370743128471, 7170366.306520851328969 ], [ 673819.958754302700981, 7170366.308717891573906 ], [ 673821.034193991450593, 7170366.205140983685851 ], [ 673822.177809940068983, 7170365.975526429712772 ], [ 673823.290786208584905, 7170365.625916738063097 ], [ 673824.360366445151158, 7170365.16052333638072 ], [ 673825.374770864611492, 7170364.584290074184537 ], [ 673826.322402784600854, 7170363.904113931581378 ], [ 673827.192581054870971, 7170363.127136022783816 ], [ 673827.975601080106571, 7170362.262511625885963 ], [ 673828.662795872427523, 7170361.319945337250829 ], [ 673826.567397137288935, 7170359.956542124971747 ], [ 673826.917799930553883, 7170359.36712540499866 ], [ 673827.294997120974585, 7170358.574888806790113 ], [ 673827.588576119509526, 7170357.748106319457293 ], [ 673827.795363101875409, 7170356.895322866737843 ], [ 673828.578566297888756, 7170356.339902645908296 ], [ 673829.57038764981553, 7170355.500729873776436 ], [ 673830.638380869990215, 7170354.547299244441092 ], [ 673831.896986904903315, 7170353.479305559769273 ], [ 673832.50739948276896, 7170352.678340882994235 ], [ 673833.079359861556441, 7170351.686519233509898 ], [ 673833.804152181604877, 7170350.0845289491117 ], [ 673834.261793685611337, 7170349.092890430241823 ], [ 673835.13917404320091, 7170348.024896824732423 ], [ 673836.474196065450087, 7170346.727899162098765 ], [ 673837.694594018394127, 7170345.354912735521793 ], [ 673839.105971023673192, 7170343.981682128272951 ], [ 673840.631605812348425, 7170342.341727799735963 ], [ 673841.623366104438901, 7170341.388114080764353 ], [ 673842.38618336757645, 7170339.938711715862155 ], [ 673843.225172197679058, 7170336.925527217797935 ], [ 673844.026380534865893, 7170335.247120884247124 ], [ 673845.437574457610026, 7170333.988514327444136 ], [ 673847.115797340637073, 7170333.149280374869704 ], [ 673848.793959179893136, 7170332.272082546725869 ], [ 673850.434157207608223, 7170331.699877476319671 ], [ 673853.065993703319691, 7170331.356676160357893 ], [ 673855.469009352615103, 7170331.051499804481864 ], [ 673857.643204215215519, 7170331.089707367122173 ], [ 673860.351212765439413, 7170331.509079461917281 ], [ 673863.288164286408573, 7170332.15769961103797 ], [ 673865.652972100768238, 7170332.729720740579069 ], [ 673867.674579156911932, 7170333.340133063495159 ], [ 673870.039387043565512, 7170334.255477029830217 ], [ 673871.565205423161387, 7170334.94212238676846 ], [ 673873.433980468777008, 7170335.819319471716881 ], [ 673875.417379563092254, 7170336.696516536176205 ], [ 673877.057577788946219, 7170337.077924977988005 ], [ 673878.850180851761252, 7170337.535688386298716 ], [ 673881.329612710396759, 7170338.069684579968452 ], [ 673884.876793902134523, 7170338.870709423907101 ], [ 673889.33938069967553, 7170340.20573078840971 ], [ 673899.675992999691516, 7170344.706523176282644 ], [ 673902.269804941955954, 7170346.079691911116242 ], [ 673904.176788060227409, 7170347.223917863331735 ], [ 673905.397369606071152, 7170348.177286980673671 ], [ 673906.881623199325986, 7170349.652079508639872 ], [ 673907.46298354677856, 7170351.302470410242677 ], [ 673907.935396093991585, 7170352.861674790270627 ], [ 673908.337374113616534, 7170354.699870952405035 ], [ 673908.644015156198293, 7170356.350078808143735 ], [ 673908.834994625183754, 7170358.35770864598453 ], [ 673908.904392016585916, 7170360.281476187519729 ], [ 673908.896396763157099, 7170361.97849808447063 ], [ 673908.731419054558501, 7170363.698286132887006 ], [ 673908.507420348934829, 7170365.473677233792841 ], [ 673908.198826836422086, 7170366.965315843001008 ], [ 673907.788976012496278, 7170368.63468889053911 ], [ 673907.250829269178212, 7170370.351913538761437 ], [ 673906.464208402088843, 7170372.335678832605481 ], [ 673905.596410732832737, 7170374.202928000129759 ], [ 673905.040807782672346, 7170375.212693984620273 ], [ 673903.94803429231979, 7170376.212084103375673 ], [ 673902.956396046211012, 7170377.051317911595106 ], [ 673901.964574655983597, 7170377.699694740585983 ], [ 673901.31619817065075, 7170378.348132533952594 ], [ 673900.362584851565771, 7170379.263538226485252 ], [ 673899.332799758994952, 7170380.750904524698853 ], [ 673898.455602507456206, 7170381.818898130208254 ], [ 673897.540014179656282, 7170383.115895707160234 ], [ 673896.815404861583374, 7170384.221914190798998 ], [ 673895.709203855483793, 7170386.281729374080896 ], [ 673895.213415449950844, 7170387.654898754321039 ], [ 673895.06082781648729, 7170389.066092975437641 ], [ 673894.832007295684889, 7170390.668083156459033 ], [ 673894.641211597947404, 7170391.850517565384507 ], [ 673894.755591755150817, 7170393.032890873961151 ], [ 673894.946387954521924, 7170394.253533218055964 ], [ 673895.518592992564663, 7170395.740899180993438 ], [ 673896.54837870481424, 7170397.228509190492332 ], [ 673897.692605340853333, 7170398.601739263162017 ], [ 673898.951394967967644, 7170399.860284227877855 ], [ 673899.752420700853691, 7170400.585137750953436 ], [ 673900.973002256127074, 7170401.576714884489775 ], [ 673902.307780621107668, 7170402.606500010937452 ], [ 673903.22318627347704, 7170403.369500493630767 ], [ 673904.176799886045046, 7170403.865288987755775 ], [ 673905.626202145009302, 7170404.132317559793591 ], [ 673906.546795657137409, 7170404.279900410212576 ], [ 673906.965619507944211, 7170406.714715365320444 ], [ 673907.108808534918353, 7170409.181085560470819 ], [ 673906.974409603630193, 7170411.64794409647584 ], [ 673906.518599498085678, 7170414.286128422245383 ], [ 673902.096235096687451, 7170413.996334354393184 ], [ 673901.334028599318117, 7170417.422726944088936 ], [ 673896.313397445250303, 7170417.093931525945663 ], [ 673891.551615728763863, 7170413.30572359636426 ], [ 673887.129190291860141, 7170413.016112633049488 ], [ 673886.527200910029933, 7170415.44891363941133 ], [ 673886.215983092668466, 7170417.935913817957044 ], [ 673886.199992401874624, 7170420.44189587328583 ], [ 673886.479595039621927, 7170422.932497004047036 ], [ 673890.902203580364585, 7170423.222291072830558 ], [ 673896.117231031646952, 7170420.08752360008657 ], [ 673901.137801149510778, 7170420.416319018229842 ], [ 673901.446639845264144, 7170423.91290182992816 ], [ 673900.019393634865992, 7170424.9960933085531 ], [ 673898.913192341569811, 7170425.682739214971662 ], [ 673898.035811944049783, 7170426.560119980014861 ], [ 673897.463790537789464, 7170427.589905505999923 ], [ 673897.006026969756931, 7170428.619691006839275 ], [ 673897.196823192760348, 7170429.954713262617588 ], [ 673897.654404051601887, 7170430.831910645589232 ], [ 673898.303025003988296, 7170431.747316003777087 ], [ 673899.027634785161354, 7170432.853517292998731 ], [ 673899.56163170945365, 7170433.88330258615315 ], [ 673899.828599769622087, 7170434.951295953243971 ], [ 673900.057420935248956, 7170436.438906128518283 ], [ 673900.057421325938776, 7170438.307925136759877 ], [ 673899.943041845224798, 7170440.367495969869196 ], [ 673900.019397106952965, 7170441.626346357166767 ], [ 673900.133838331094012, 7170442.961307593621314 ], [ 673900.133838633890264, 7170444.410709800198674 ], [ 673899.9811899184715, 7170445.593144200742245 ], [ 673899.714222304290161, 7170446.66113767772913 ], [ 673899.29460566281341, 7170447.423894298262894 ], [ 673898.569813168141991, 7170448.186712017282844 ], [ 673897.959644740796648, 7170449.025945745408535 ], [ 673897.692616067011841, 7170449.979498278349638 ], [ 673898.15044110652525, 7170451.047552641481161 ], [ 673898.646229950594716, 7170451.772101053036749 ], [ 673900.171804119134322, 7170452.115545640699565 ], [ 673901.583242460153997, 7170452.191717240028083 ], [ 673902.879995684837922, 7170452.115545075386763 ], [ 673904.329397872672416, 7170452.039128737524152 ], [ 673906.427237706957385, 7170451.924748389981687 ], [ 673908.754020498832688, 7170451.962894885800779 ], [ 673910.775444369297475, 7170452.191715320572257 ], [ 673912.911431312793866, 7170452.687503567896783 ], [ 673914.894830328645185, 7170453.183535990305245 ], [ 673917.297846169327386, 7170453.793704092502594 ], [ 673918.671015587402508, 7170454.480349479243159 ], [ 673920.006037997896783, 7170455.052309788763523 ], [ 673921.379024413414299, 7170456.234926975332201 ], [ 673922.371822723653167, 7170457.288943136110902 ], [ 673923.729855916695669, 7170460.361148186028004 ], [ 673924.100400591269135, 7170461.089541839435697 ], [ 673924.548215782037005, 7170461.773135662078857 ], [ 673925.067625218769535, 7170462.404117152094841 ], [ 673925.652647450915538, 7170462.974734842777252 ], [ 673926.296446537831798, 7170463.478519010357559 ], [ 673926.991026872652583, 7170463.909121995791793 ], [ 673927.728209739550948, 7170464.261538920924067 ], [ 673928.499633321189322, 7170464.531741462647915 ], [ 673929.29583716345951, 7170464.716311652213335 ], [ 673937.513002518331632, 7170466.155336163938046 ], [ 673937.944215486291796, 7170463.692750028334558 ], [ 673929.727050131652504, 7170462.253725515678525 ], [ 673929.196227225009352, 7170462.130739758722484 ], [ 673928.682005872833543, 7170461.950503006577492 ], [ 673928.190428557107225, 7170461.715517700649798 ], [ 673927.727415690314956, 7170461.428530422970653 ], [ 673927.298216299968772, 7170461.092715000733733 ], [ 673926.908201478538103, 7170460.712343895807862 ], [ 673926.562009902205318, 7170460.291750605218112 ], [ 673926.263425750774331, 7170459.835940010845661 ], [ 673926.016416311031207, 7170459.350344241596758 ], [ 673924.73699645511806, 7170456.456117734313011 ], [ 673924.072017992846668, 7170455.132509153336287 ], [ 673923.27941500255838, 7170453.880738997831941 ], [ 673922.367427236284129, 7170452.713319472037256 ], [ 673924.544796322472394, 7170454.632936180569232 ], [ 673926.070614917669445, 7170456.349305905401707 ], [ 673927.176816569291987, 7170457.379091080278158 ], [ 673929.12200769642368, 7170458.485109008848667 ], [ 673930.803831963101402, 7170459.123109299689531 ], [ 673932.520202120533213, 7170459.694092966616154 ], [ 673935.358642940409482, 7170460.6381233651191 ], [ 673938.066407459438778, 7170461.589294904842973 ], [ 673941.222658437443897, 7170462.650146553292871 ], [ 673946.170047638239339, 7170464.18688905518502 ], [ 673950.701054967474192, 7170466.03112683724612 ], [ 673954.400824245531112, 7170467.585936010815203 ], [ 673957.360236836248077, 7170468.829527001827955 ], [ 673960.481636782875285, 7170470.141111141070724 ], [ 673963.464853090699762, 7170471.394895000383258 ], [ 673966.746409340994433, 7170472.773922968655825 ], [ 673969.23005273193121, 7170473.817501803860068 ], [ 673971.123669118154794, 7170474.822323428466916 ], [ 673973.342664045165293, 7170476.039486346766353 ], [ 673975.87342668720521, 7170477.56414438970387 ], [ 673977.975661382311955, 7170479.01971070934087 ], [ 673980.015823299065232, 7170480.432491386309266 ], [ 673981.198074775049463, 7170481.467891780659556 ], [ 673982.452653007814661, 7170482.881344009190798 ], [ 673983.206437490181997, 7170483.462703855708241 ], [ 673983.491837978712283, 7170483.603511936962605 ], [ 673985.829851416521706, 7170484.483699649572372 ], [ 673988.243060138076544, 7170485.13030574657023 ], [ 673993.658833218738437, 7170486.558100370690227 ], [ 673997.168050566921011, 7170487.511530045419931 ], [ 674002.546042984584346, 7170489.456902928650379 ], [ 674006.131432272843085, 7170490.639336546882987 ], [ 674009.259240910876542, 7170491.936089136637747 ], [ 674012.31045047333464, 7170493.538139667361975 ], [ 674015.361843108781613, 7170494.987541236914694 ], [ 674017.26907038281206, 7170496.208122188225389 ], [ 674018.565884865936823, 7170497.199699306860566 ], [ 674019.824674509116448, 7170498.534721339121461 ], [ 674021.465849668951705, 7170500.68791975826025 ], [ 674022.496245662448928, 7170501.832695212215185 ], [ 674023.845245199860074, 7170502.747306968085468 ], [ 674025.1910708877258, 7170503.561332764104009 ], [ 674026.737458056188188, 7170503.941337415017188 ], [ 674028.102875879732892, 7170504.017325917258859 ], [ 674029.485078432015143, 7170504.363700224086642 ], [ 674031.390474517364055, 7170504.942496352829039 ], [ 674033.526278399163857, 7170505.64910008199513 ], [ 674036.491245151730254, 7170506.709890734404325 ], [ 674039.794285741867498, 7170507.896902049891651 ], [ 674044.159094238653779, 7170509.438527488149703 ], [ 674046.426062721875496, 7170510.236500840634108 ], [ 674049.63547528674826, 7170511.072132697328925 ], [ 674052.039650754188187, 7170511.483692351728678 ], [ 674055.191446048673242, 7170511.99272502027452 ], [ 674058.268290117383003, 7170512.325732269324362 ], [ 674062.732280544936657, 7170512.808702645823359 ], [ 674066.685650723287836, 7170513.236680438742042 ], [ 674070.70750226394739, 7170513.194077048450708 ], [ 674073.645063972799107, 7170513.053878648206592 ], [ 674075.729292962583713, 7170512.929122321307659 ], [ 674078.077071747160517, 7170512.463911756873131 ], [ 674080.201095557422377, 7170511.811689475551248 ], [ 674082.080063126864843, 7170511.014874925836921 ], [ 674083.624679994187318, 7170510.049298196099699 ], [ 674085.783859855262563, 7170508.403118148446083 ], [ 674087.850876581738703, 7170506.632670510560274 ], [ 674089.315049017895944, 7170505.302469686605036 ], [ 674091.042099843965843, 7170503.534890772774816 ], [ 674093.132676044362597, 7170501.278114886954427 ], [ 674095.378464746056125, 7170499.311866383999586 ], [ 674097.089463481912389, 7170498.311072326265275 ], [ 674099.811265572439879, 7170496.781286230310798 ], [ 674101.474473821348511, 7170496.031285701319575 ], [ 674103.165086875203997, 7170495.340916529297829 ], [ 674104.930651153088547, 7170494.816318864002824 ], [ 674106.215502455132082, 7170494.43448256701231 ], [ 674108.389697263948619, 7170494.201266724616289 ], [ 674109.482654082588851, 7170494.271701082587242 ], [ 674112.051868682261556, 7170494.832308592274785 ], [ 674114.666249378817156, 7170495.725313632749021 ], [ 674115.733266372233629, 7170496.377474211156368 ], [ 674116.779653531499207, 7170497.288484954275191 ], [ 674117.969473412726074, 7170498.528902487829328 ] ] ] ] } },
{ "type": "Feature", "properties": { "CODIGO": null, "CODIGO_SMM": "0347", "TIPO": "PARQUE", "NOME": "MUNICIPAL NASCENTES DO RIO BELÉM", "TEXTO_MAPA": "PQ. MUN. NASCENTES DO RIO BELÉM" }, "geometry": { "type": "MultiPolygon", "coordinates": [ [ [ [ 674652.536094840383157, 7194804.033810210414231 ], [ 674484.008643260691315, 7194796.852447032928467 ], [ 674481.435657148365863, 7194857.23344540502876 ], [ 674631.514129095012322, 7194864.051225921139121 ], [ 674644.484890077263117, 7194832.206243858672678 ], [ 674646.48092225054279, 7194827.056644874624908 ], [ 674647.541102567920461, 7194824.038211217150092 ], [ 674648.487513347179629, 7194821.133852320723236 ], [ 674649.408289320301265, 7194818.070252662524581 ], [ 674650.431909414823167, 7194814.315246547572315 ], [ 674652.232506362255663, 7194806.281613618135452 ], [ 674652.536094840383157, 7194804.033810210414231 ] ] ] ] } },
{ "type": "Feature", "properties": { "CODIGO": "PN95", "CODIGO_SMM": "0345", "TIPO": "PARQUE", "NOME": "TINGUI", "TEXTO_MAPA": "PARQUE TINGUI" }, "geometry": { "type": "MultiPolygon", "coordinates": [ [ [ [ 670678.255700820474885, 7191081.471069782972336 ], [ 670680.526086901896633, 7191080.194640754722059 ], [ 670686.755275604198687, 7191080.410215709358454 ], [ 670694.428251318400726, 7191080.675839209929109 ], [ 670700.065887126256712, 7191080.871028538793325 ], [ 670709.903109318227507, 7191082.596246711909771 ], [ 670704.994659465155564, 7191076.298821719363332 ], [ 670697.493678230326623, 7191063.148856366053224 ], [ 670690.363669302547351, 7191052.59184817224741 ], [ 670684.343646588851698, 7191044.812855629250407 ], [ 670676.657668657368049, 7191036.108814353123307 ], [ 670670.268688837764785, 7191030.829822553321719 ], [ 670664.433664585114457, 7191027.218799834139645 ], [ 670657.488654611050151, 7191023.236805563792586 ], [ 670648.691654307767749, 7191018.79185988754034 ], [ 670638.967652071733028, 7191015.642813185229897 ], [ 670647.487672830931842, 7191010.641833545640111 ], [ 670658.819279594463296, 7191009.504623893648386 ], [ 670736.152855114778504, 7190999.543606877326965 ], [ 670681.38543353357818, 7190940.435631127096713 ], [ 670681.595633425167762, 7190914.810380109585822 ], [ 670684.49302869476378, 7190888.439400806091726 ], [ 670668.051007396308705, 7190886.695202045142651 ], [ 670669.675455188262276, 7190870.465583128854632 ], [ 670679.78422274813056, 7190871.651372391730547 ], [ 670688.062043711543083, 7190806.87718350905925 ], [ 670684.258209699997678, 7190806.8771842867136 ], [ 670668.550441443454474, 7190804.737355388700962 ], [ 670670.697594534838572, 7190788.911178856156766 ], [ 670641.288406136911362, 7190784.271779338829219 ], [ 670642.049208937445655, 7190781.231373098678887 ], [ 670611.890386663377285, 7190777.130181886255741 ], [ 670597.577394211431965, 7190775.2075768802315 ], [ 670599.243590758414939, 7190762.378959838300943 ], [ 670568.297964363591745, 7190759.669187613762915 ], [ 670569.416187371592969, 7190748.00817353464663 ], [ 670600.815793287940323, 7190750.276966546662152 ], [ 670606.144948902307078, 7190709.255164976231754 ], [ 670605.99656931462232, 7190694.175754250958562 ], [ 670577.489358972990885, 7190690.885353930294514 ], [ 670584.498749598162249, 7190638.865136004984379 ], [ 670568.238551968941465, 7190636.564357467927039 ], [ 670571.355733429081738, 7190603.009721430018544 ], [ 670562.984332089312375, 7190601.992144744843245 ], [ 670561.143144028028473, 7190596.850542190484703 ], [ 670568.670366394799203, 7190590.506544820964336 ], [ 670572.200334770837799, 7190586.513501045294106 ], [ 670577.487321911379695, 7190578.893502817489207 ], [ 670582.108354733441956, 7190573.456549741327763 ], [ 670586.519365330808796, 7190567.064518328756094 ], [ 670593.011369447340257, 7190557.33349634334445 ], [ 670593.128312801127322, 7190557.158508479595184 ], [ 670596.672318698139861, 7190550.385495698079467 ], [ 670597.295365494559519, 7190549.194516249932349 ], [ 670599.518326292629354, 7190543.267512264661491 ], [ 670600.266311882878654, 7190541.08049981109798 ], [ 670600.408340644324198, 7190540.664484046399593 ], [ 670601.926345508545637, 7190536.229484995827079 ], [ 670603.129347409587353, 7190529.654531829059124 ], [ 670604.799327438115142, 7190513.408494448289275 ], [ 670605.074349699541926, 7190502.521528602577746 ], [ 670605.875311741023324, 7190490.181498300284147 ], [ 670606.92633618216496, 7190484.186501372605562 ], [ 670607.184330613235943, 7190478.110510933212936 ], [ 670607.194340331130661, 7190477.859473266638815 ], [ 670607.389346764190122, 7190473.258519854396582 ], [ 670607.111329755745828, 7190464.461520498618484 ], [ 670606.090331681305543, 7190456.095490649342537 ], [ 670605.519346635788679, 7190451.165496778674424 ], [ 670605.386350760236382, 7190450.016509683802724 ], [ 670605.074338410864584, 7190447.329497314058244 ], [ 670603.939326707622968, 7190439.320462211966515 ], [ 670602.018304129363969, 7190431.679469360969961 ], [ 670599.796317185973749, 7190424.363488864153624 ], [ 670596.555287344381213, 7190418.714501207694411 ], [ 670593.036303309956565, 7190412.973472567275167 ], [ 670590.617295505246148, 7190408.966452954337001 ], [ 670588.59129327966366, 7190405.472494918853045 ], [ 670588.223312129150145, 7190404.99446752294898 ], [ 670584.886335264658555, 7190400.657491954043508 ], [ 670577.571329021942802, 7190391.489461226388812 ], [ 670571.459326650365256, 7190385.377461338415742 ], [ 670566.088291573338211, 7190380.747456322424114 ], [ 670557.937714294646867, 7190373.893879505805671 ], [ 670556.114471243228763, 7190372.016682112589478 ], [ 670551.640470100101084, 7190367.411701334640384 ], [ 670545.251489397371188, 7190357.780657598748803 ], [ 670538.954489247873425, 7190350.834673151373863 ], [ 670535.712482902104966, 7190345.463700706139207 ], [ 670531.545488481409848, 7190339.907669806852937 ], [ 670527.656509250751697, 7190334.25868228264153 ], [ 670522.840466770110652, 7190328.517653909511864 ], [ 670516.651499173371121, 7190323.024672755971551 ], [ 670512.932442304561846, 7190319.534682353958488 ], [ 670509.135443213046528, 7190314.533644203096628 ], [ 670503.579470751457848, 7190305.921643536537886 ], [ 670501.634461665176786, 7190299.809642795473337 ], [ 670499.504454688401893, 7190292.30866467487067 ], [ 670498.578488896600902, 7190286.474678937345743 ], [ 670495.800471211434342, 7190277.584662493318319 ], [ 670495.515436687739566, 7190276.268683197908103 ], [ 670494.596429231925867, 7190272.028692023828626 ], [ 670495.070427258498967, 7190266.541690956801176 ], [ 670494.807425488252193, 7190260.611635722219944 ], [ 670494.689443957060575, 7190257.952638458460569 ], [ 670495.059437373885885, 7190249.155638972297311 ], [ 670495.250475328066386, 7190238.71368059143424 ], [ 670495.323472801130265, 7190235.806453241035342 ], [ 670495.126450158189982, 7190230.392633483745158 ], [ 670496.263472690712661, 7190222.11467694863677 ], [ 670497.374433345277794, 7190214.521657125093043 ], [ 670498.115460104076192, 7190208.316638235002756 ], [ 670497.745463375118561, 7190200.908616323024035 ], [ 670496.356422499171458, 7190189.0556471478194 ], [ 670493.670445458497852, 7190178.220622843131423 ], [ 670493.347446378902532, 7190173.585611912421882 ], [ 670492.975435911212116, 7190168.241616427898407 ], [ 670493.0224315142259, 7190160.995642811991274 ], [ 670494.219451868208125, 7190153.926609927788377 ], [ 670494.453460654709488, 7190153.617649837397039 ], [ 670496.819426895235665, 7190147.84665172547102 ], [ 670501.264433533884585, 7190138.770598601549864 ], [ 670507.746427937643602, 7190129.325648477301002 ], [ 670515.744413395994343, 7190117.164632868953049 ], [ 670517.841459040064365, 7190113.222614791244268 ], [ 670520.803433778812177, 7190107.655596105381846 ], [ 670523.901455181185156, 7190098.48561012558639 ], [ 670525.777431278373115, 7190093.79658261872828 ], [ 670528.40340768720489, 7190089.669627860188484 ], [ 670531.779445099411532, 7190084.417611613869667 ], [ 670534.968409670516849, 7190078.978583637624979 ], [ 670544.417446109233424, 7190070.706606851890683 ], [ 670554.604458443471231, 7190060.612607948482037 ], [ 670565.624417603830807, 7190049.685600839555264 ], [ 670572.10641268780455, 7190043.573598379269242 ], [ 670577.662443286390044, 7190038.017565494403243 ], [ 670580.678434439701959, 7190033.857590627856553 ], [ 670582.412443195120431, 7190031.464584266766906 ], [ 670590.905424941796809, 7190024.404583096504211 ], [ 670596.46145571093075, 7190019.681558245792985 ], [ 670600.535430104238912, 7190013.384558668360114 ], [ 670607.29641618358437, 7190003.475558072328568 ], [ 670612.204435845138505, 7189995.419585691764951 ], [ 670616.093412327230908, 7189987.640591130591929 ], [ 670619.982449523638934, 7189978.287560507655144 ], [ 670622.853420276660472, 7189970.068563598208129 ], [ 670624.485438843024895, 7189965.638569412752986 ], [ 670626.700404386851005, 7189961.44154636003077 ], [ 670628.216456053778529, 7189956.660538921132684 ], [ 670629.848413655068725, 7189952.579543852247298 ], [ 670631.364404429565184, 7189948.499525368213654 ], [ 670632.180443944293074, 7189944.884534007869661 ], [ 670632.647423356072977, 7189941.503551569767296 ], [ 670633.113426418742165, 7189939.171519605442882 ], [ 670635.192404477857053, 7189929.494514657184482 ], [ 670633.062396819004789, 7189918.659551279619336 ], [ 670628.52540623722598, 7189908.473514346405864 ], [ 670623.246410518418998, 7189895.601563767530024 ], [ 670616.208379883435555, 7189876.617551379837096 ], [ 670609.726380406529643, 7189861.244501750916243 ], [ 670605.189389105536975, 7189847.539542987942696 ], [ 670600.28142519609537, 7189829.759509976953268 ], [ 670597.50236896565184, 7189816.239548461511731 ], [ 670594.817367897601798, 7189802.533490686677396 ], [ 670593.335370152839459, 7189789.198526514694095 ], [ 670590.0943999288138, 7189776.60452969558537 ], [ 670586.205358321545646, 7189764.380528224632144 ], [ 670581.469393256003968, 7189755.055514512583613 ], [ 670578.735382348648272, 7189748.203523507341743 ], [ 670586.576204593991861, 7189747.587310804054141 ], [ 670587.265353007707745, 7189748.971710443496704 ], [ 670593.952366395504214, 7189748.547087381593883 ], [ 670662.998770352452993, 7189744.164076490327716 ], [ 670662.475392080144957, 7189735.997692594304681 ], [ 670593.312166804913431, 7189740.388516012579203 ], [ 670581.945159275084734, 7189739.655302811414003 ], [ 670583.965179950464517, 7189742.660308077931404 ], [ 670575.176359425066039, 7189743.350678710266948 ], [ 670572.529384827474132, 7189737.257293846458197 ], [ 670572.962367182597518, 7189731.598478781059384 ], [ 670573.425378863001242, 7189726.042507974430919 ], [ 670575.970361129147932, 7189719.622522841207683 ], [ 670578.426353974733502, 7189712.522483833134174 ], [ 670579.445334603078663, 7189704.836507465690374 ], [ 670578.704366551712155, 7189699.650471087545156 ], [ 670576.696369093842804, 7189693.172503469511867 ], [ 670575.83333118876908, 7189690.389482891187072 ], [ 670571.481338293640874, 7189680.573502172715962 ], [ 670571.287368465214968, 7189680.32850702945143 ], [ 670565.855358793749474, 7189673.437515103258193 ], [ 670565.276378999114968, 7189672.702468641102314 ], [ 670561.776377471978776, 7189669.729507140815258 ], [ 670554.627327139722183, 7189666.775467292405665 ], [ 670551.024359521688893, 7189664.998490018770099 ], [ 670544.070316490367986, 7189661.682511556893587 ], [ 670536.661316997488029, 7189656.959489358589053 ], [ 670529.901365507626906, 7189652.144487023353577 ], [ 670525.827327903709374, 7189647.791520394384861 ], [ 670520.685357515816577, 7189641.604508086107671 ], [ 670517.122306199977174, 7189636.401504504494369 ], [ 670515.845327830989845, 7189633.978469455614686 ], [ 670514.555348585476168, 7189629.676466626115143 ], [ 670513.510302729322575, 7189621.67750231642276 ], [ 670511.195295232115313, 7189599.915473095141351 ], [ 670510.254314065095969, 7189590.5365035161376 ], [ 670509.790323839639314, 7189586.402469312772155 ], [ 670509.436319194734097, 7189583.246462688781321 ], [ 670510.084327953751199, 7189575.097473580390215 ], [ 670508.695287742651999, 7189566.48547207005322 ], [ 670508.533298981143162, 7189559.568478083238006 ], [ 670509.71329097612761, 7189554.724482417106628 ], [ 670510.434299211367033, 7189553.485468270257115 ], [ 670512.677341006230563, 7189549.631462883204222 ], [ 670515.374301477568224, 7189546.275443376973271 ], [ 670517.135287817800418, 7189544.084463430568576 ], [ 670521.196323112701066, 7189539.537464326247573 ], [ 670523.845310118049383, 7189537.064440668560565 ], [ 670525.364292160607874, 7189535.647447794675827 ], [ 670530.308323461911641, 7189531.940475586801767 ], [ 670533.420323317521252, 7189529.628462619148195 ], [ 670537.781346936128102, 7189527.309430351480842 ], [ 670541.292333864141256, 7189525.739482928067446 ], [ 670546.84830420021899, 7189523.979471560567617 ], [ 670547.489295550039969, 7189523.832437699660659 ], [ 670556.706338552292436, 7189521.718421582132578 ], [ 670566.599346606293693, 7189522.1484733838588 ], [ 670576.491317151463591, 7189523.008456941694021 ], [ 670591.54533756559249, 7189524.728425022214651 ], [ 670600.578360132640228, 7189525.589446350932121 ], [ 670609.263359696371481, 7189524.257412970997393 ], [ 670614.17131966620218, 7189522.775416946038604 ], [ 670619.450311973690987, 7189518.979455388151109 ], [ 670624.358332201722078, 7189513.700461286120117 ], [ 670629.8213449283503, 7189506.847431009635329 ], [ 670634.081354050082155, 7189498.235428345389664 ], [ 670637.322320067207329, 7189490.271436314098537 ], [ 670640.008354432531632, 7189482.95643138512969 ], [ 670642.97130442596972, 7189471.010443726554513 ], [ 670643.11736151529476, 7189470.631415277719498 ], [ 670644.005361766205169, 7189468.330389094538987 ], [ 670645.008352217962965, 7189465.731389176100492 ], [ 670647.23735585657414, 7189461.553409099578857 ], [ 670650.194325711694546, 7189456.008424114435911 ], [ 670650.274342783493921, 7189455.822388893924654 ], [ 670653.472340138047002, 7189448.33538674376905 ], [ 670654.269337036414072, 7189446.469419289380312 ], [ 670657.296313369995914, 7189436.698419988155365 ], [ 670657.510302542243153, 7189436.005426598712802 ], [ 670658.343309076270089, 7189428.689384451135993 ], [ 670658.806319315684959, 7189416.095386879518628 ], [ 670658.966353337978944, 7189415.11742027848959 ], [ 670659.811323202680796, 7189409.936388459987938 ], [ 670660.196332585765049, 7189407.576402405276895 ], [ 670661.706341307144612, 7189400.533370446413755 ], [ 670662.97434640454594, 7189397.575422625988722 ], [ 670665.87833713251166, 7189389.104411487467587 ], [ 670667.330301917158067, 7189384.568399246782064 ], [ 670668.600320815341547, 7189379.851417757570744 ], [ 670669.507302510552108, 7189375.134375307708979 ], [ 670671.030312033602968, 7189369.608372556045651 ], [ 670673.135290880920365, 7189358.988374195061624 ], [ 670673.861303400946781, 7189354.815399309620261 ], [ 670674.587315290700644, 7189347.55935475975275 ], [ 670676.124300725874491, 7189336.455347599461675 ], [ 670676.301302279462107, 7189334.281396791338921 ], [ 670676.864289297256619, 7189327.38039387203753 ], [ 670676.864286814816296, 7189315.249348181299865 ], [ 670677.082301718299277, 7189301.900345578789711 ], [ 670677.142298537655734, 7189298.210342148318887 ], [ 670677.143336123321205, 7189298.14936801046133 ], [ 670677.190331993391737, 7189292.224378639832139 ], [ 670677.22329017217271, 7189288.247387835755944 ], [ 670677.23531379038468, 7189286.727367898449302 ], [ 670677.142293572658673, 7189273.948372837156057 ], [ 670677.078328509815037, 7189272.959358915686607 ], [ 670676.349322124035098, 7189261.776372706517577 ], [ 670675.913285842281766, 7189256.833378323353827 ], [ 670675.622269545216113, 7189253.926334155723453 ], [ 670674.457289246842265, 7189244.314332339912653 ], [ 670673.861279704608023, 7189239.01135254278779 ], [ 670673.531322962720878, 7189236.072325954213738 ], [ 670672.822276145918295, 7189230.110349423252046 ], [ 670671.95630763284862, 7189222.830318376421928 ], [ 670671.636298715136945, 7189215.455316490493715 ], [ 670671.503302449476905, 7189212.40032303519547 ], [ 670670.958257546881214, 7189208.415336740203202 ], [ 670670.244267033529468, 7189203.194327203556895 ], [ 670670.244266707100905, 7189201.595327757298946 ], [ 670669.808291816734709, 7189198.397328952327371 ], [ 670669.688296043663286, 7189195.347340377978981 ], [ 670669.226258955895901, 7189191.275317911058664 ], [ 670668.752259111963212, 7189187.86534396186471 ], [ 670668.183105532778427, 7189184.948168012313545 ], [ 670667.494078630348668, 7189180.824143624864519 ], [ 670663.398862897767685, 7189181.72014079336077 ], [ 670663.313474610680714, 7189181.329149496741593 ], [ 670654.278499680454843, 7189184.167714107781649 ], [ 670643.373651332804002, 7189187.59374263510108 ], [ 670642.526055948575959, 7189187.854729207232594 ], [ 670641.806268207263201, 7189188.069145915098488 ], [ 670641.013665507081896, 7189188.297173481434584 ], [ 670640.308282061479986, 7189188.493340669199824 ], [ 670639.491692537558265, 7189188.712518140673637 ], [ 670638.769463382428512, 7189188.899163844063878 ], [ 670637.993462241487578, 7189189.09252342954278 ], [ 670637.086479626712389, 7189189.308771230280399 ], [ 670636.162468197173439, 7189189.518549308180809 ], [ 670635.410270768334158, 7189189.6815744061023 ], [ 670634.51305377332028, 7189189.866938410326838 ], [ 670633.803886135923676, 7189190.006342887878418 ], [ 670633.103080314933322, 7189190.138362109661102 ], [ 670632.307669979636557, 7189190.280757329426706 ], [ 670631.478079948574305, 7189190.421138394623995 ], [ 670630.576285306015052, 7189190.564327094703913 ], [ 670629.743094195378944, 7189190.688167629763484 ], [ 670611.617845836794004, 7189193.280579250305891 ], [ 670609.971849365159869, 7189193.541382879018784 ], [ 670608.402452041627839, 7189193.837953101843596 ], [ 670606.747056175488979, 7189194.20257756114006 ], [ 670605.017685694852844, 7189194.641176663339138 ], [ 670603.157638931879774, 7189195.180178650654852 ], [ 670601.196456909296103, 7189195.826541528105736 ], [ 670599.374435084289871, 7189196.50177401304245 ], [ 670597.24467396736145, 7189197.385746849700809 ], [ 670595.408064772025682, 7189198.233953015878797 ], [ 670593.459883311064914, 7189199.225958071649075 ], [ 670591.84226832492277, 7189200.12555580958724 ], [ 670590.114057635888457, 7189201.167975871823728 ], [ 670588.476484183454886, 7189202.238166919909418 ], [ 670586.842633894644678, 7189203.391548907384276 ], [ 670585.082868082798086, 7189204.737741028890014 ], [ 670553.507852750830352, 7189229.914572996087372 ], [ 670551.384683465003036, 7189230.963157691061497 ], [ 670549.100686429301277, 7189231.670983053743839 ], [ 670546.733864589128643, 7189232.01015598885715 ], [ 670544.34323895489797, 7189231.972375707700849 ], [ 670541.988257784279995, 7189231.558374613523483 ], [ 670539.728064161376096, 7189230.778589713387191 ], [ 670537.797277355683036, 7189229.965784717351198 ], [ 670535.807042276253924, 7189229.066370824351907 ], [ 670533.608433082234114, 7189227.997157122939825 ], [ 670531.361239870777354, 7189226.818568402901292 ], [ 670529.579256778815761, 7189225.81997231207788 ], [ 670527.759676001733169, 7189224.738551499322057 ], [ 670525.771638114820234, 7189223.482997374609113 ], [ 670523.704071369720623, 7189222.090175163000822 ], [ 670521.910430500633083, 7189220.805751361884177 ], [ 670519.867277792072855, 7189219.250758691690862 ], [ 670518.13406172033865, 7189217.850368050858378 ], [ 670516.657437539659441, 7189216.593776222318411 ], [ 670516.044827419915237, 7189216.119777198880911 ], [ 670515.388821305357851, 7189215.708583377301693 ], [ 670514.695217536529526, 7189215.363978935405612 ], [ 670513.971218267106451, 7189215.089198738336563 ], [ 670513.223659436334856, 7189214.887172469869256 ], [ 670512.459865264594555, 7189214.759792221710086 ], [ 670511.687037904048339, 7189214.708156622946262 ], [ 670510.913050888804719, 7189214.732998097315431 ], [ 670510.145228443900123, 7189214.833950428292155 ], [ 670509.391016856068745, 7189215.009976020082831 ], [ 670508.658045523334295, 7189215.259365884587169 ], [ 670507.953028314746916, 7189215.579983789473772 ], [ 670507.28304530843161, 7189215.968350728973746 ], [ 670506.654444162268192, 7189216.420804589055479 ], [ 670506.073633566498756, 7189216.932950839400291 ], [ 670505.546045654686168, 7189217.499784593470395 ], [ 670505.076868411968462, 7189218.115995790809393 ], [ 670504.670618439558893, 7189218.775175735354424 ], [ 670504.331446129595861, 7189219.471404016017914 ], [ 670504.062220131745562, 7189220.197600552812219 ], [ 670503.866053242702037, 7189220.946807332336903 ], [ 670503.74465444276575, 7189221.711578068323433 ], [ 670503.52926178346388, 7189223.98397861700505 ], [ 670503.257655732450075, 7189226.26339822076261 ], [ 670502.878261635312811, 7189228.872163636609912 ], [ 670502.393826040206477, 7189231.642794352024794 ], [ 670501.894864007364959, 7189234.093173519708216 ], [ 670501.386258369195275, 7189236.304355850443244 ], [ 670500.786832420155406, 7189238.645970363169909 ], [ 670500.127836142433807, 7189240.972387127578259 ], [ 670499.384245127206668, 7189243.360998751595616 ], [ 670498.513823055895045, 7189245.908973236568272 ], [ 670500.024627376813442, 7189249.344764852896333 ], [ 670458.444258908275515, 7189375.236042028293014 ], [ 670451.416852666297927, 7189377.124044452793896 ], [ 670449.20823404355906, 7189377.717245744541287 ], [ 670448.896466404548846, 7189377.817831772379577 ], [ 670448.596051313448697, 7189377.948447102680802 ], [ 670448.310040529468097, 7189378.10823724232614 ], [ 670448.041241668630391, 7189378.295249065384269 ], [ 670447.792035103891976, 7189378.507834622636437 ], [ 670447.565045346971601, 7189378.744040786288679 ], [ 670447.362469662446529, 7189379.00124304369092 ], [ 670447.186261176480912, 7189379.277427234686911 ], [ 670447.038067837944254, 7189379.56941953022033 ], [ 670438.104048584820703, 7189399.560820693150163 ], [ 670437.935469535645097, 7189400.038054740056396 ], [ 670437.818037964054383, 7189400.530242394655943 ], [ 670437.752852504141629, 7189401.03201256133616 ], [ 670437.740645573241636, 7189401.537872072309256 ], [ 670437.781661311048083, 7189402.042266728356481 ], [ 670437.875472472398542, 7189402.53964232839644 ], [ 670438.020675247302279, 7189403.024261567741632 ], [ 670438.216048929025419, 7189403.491058526560664 ], [ 670438.45927418093197, 7189403.934845215640962 ], [ 670438.747665454633534, 7189404.350433645769954 ], [ 670439.078293060767464, 7189404.733673425391316 ], [ 670431.976670909672976, 7189420.624853402376175 ], [ 670431.699693328817375, 7189420.7730468576774 ], [ 670431.363084399839863, 7189420.999670522287488 ], [ 670431.051438864436932, 7189421.259619384072721 ], [ 670430.768052618950605, 7189421.550024793483317 ], [ 670430.515672245295718, 7189421.86765188165009 ], [ 670430.297044329345226, 7189422.209448890760541 ], [ 670429.017686586244963, 7189424.672279395163059 ], [ 670428.047044708393514, 7189426.955666428431869 ], [ 670427.190660746884532, 7189429.600869940593839 ], [ 670426.828051081160083, 7189431.033060336485505 ], [ 670425.810473594698124, 7189435.464458201080561 ], [ 670424.984851616085507, 7189439.362835869193077 ], [ 670424.092884550685994, 7189443.966047719120979 ], [ 670423.315480469493195, 7189448.413253644481301 ], [ 670422.587881134124473, 7189453.080674463883042 ], [ 670421.967459535226226, 7189457.612047860398889 ], [ 670421.319084038259462, 7189463.187244782224298 ], [ 670420.774895636015572, 7189469.031484723091125 ], [ 670420.386896174983121, 7189474.556266538798809 ], [ 670420.152461042627692, 7189479.273675063624978 ], [ 670419.983089662855491, 7189485.265681080520153 ], [ 670419.951657582074404, 7189490.315670216456056 ], [ 670420.026487774099223, 7189495.558896688744426 ], [ 670420.234679920831695, 7189501.303649146109819 ], [ 670420.495911396108568, 7189505.893066812306643 ], [ 670420.813478265772574, 7189510.1480727577582 ], [ 670421.258059438783675, 7189514.933474323712289 ], [ 670421.863468402414583, 7189520.272647977806628 ], [ 670422.616887704702094, 7189525.826482303440571 ], [ 670423.530097125214525, 7189531.572455320507288 ], [ 670424.468697060830891, 7189536.740486282855272 ], [ 670425.624277132330462, 7189542.392281977459788 ], [ 670426.846873764065094, 7189547.755259223282337 ], [ 670428.088696391554549, 7189552.715282256715 ], [ 670429.425672844867222, 7189557.629711996763945 ], [ 670431.02607720461674, 7189563.050062227994204 ], [ 670432.845903059700504, 7189568.726088752038777 ], [ 670450.268098475062288, 7189620.924097074195743 ], [ 670451.048494674963877, 7189623.305078990757465 ], [ 670451.631930256844498, 7189625.122279061004519 ], [ 670452.249301425879821, 7189627.081691074185073 ], [ 670452.988743028254248, 7189629.479701812379062 ], [ 670453.747288664104417, 7189632.003078792244196 ], [ 670454.439733176259324, 7189634.365506033413112 ], [ 670455.034887566231191, 7189636.444730097427964 ], [ 670455.866736538824625, 7189639.431730229407549 ], [ 670456.759742822730914, 7189642.75289792008698 ], [ 670457.59812261199113, 7189645.98971501365304 ], [ 670458.314920260570943, 7189648.858734183013439 ], [ 670459.061930366791785, 7189651.958710437640548 ], [ 670459.919902543537319, 7189655.674714665859938 ], [ 670468.415762159158476, 7189693.721109736710787 ], [ 670468.938528869533911, 7189695.970744015648961 ], [ 670469.579520768369548, 7189698.514506766572595 ], [ 670470.189933985471725, 7189700.759502354077995 ], [ 670470.76354293897748, 7189702.74088703840971 ], [ 670471.34252297016792, 7189704.632122773677111 ], [ 670471.954156818799675, 7189706.529095808044076 ], [ 670472.639765322091989, 7189708.547711925581098 ], [ 670473.482539460295811, 7189710.895124485716224 ], [ 670474.230159688973799, 7189712.869123879820108 ], [ 670475.097347862203605, 7189715.048323499970138 ], [ 670475.998532621655613, 7189717.202315585687757 ], [ 670476.728147411718965, 7189718.87254293076694 ], [ 670477.640318471938372, 7189720.87754815723747 ], [ 670478.866759748430923, 7189723.443344485946 ], [ 670479.910949900746346, 7189725.523117773234844 ], [ 670480.985718667507172, 7189727.574143488891423 ], [ 670482.115358059294522, 7189729.640733161941171 ], [ 670483.192324060946703, 7189731.534105025231838 ], [ 670491.999153210548684, 7189746.725696610286832 ], [ 670493.272957710898481, 7189748.955921551212668 ], [ 670494.44837348931469, 7189751.064137202687562 ], [ 670495.565744808642194, 7189753.116322576999664 ], [ 670496.763560525607318, 7189755.370351249352098 ], [ 670497.849925984512083, 7189757.466726096346974 ], [ 670499.07795414805878, 7189759.899343676865101 ], [ 670499.794141155784018, 7189761.35033268481493 ], [ 670500.936536959838122, 7189763.717520579695702 ], [ 670502.01533410011325, 7189766.016349093988538 ], [ 670503.171768028405495, 7189768.553336836397648 ], [ 670503.819961854955181, 7189770.010734550654888 ], [ 670505.24775831727311, 7189773.316704373806715 ], [ 670506.060564103070647, 7189775.262322399765253 ], [ 670516.360986966523342, 7189800.300534944981337 ], [ 670517.795558328973129, 7189803.587705932557583 ], [ 670519.587795951170847, 7189807.618712495081127 ], [ 670520.933561073616147, 7189810.59234582260251 ], [ 670522.246184070478193, 7189813.450744749978185 ], [ 670524.111541748279706, 7189817.072327360510826 ], [ 670525.267975574592128, 7189819.116334013640881 ], [ 670526.407563727116212, 7189821.318726943805814 ], [ 670527.488191924407147, 7189823.6215227432549 ], [ 670528.326754558132961, 7189825.591127587482333 ], [ 670529.219394427374937, 7189827.915163666009903 ], [ 670530.11398748983629, 7189830.562319948337972 ], [ 670530.723790316609666, 7189832.623111385852098 ], [ 670531.240575526840985, 7189834.603336414322257 ], [ 670531.658788899658248, 7189836.430912496522069 ], [ 670532.001562779070809, 7189838.149723918177187 ], [ 670532.316382575081661, 7189839.995915750972927 ], [ 670532.595557861379348, 7189841.994146204553545 ], [ 670532.807777555193752, 7189843.950750683434308 ], [ 670532.957558260997757, 7189845.870367862284184 ], [ 670533.054177357000299, 7189847.916571998037398 ], [ 670533.085183570510708, 7189849.608161795884371 ], [ 670533.075601356569678, 7189851.118171965703368 ], [ 670533.022379034548067, 7189852.819954654201865 ], [ 670532.934000424458645, 7189854.381173346191645 ], [ 670532.79258228186518, 7189856.103769049048424 ], [ 670532.581156835658476, 7189858.014353094622493 ], [ 670532.293803659733385, 7189860.040537772700191 ], [ 670531.839397321105935, 7189862.585948698222637 ], [ 670531.375957695534453, 7189864.723339496180415 ], [ 670530.823162587010302, 7189866.907727396115661 ], [ 670530.121991017484106, 7189869.304944973438978 ], [ 670529.383587955613621, 7189871.518751865252852 ], [ 670528.535382629721425, 7189873.781753126531839 ], [ 670527.558209998067468, 7189876.11372415907681 ], [ 670526.422773184720427, 7189878.543351501226425 ], [ 670525.548566760960966, 7189880.253129966557026 ], [ 670524.634199185064062, 7189881.918169656768441 ], [ 670523.598615776514634, 7189883.674945238046348 ], [ 670522.350996220018715, 7189885.637165252119303 ], [ 670520.809187187696807, 7189887.865132465958595 ], [ 670519.162397655425593, 7189890.067770106717944 ], [ 670517.610212588915601, 7189892.022726997733116 ], [ 670516.311384439468384, 7189893.571555798873305 ], [ 670514.92637463088613, 7189895.143944194540381 ], [ 670513.379560600267723, 7189896.81057093013078 ], [ 670512.116193833528087, 7189898.107141356915236 ], [ 670510.770185450091958, 7189899.429529678076506 ], [ 670509.154767853091471, 7189900.940943983383477 ], [ 670507.84959196660202, 7189902.10598362237215 ], [ 670506.432172408211045, 7189903.317348979413509 ], [ 670504.535993025754578, 7189904.856168136000633 ], [ 670502.800763349398039, 7189906.186735249124467 ], [ 670501.430157725466415, 7189907.188749955035746 ], [ 670499.762371879536659, 7189908.351958612911403 ], [ 670498.311566032236442, 7189909.31637566909194 ], [ 670496.642803602502681, 7189910.37338312715292 ], [ 670495.101360515342094, 7189911.30197255499661 ], [ 670493.262370989774354, 7189912.352388249710202 ], [ 670491.723796537145972, 7189913.184969351626933 ], [ 670489.736979815526865, 7189914.200167780742049 ], [ 670488.073588428203948, 7189914.999973021447659 ], [ 670486.137003625044599, 7189915.875767106190324 ], [ 670484.234964716131799, 7189916.679539680480957 ], [ 670482.33799171296414, 7189917.427159894257784 ], [ 670480.5215851230314, 7189918.094152631238103 ], [ 670434.709198466618545, 7189934.320789836347103 ], [ 670433.13400285737589, 7189934.895192166790366 ], [ 670431.670196434482932, 7189935.458974352106452 ], [ 670430.36074795643799, 7189935.988393706269562 ], [ 670429.184783393284306, 7189936.484182650223374 ], [ 670427.970793924527243, 7189937.016775814816356 ], [ 670426.622343988856301, 7189937.633597543463111 ], [ 670425.43856693780981, 7189938.197379672899842 ], [ 670424.035185362910852, 7189938.893608171492815 ], [ 670422.780790636083111, 7189939.541618853807449 ], [ 670421.452970608486794, 7189940.255181326530874 ], [ 670420.378568592132069, 7189940.853570377454162 ], [ 670419.337186604854651, 7189941.452386667020619 ], [ 670418.361966738360934, 7189942.02959649078548 ], [ 670417.208768338430673, 7189942.734186758287251 ], [ 670415.913968360051513, 7189943.553767318837345 ], [ 670414.866360804066062, 7189944.239802870899439 ], [ 670413.645596490940079, 7189945.065792107954621 ], [ 670412.420559723977931, 7189945.924374129623175 ], [ 670411.345364287379198, 7189946.703183149918914 ], [ 670410.293972569750622, 7189947.488767069764435 ], [ 670409.201992474147119, 7189948.330198179930449 ], [ 670407.681179332663305, 7189949.546995690092444 ], [ 670406.344997571082786, 7189950.661803386174142 ], [ 670405.01339345308952, 7189951.817382577806711 ], [ 670403.843593555269763, 7189952.870788859203458 ], [ 670402.725551483337767, 7189953.913208798505366 ], [ 670401.482753549935296, 7189955.114198139868677 ], [ 670400.232143125962466, 7189956.370790525339544 ], [ 670399.21194043837022, 7189957.433596192859113 ], [ 670398.172755823936313, 7189958.552371116355062 ], [ 670397.171168873435818, 7189959.667972201481462 ], [ 670396.191737693501636, 7189960.795780319720507 ], [ 670395.10879089566879, 7189962.088017212226987 ], [ 670394.092555534793064, 7189963.346623710356653 ], [ 670393.161159047856927, 7189964.542180859483778 ], [ 670392.114345095003955, 7189965.93720097374171 ], [ 670390.956752344965935, 7189967.547614236362278 ], [ 670382.323146630078554, 7189979.843395631760359 ], [ 670381.044948437716812, 7189981.731213777326047 ], [ 670379.875148705323227, 7189983.590589509345591 ], [ 670378.659572639502585, 7189985.6790302535519 ], [ 670377.473171413643286, 7189987.902602864429355 ], [ 670376.368740436853841, 7189990.175186701118946 ], [ 670375.424343652673997, 7189992.313187949359417 ], [ 670374.58694151439704, 7189994.39961445517838 ], [ 670373.586148367612623, 7189997.206622241064906 ], [ 670372.832974836695939, 7189999.63124462030828 ], [ 670372.124967377865687, 7190002.273823592811823 ], [ 670371.5623456685571, 7190004.764791165478528 ], [ 670371.101164412335493, 7190007.240438889712095 ], [ 670370.676970566855744, 7190010.185996399261057 ], [ 670370.385162009508349, 7190013.13344597350806 ], [ 670366.931984273949638, 7190058.215245759114623 ], [ 670366.743996499455534, 7190060.939855897799134 ], [ 670366.609597544651479, 7190063.358618773519993 ], [ 670366.521585235372186, 7190065.364051453769207 ], [ 670366.455362477223389, 7190067.338844472542405 ], [ 670366.380595310009085, 7190071.83921189326793 ], [ 670366.384990361635573, 7190074.382425459101796 ], [ 670366.424968934850767, 7190077.001017455942929 ], [ 670366.495587132871151, 7190079.468608427792788 ], [ 670366.652570320642553, 7190083.016644006595016 ], [ 670369.011588658206165, 7190126.729423692449927 ], [ 670369.072379920864478, 7190127.85582778789103 ], [ 670369.148185891099274, 7190129.261834004893899 ], [ 670369.275993861840107, 7190130.82866789214313 ], [ 670369.434380401624367, 7190132.138238521292806 ], [ 670369.632378768408671, 7190133.451837461441755 ], [ 670369.793389740865678, 7190134.364862574264407 ], [ 670369.989984231768176, 7190135.355036136694252 ], [ 670370.240594879491255, 7190136.477228766307235 ], [ 670370.450617079739459, 7190137.326655220240355 ], [ 670370.727594902506098, 7190138.354060219600797 ], [ 670371.015192833379842, 7190139.329646358266473 ], [ 670371.332392826909199, 7190140.322444409132004 ], [ 670371.749812614405528, 7190141.521663391962647 ], [ 670372.154414991149679, 7190142.591854023747146 ], [ 670372.546016854117624, 7190143.556636914610863 ], [ 670373.063229145598598, 7190144.742245035246015 ], [ 670373.532589825103059, 7190145.744625576771796 ], [ 670374.0230076367734, 7190146.728878667578101 ], [ 670374.649411841994151, 7190147.8670624345541 ], [ 670375.381406920263544, 7190149.124264768324792 ], [ 670376.054625107673928, 7190150.280453902669251 ], [ 670388.639410664327443, 7190171.894653853029013 ], [ 670391.355415725149214, 7190176.433228723704815 ], [ 670392.41382698668167, 7190178.083253359422088 ], [ 670393.336801122059114, 7190179.359681732952595 ], [ 670394.212595033692196, 7190180.457643272355199 ], [ 670395.078012944781221, 7190181.451845020055771 ], [ 670396.084605223382823, 7190182.510438846424222 ], [ 670397.101634499616921, 7190183.487062431871891 ], [ 670398.279430429567583, 7190184.516237270087004 ], [ 670399.368603256181814, 7190185.381654758006334 ], [ 670400.194226149935275, 7190185.957460406236351 ], [ 670401.111035582609475, 7190186.489259677007794 ], [ 670401.922009995090775, 7190186.877870455384254 ], [ 670402.976819925941527, 7190187.280885482206941 ], [ 670403.946424728725106, 7190187.558656354434788 ], [ 670404.684401042643003, 7190187.772462412714958 ], [ 670405.46363714907784, 7190188.078248467296362 ], [ 670406.179640829912387, 7190188.439637578092515 ], [ 670406.925429696217179, 7190188.911256201565266 ], [ 670407.567214634851553, 7190189.409852395765483 ], [ 670408.156448301626369, 7190189.962037481367588 ], [ 670408.757034537615255, 7190190.647462345659733 ], [ 670409.355606648372486, 7190191.508485401049256 ], [ 670413.033221113029867, 7190197.344057489186525 ], [ 670416.676594834658317, 7190203.125857598148286 ], [ 670417.396626995294355, 7190204.268435880541801 ], [ 670417.904806041624397, 7190205.249270997010171 ], [ 670418.425436270306818, 7190206.277469405904412 ], [ 670418.856649952474982, 7190207.205264976248145 ], [ 670419.265829943818972, 7190208.164432628080249 ], [ 670419.616416157921776, 7190209.063053401187062 ], [ 670419.943809009739198, 7190209.982059925794601 ], [ 670420.476219171076082, 7190211.708256563171744 ], [ 670421.571007860242389, 7190215.64386529661715 ], [ 670421.862023765454069, 7190216.635259543545544 ], [ 670422.31240257830359, 7190217.996465869247913 ], [ 670422.653833521762863, 7190218.92285764683038 ], [ 670423.035852860659361, 7190219.877447665669024 ], [ 670423.422999141970649, 7190220.772284250706434 ], [ 670423.876856881426647, 7190221.74487963039428 ], [ 670424.299830798641779, 7190222.589484261348844 ], [ 670424.787013728986494, 7190223.498847195878625 ], [ 670425.326625881367363, 7190224.439460128545761 ], [ 670426.421658270992339, 7190226.223273856565356 ], [ 670428.310636484180577, 7190229.478035078383982 ], [ 670430.037261137505993, 7190232.72327484562993 ], [ 670432.249420962412842, 7190237.810678089037538 ], [ 670433.527437196811661, 7190241.537485459819436 ], [ 670434.489840519148856, 7190245.092845096252859 ], [ 670435.166416073217988, 7190248.358470824547112 ], [ 670435.631626832066104, 7190251.666882254183292 ], [ 670435.926610530586913, 7190255.148084292188287 ], [ 670436.024450441938825, 7190257.7384780254215 ], [ 670436.05405432684347, 7190266.680497 ], [ 670436.02164490299765, 7190267.913895770907402 ], [ 670435.933022082783282, 7190269.144670042209327 ], [ 670435.78843001043424, 7190270.369890123605728 ], [ 670435.588234893162735, 7190271.587480820715427 ], [ 670435.332863979507238, 7190272.794451409950852 ], [ 670435.022622442804277, 7190273.988665657117963 ], [ 670432.577616219175979, 7190282.520101530477405 ], [ 670431.388834878918715, 7190286.004294592887163 ], [ 670430.020243914448656, 7190289.454307998530567 ], [ 670428.286662688478827, 7190293.238061799667776 ], [ 670425.902446674415842, 7190297.748683603480458 ], [ 670423.495647582574748, 7190301.951077790930867 ], [ 670420.980450000381097, 7190306.033476850949228 ], [ 670418.646038488019258, 7190309.578705321997404 ], [ 670415.90061620133929, 7190313.487703503109515 ], [ 670413.499615249107592, 7190316.701511001214385 ], [ 670411.098431156133302, 7190319.745701754465699 ], [ 670407.883221132447943, 7190323.582312317565084 ], [ 670393.076274916995317, 7190340.643294000998139 ], [ 670391.650615682825446, 7190342.214522738009691 ], [ 670390.387065808055922, 7190343.497726462781429 ], [ 670389.139873336884193, 7190344.674912088550627 ], [ 670387.715068527497351, 7190345.921677847392857 ], [ 670386.371074257418513, 7190347.01127802208066 ], [ 670385.083415425149724, 7190347.982897194102407 ], [ 670383.537028518738225, 7190349.063525239937007 ], [ 670382.006266597425565, 7190350.047717710025609 ], [ 670380.24326585768722, 7190351.083484945818782 ], [ 670378.757853031624109, 7190351.880299426615238 ], [ 670377.130472394870594, 7190352.678334638476372 ], [ 670375.21146571461577, 7190353.524282520636916 ], [ 670348.164646918070503, 7190364.74890040513128 ], [ 670345.486423792433925, 7190365.905944718047976 ], [ 670342.950229532085359, 7190367.149536874145269 ], [ 670340.11905234947335, 7190368.720704862847924 ], [ 670337.78146658022888, 7190370.175722816959023 ], [ 670335.322665010928176, 7190371.875735978595912 ], [ 670333.009432342369109, 7190373.649906844832003 ], [ 670330.802034681313671, 7190375.520513261668384 ], [ 670328.811006703181192, 7190377.375128419138491 ], [ 670327.167635029181838, 7190379.041511034592986 ], [ 670325.787813195260242, 7190380.547310057096183 ], [ 670324.372652028454468, 7190382.205941157415509 ], [ 670323.047212567413226, 7190383.877938942052424 ], [ 670321.660860049538314, 7190385.768320588395 ], [ 670320.403047598898411, 7190387.62934429012239 ], [ 670319.120821119518951, 7190389.696544808335602 ], [ 670318.033052670187317, 7190391.612500129267573 ], [ 670316.96261823864188, 7190393.676526776514947 ], [ 670315.874239520984702, 7190396.003737090155482 ], [ 670314.741061072680168, 7190398.752151139080524 ], [ 670313.885409478098154, 7190401.133133392781019 ], [ 670313.055819962406531, 7190403.811540035530925 ], [ 670312.423862281953916, 7190406.227129186503589 ], [ 670311.988865009392612, 7190408.188921789638698 ], [ 670311.634067939827219, 7190410.081927737221122 ], [ 670311.35702965548262, 7190411.865558639168739 ], [ 670311.018040914088488, 7190414.828328050673008 ], [ 670310.857824055594392, 7190417.124715412966907 ], [ 670310.787817155825906, 7190419.290731628425419 ], [ 670310.819433763041161, 7190421.193320018239319 ], [ 670310.96524716890417, 7190423.053916187956929 ], [ 670311.196814993279986, 7190424.92012757435441 ], [ 670311.528663620818406, 7190426.854759369045496 ], [ 670311.844826113781892, 7190428.32473039906472 ], [ 670312.300820247270167, 7190430.095543764531612 ], [ 670312.887063467525877, 7190432.002160362899303 ], [ 670313.667459616903216, 7190434.140344366431236 ], [ 670314.340860999887809, 7190435.739954030141234 ], [ 670315.09324189578183, 7190437.335169143974781 ], [ 670315.867229217314161, 7190438.813929145224392 ], [ 670316.532451798324473, 7190439.979517698287964 ], [ 670364.313059473526664, 7190520.631384874694049 ], [ 670365.352671939879656, 7190522.476783102378249 ], [ 670366.275096869911067, 7190524.291968944482505 ], [ 670367.043285892112181, 7190525.966346673667431 ], [ 670367.742261030361988, 7190527.655372859910131 ], [ 670368.388501791283488, 7190529.402748681604862 ], [ 670369.008863672846928, 7190531.310585977509618 ], [ 670369.572096655727364, 7190533.328957981429994 ], [ 670370.073073792154901, 7190535.491373004391789 ], [ 670370.461502058198676, 7190537.593546337448061 ], [ 670370.767288722796366, 7190539.80198192037642 ], [ 670370.974076346843503, 7190542.058757381513715 ], [ 670371.069108521332964, 7190544.073162195272744 ], [ 670371.076677338802256, 7190546.300579778850079 ], [ 670370.974077692255378, 7190548.6429876498878 ], [ 670370.781695264857262, 7190550.776777319610119 ], [ 670370.455462753539905, 7190553.146590028889477 ], [ 670370.086505544371903, 7190555.146773742511868 ], [ 670369.596454581711441, 7190557.279159664176404 ], [ 670368.884479810949415, 7190559.798386553302407 ], [ 670368.142658773227595, 7190561.989793539047241 ], [ 670367.46010279993061, 7190563.751573933288455 ], [ 670358.258688942529261, 7190586.192560790106654 ], [ 670356.755515507189557, 7190590.054561637341976 ], [ 670355.511314243660308, 7190593.608395846560597 ], [ 670354.349693600903265, 7190597.31579453125596 ], [ 670353.281273699132726, 7190601.186584354378283 ], [ 670352.35506575088948, 7190605.062562138773501 ], [ 670351.597681057057343, 7190608.783754689618945 ], [ 670350.939478554995731, 7190612.684573734179139 ], [ 670350.35409112891648, 7190617.147770842537284 ], [ 670349.977871146751568, 7190621.164800798520446 ], [ 670349.750882122782059, 7190624.993598250672221 ], [ 670349.652311083977111, 7190628.7362140128389 ], [ 670349.686918886145577, 7190632.943795694038272 ], [ 670350.042268402525224, 7190646.374402225017548 ], [ 670350.126070291269571, 7190649.298780428245664 ], [ 670350.223910269211046, 7190652.221388608217239 ], [ 670350.408908825018443, 7190656.867385901510715 ], [ 670350.590306147467345, 7190660.73579509742558 ], [ 670350.838109886506572, 7190665.334001838229597 ], [ 670351.105078618042171, 7190669.685382338240743 ], [ 670351.398719705757685, 7190673.966206170618534 ], [ 670351.680275720893405, 7190677.709004961885512 ], [ 670352.070718686794862, 7190682.448996379971504 ], [ 670352.391093039768748, 7190686.036826860159636 ], [ 670352.726726170629263, 7190689.558006928302348 ], [ 670352.97208806371782, 7190692.006432823836803 ], [ 670353.782331595662981, 7190699.938624711707234 ], [ 670354.26188598247245, 7190705.017788564786315 ], [ 670354.630539365112782, 7190709.627836105413735 ], [ 670354.943711804575287, 7190714.373625879175961 ], [ 670355.176500858506188, 7190718.816986391320825 ], [ 670355.374927267432213, 7190724.024018988013268 ], [ 670355.498707744292915, 7190729.640414501540363 ], [ 670355.530935221700929, 7190734.080601224675775 ], [ 670355.506888231961057, 7190738.331395819783211 ], [ 670355.261531015275978, 7190758.778605907224119 ], [ 670355.277706106309779, 7190762.555218239314854 ], [ 670355.408505218336359, 7190766.162396907806396 ], [ 670355.60271974792704, 7190769.156233115121722 ], [ 670355.887693603523076, 7190772.269637205637991 ], [ 670356.207701569306664, 7190774.999252125620842 ], [ 670356.558898461516947, 7190777.50199930369854 ], [ 670357.05670194409322, 7190780.516831547021866 ], [ 670357.79095583409071, 7190784.267625853419304 ], [ 670358.456911199260503, 7190787.206652381457388 ], [ 670359.255740174674429, 7190790.337207252159715 ], [ 670360.147952963481657, 7190793.465198624879122 ], [ 670361.058354184497148, 7190796.356800772249699 ], [ 670362.13391662761569, 7190799.473012319765985 ], [ 670363.183722161920741, 7190802.266042636707425 ], [ 670364.596137791406363, 7190805.716421686112881 ], [ 670365.902352114208043, 7190808.653250813484192 ], [ 670382.615132477600127, 7190844.864438694901764 ], [ 670383.782125494559295, 7190847.426633961498737 ], [ 670385.01436515932437, 7190850.212828300893307 ], [ 670386.151328891050071, 7190852.86260904930532 ], [ 670387.436547147459351, 7190855.956420646980405 ], [ 670388.594751167227514, 7190858.842651648446918 ], [ 670389.624537138035521, 7190861.494446577504277 ], [ 670390.792750971857458, 7190864.607850490137935 ], [ 670392.020168984658085, 7190868.012453196570277 ], [ 670393.032559985877015, 7190870.934817049652338 ], [ 670398.921175915631466, 7190888.246221831068397 ], [ 670399.089755148394033, 7190888.669622788205743 ], [ 670408.070779319852591, 7190906.950631687417626 ], [ 670409.883952201111242, 7190911.924021314829588 ], [ 670411.760174405411817, 7190916.846873806789517 ], [ 670413.481367152417079, 7190921.183849710039794 ], [ 670415.398360795108601, 7190925.833264619112015 ], [ 670417.612351690419018, 7190930.987257242202759 ], [ 670419.682543613831513, 7190935.617873287759721 ], [ 670422.156361271161586, 7190940.935440118424594 ], [ 670425.234976656734943, 7190947.257279555313289 ], [ 670427.798149749869481, 7190952.295854592695832 ], [ 670430.618158907745965, 7190957.62562838755548 ], [ 670433.920162955182604, 7190963.608234288170934 ], [ 670434.353573868167587, 7190964.361286159604788 ], [ 670446.441166824894026, 7190985.480063736438751 ], [ 670446.758793965214863, 7190985.986289393156767 ], [ 670447.125798553344794, 7190986.457663955166936 ], [ 670447.538396406453103, 7190986.889487716369331 ], [ 670450.306403010385111, 7190989.33846241235733 ], [ 670453.337776392814703, 7190991.850669495761395 ], [ 670455.982797044329345, 7190993.908286690711975 ], [ 670458.737375821801834, 7190995.927085495553911 ], [ 670461.50941063486971, 7190997.839072743430734 ], [ 670464.315380986547098, 7190999.658835840411484 ], [ 670467.201002225163393, 7191001.415671654976904 ], [ 670470.033400763990358, 7191003.032859007827938 ], [ 670472.762405690504238, 7191004.495261183939874 ], [ 670475.608598140766844, 7191005.924032955430448 ], [ 670478.607988868723623, 7191007.328085452318192 ], [ 670481.155414084903896, 7191008.441061303019524 ], [ 670485.76381411566399, 7191010.277669738978148 ], [ 670493.852195659535937, 7191012.726460242643952 ], [ 670519.730438518919982, 7191018.402848068624735 ], [ 670530.39920402225107, 7191020.743056473322213 ], [ 670553.759623839519918, 7191025.86725960765034 ], [ 670555.036601778818294, 7191026.177867339923978 ], [ 670555.943035177187994, 7191026.436045934446156 ], [ 670557.090801668702625, 7191026.80964198987931 ], [ 670558.358258156804368, 7191027.285227796062827 ], [ 670559.575421671848744, 7191027.807261376641691 ], [ 670560.737226292490959, 7191028.369028868153691 ], [ 670562.019026088877581, 7191029.06586717069149 ], [ 670563.180647639557719, 7191029.796274841763079 ], [ 670564.656844531535171, 7191030.835825599730015 ], [ 670565.685653565335087, 7191031.654856368899345 ], [ 670567.041244991705753, 7191032.871470186859369 ], [ 670568.149033599998802, 7191034.001231002621353 ], [ 670569.25181735586375, 7191035.274058265611529 ], [ 670570.233446295838803, 7191036.560069150291383 ], [ 670571.249621192924678, 7191038.087840346619487 ], [ 670572.134631509310566, 7191039.63746216148138 ], [ 670572.849414711818099, 7191041.099437503144145 ], [ 670573.314441913622431, 7191042.194042191840708 ], [ 670573.810658141272143, 7191043.543468719348311 ], [ 670574.291615625377744, 7191045.131664844229817 ], [ 670575.938650717260316, 7191049.852857174351811 ], [ 670578.227837280603126, 7191056.640028928406537 ], [ 670578.723260049009696, 7191057.98463367857039 ], [ 670579.212640293757431, 7191059.126479586586356 ], [ 670579.841058691032231, 7191060.406264954246581 ], [ 670580.532648481195793, 7191061.637832525186241 ], [ 670581.291865234612487, 7191062.832229660823941 ], [ 670582.177424801862799, 7191064.064468577504158 ], [ 670583.12102880445309, 7191065.227859809063375 ], [ 670583.982418388361111, 7191066.180069359019399 ], [ 670585.026425223681144, 7191067.217056727036834 ], [ 670586.008420290891081, 7191068.092239866033196 ], [ 670587.241025797091424, 7191069.073074836283922 ], [ 670588.794249084428884, 7191070.147049413993955 ], [ 670590.592040300602093, 7191071.195633310824633 ], [ 670593.147217027610168, 7191072.521072596311569 ], [ 670595.927247333340347, 7191073.857070919126272 ], [ 670598.82965314714238, 7191075.139236195012927 ], [ 670602.247073763865046, 7191076.507644064724445 ], [ 670605.543034349568188, 7191077.689040189608932 ], [ 670609.089422234334052, 7191078.813856657594442 ], [ 670612.660224160877988, 7191079.799024648964405 ], [ 670616.082832652260549, 7191080.608472406864166 ], [ 670619.471444526454434, 7191081.283276580274105 ], [ 670622.592478169826791, 7191081.795422076247633 ], [ 670625.887645144597627, 7191082.224437628872693 ], [ 670634.071851527551189, 7191082.802255934104323 ], [ 670665.646262002876028, 7191084.152042316272855 ], [ 670668.250876944744959, 7191084.131839141249657 ], [ 670670.840294074383564, 7191083.849611973389983 ], [ 670673.387841023970395, 7191083.30786325968802 ], [ 670675.868066126247868, 7191082.512452384456992 ], [ 670678.255700820474885, 7191081.471069782972336 ] ] ] ] } },
{ "type": "Feature", "properties": { "CODIGO": null, "CODIGO_SMM": "1272", "TIPO": "PARQUE", "NOME": "ITALIANO", "TEXTO_MAPA": "PARQUE ITALIANO" }, "geometry": { "type": "MultiPolygon", "coordinates": [ [ [ [ 665201.153736651875079, 7189580.698763135820627 ], [ 665309.283827722654678, 7189872.415005579590797 ], [ 665325.240017757751048, 7189918.246984794735909 ], [ 665330.599641357315704, 7189933.642007349058986 ], [ 665336.866614346625283, 7189951.643231587484479 ], [ 665311.253206165856682, 7189961.091420323587954 ], [ 665312.980807659681886, 7189965.84123813547194 ], [ 665295.191622529178858, 7189986.616820907220244 ], [ 665268.381621331558563, 7190003.817026098258793 ], [ 665244.880649758153595, 7190060.194487127475441 ], [ 665222.460246737580746, 7190125.983266367577016 ], [ 665242.882861158810556, 7190134.199512061662972 ], [ 665247.731680091703311, 7190142.98607349395752 ], [ 665289.458681206218898, 7190144.952069166116416 ], [ 665301.656439746264368, 7190152.141704890877008 ], [ 665310.321665463387035, 7190158.544292764738202 ], [ 665314.427502647042274, 7190164.313458523713052 ], [ 665316.300855926703662, 7190168.020490385591984 ], [ 665359.686683404375799, 7190232.793265111744404 ], [ 665373.223677602247335, 7190249.591057417914271 ], [ 665391.850882497616112, 7190263.342705329880118 ], [ 665394.693901078542694, 7190264.6237109657377 ], [ 665402.47893003502395, 7190227.953655730932951 ], [ 665424.369743381161243, 7190225.326453426852822 ], [ 665455.98174916068092, 7190214.984281323850155 ], [ 665460.561706176609732, 7190213.754238583147526 ], [ 665537.138927361695096, 7190171.215820975601673 ], [ 665540.208507130504586, 7190165.587034690193832 ], [ 665565.545547317247838, 7190152.426198529079556 ], [ 665554.094126872601919, 7190145.292653985321522 ], [ 665540.455936786835082, 7190130.662220675498247 ], [ 665515.228325854986906, 7190109.507618011906743 ], [ 665507.136706184246577, 7190090.49241681303829 ], [ 665477.36790163978003, 7190101.146234141662717 ], [ 665442.829676690860651, 7190061.532399907708168 ], [ 665487.405672116670758, 7190035.997594246640801 ], [ 665543.562724502990022, 7190006.585160743445158 ], [ 665525.44449247000739, 7189995.640398249030113 ], [ 665483.763084012782201, 7189990.523766977712512 ], [ 665464.037234566174448, 7189919.033151330426335 ], [ 665450.546070366865024, 7189864.825375949963927 ], [ 665403.402584818424657, 7189660.364942897111177 ], [ 665395.14159678586293, 7189662.704117517918348 ], [ 665387.391595117980614, 7189664.554156165570021 ], [ 665381.701591294258833, 7189665.114155001938343 ], [ 665376.661611837334931, 7189664.574116794392467 ], [ 665369.811572952196002, 7189662.2241419441998 ], [ 665366.931566921761259, 7189660.254110255278647 ], [ 665336.321567759267054, 7189631.114154986105859 ], [ 665325.781585486489348, 7189623.654133125208318 ], [ 665247.361938629182987, 7189575.317160758189857 ], [ 665244.02331439324189, 7189573.733909047208726 ], [ 665240.547116945614107, 7189572.494712630286813 ], [ 665235.109127142466605, 7189572.012963091954589 ], [ 665229.430109613807872, 7189572.391565391793847 ], [ 665224.612359438091516, 7189572.954920986667275 ], [ 665201.153736651875079, 7189580.698763135820627 ] ] ] ] } },
{ "type": "Feature", "properties": { "CODIGO": null, "CODIGO_SMM": "0333", "TIPO": "PARQUE", "NOME": "BARREIRINHA", "TEXTO_MAPA": "PARQUE BARREIRINHA" }, "geometry": { "type": "MultiPolygon", "coordinates": [ [ [ [ 674792.604953361093067, 7193802.113343541510403 ], [ 674780.419098684331402, 7193805.142704823985696 ], [ 674781.774508306290954, 7193812.518133778125048 ], [ 674783.895544006489217, 7193824.059518288820982 ], [ 674784.387121920590289, 7193827.089304161258042 ], [ 674784.722144564846531, 7193829.872935215011239 ], [ 674784.968116980511695, 7193833.063915029168129 ], [ 674785.070351612986997, 7193836.492748942226171 ], [ 674785.008706789463758, 7193839.84492271207273 ], [ 674784.806314811459742, 7193842.963514905422926 ], [ 674784.127910998882726, 7193853.132341038435698 ], [ 674782.531965319765732, 7193862.740742407739162 ], [ 674776.366320002824068, 7193890.184537736698985 ], [ 674775.091968300868757, 7193898.135773064568639 ], [ 675012.554993505706079, 7193945.733331373892725 ], [ 675010.355061813606881, 7194041.413350385613739 ], [ 675219.085105777019635, 7194077.543321238830686 ], [ 675228.12508641416207, 7194078.443282961845398 ], [ 675235.055079457815737, 7194071.353313768282533 ], [ 675243.105128763476387, 7194063.353309913538396 ], [ 675251.715114454505965, 7194053.993320221081376 ], [ 675265.475124752614647, 7194038.983303505927324 ], [ 675279.145107234711759, 7194019.513263629749417 ], [ 675291.055078944540583, 7193997.503245409578085 ], [ 675299.575096214655787, 7193975.883242655545473 ], [ 675309.185078292619437, 7193948.053277056664228 ], [ 675318.305070016998798, 7193920.283248100429773 ], [ 675325.025098242098466, 7193895.00321055855602 ], [ 675324.695078097982332, 7193880.893221460282803 ], [ 675338.075068748788908, 7193796.123176209628582 ], [ 675333.445062041515484, 7193793.333198401145637 ], [ 675306.195049712317996, 7193769.353217178955674 ], [ 675291.525060204090551, 7193756.633185085840523 ], [ 675278.275053927791305, 7193743.623174589127302 ], [ 675246.935018480638973, 7193742.633190670982003 ], [ 675191.675003180629574, 7193786.673253234475851 ], [ 675065.934970484464429, 7193744.623219437897205 ], [ 674997.454962988267653, 7193703.103264091536403 ], [ 674871.204940312542021, 7193756.003268228843808 ], [ 674786.574915949837305, 7193771.08330712467432 ], [ 674791.415132423397154, 7193795.988525241613388 ], [ 674792.604953361093067, 7193802.113343541510403 ] ] ] ] } },
{ "type": "Feature", "properties": { "CODIGO": null, "CODIGO_SMM": "0348", "TIPO": "BOSQUE", "NOME": "DOUTOR MARTIM LUTERO", "TEXTO_MAPA": "BOSQUE DOUTOR MARTIM LUTERO" }, "geometry": { "type": "MultiPolygon", "coordinates": [ [ [ [ 676116.89444301603362, 7189810.371944757178426 ], [ 676022.824437192059122, 7189934.621997600421309 ], [ 676069.784482975723222, 7189988.931999670341611 ], [ 676072.274474079720676, 7189989.952018948271871 ], [ 676074.76446484727785, 7189989.372001178562641 ], [ 676187.231270802090876, 7189892.326358396559954 ], [ 676116.89444301603362, 7189810.371944757178426 ] ] ] ] } },
{ "type": "Feature", "properties": { "CODIGO": null, "CODIGO_SMM": "1281", "TIPO": "BOSQUE", "NOME": "PROFESSOR ERWIN GRÖGER", "TEXTO_MAPA": "BOSQUE PROFESSOR ERWIN GRÖGER" }, "geometry": { "type": "MultiPolygon", "coordinates": [ [ [ [ 673551.393144635483623, 7191503.766549298539758 ], [ 673582.224512779153883, 7191504.328737858682871 ], [ 673582.224510660977103, 7191494.147949003614485 ], [ 673613.662141116335988, 7191494.444146153517067 ], [ 673658.364534317050129, 7191440.579132214188576 ], [ 673657.588715272489935, 7191435.923491481691599 ], [ 673644.708155045984313, 7191423.353300373069942 ], [ 673633.477496110950597, 7191403.616542063653469 ], [ 673492.193110560881905, 7191473.995740661397576 ], [ 673551.416940808063373, 7191467.501769088208675 ], [ 673551.322891687741503, 7191496.731330146081746 ], [ 673551.393144635483623, 7191503.766549298539758 ] ] ] ] } },
{ "type": "Feature", "properties": { "CODIGO": null, "CODIGO_SMM": "0357", "TIPO": "BOSQUE", "NOME": "ALEMÃO", "TEXTO_MAPA": "BOSQUE ALEMÃO" }, "geometry": { "type": "MultiPolygon", "coordinates": [ [ [ [ 672274.430476801237091, 7189195.634608214721084 ], [ 672274.77269147138577, 7189149.443983130156994 ], [ 672337.965335074579343, 7189149.911987776868045 ], [ 672341.060303335543722, 7189134.171382388100028 ], [ 672344.761717166053131, 7189118.904165670275688 ], [ 672346.328916213358752, 7189113.72856583353132 ], [ 672350.530880147358403, 7189101.634750731289387 ], [ 672351.986324104946107, 7189097.954756781458855 ], [ 672353.917476006783545, 7189093.367169719189405 ], [ 672355.739497128757648, 7189089.302348932251334 ], [ 672357.947504562325776, 7189084.673135824501514 ], [ 672360.569513463764451, 7189079.53116615023464 ], [ 672362.978875971632078, 7189075.099767996929586 ], [ 672365.479486080585048, 7189070.759739476256073 ], [ 672367.828912166762166, 7189066.892184257507324 ], [ 672370.708489628043026, 7189062.399140481837094 ], [ 672373.606316652498208, 7189058.123381916433573 ], [ 672376.866692541865632, 7189053.574368810281157 ], [ 672380.476677869213745, 7189048.882350220344961 ], [ 672391.023125811712816, 7189036.436116722412407 ], [ 672393.559502842603251, 7189033.598346892744303 ], [ 672422.760321801062673, 7189060.930318299680948 ], [ 672427.364692050032318, 7189055.726763725280762 ], [ 672398.189324762090109, 7189028.418534995988011 ], [ 672464.608517701621167, 7188961.182480540126562 ], [ 672495.970701960730366, 7188929.43447982519865 ], [ 672505.618285140022635, 7188918.05666720494628 ], [ 672508.738890611915849, 7188914.123682122677565 ], [ 672512.860289009753615, 7188906.356284197419882 ], [ 672516.189328473061323, 7188897.003680940717459 ], [ 672519.201106882886961, 7188886.541458315216005 ], [ 672520.944696811959147, 7188877.66468558833003 ], [ 672522.331719430163503, 7188869.589670961722732 ], [ 672387.959856552071869, 7188862.085485335439444 ], [ 672384.813868948142044, 7188907.138293300755322 ], [ 672382.454863467253745, 7188926.135308085009456 ], [ 672378.353852863423526, 7188943.810118293389678 ], [ 672372.094455302460119, 7188960.707340848632157 ], [ 672363.534702786710113, 7188975.911753375083208 ], [ 672351.323277000105008, 7188991.350968964397907 ], [ 672337.628268865752034, 7189004.780968019738793 ], [ 672322.411104214377701, 7189016.480131970718503 ], [ 672314.955903048394248, 7189021.233552737161517 ], [ 672296.29427938000299, 7189032.41898435447365 ], [ 672279.322658595396206, 7189043.607345310971141 ], [ 672266.549097728682682, 7189053.525380357168615 ], [ 672252.000085411709733, 7189066.708370245993137 ], [ 672210.530295787728392, 7189109.488419420085847 ], [ 672194.042868230957538, 7189126.537194423377514 ], [ 672181.090291921049356, 7189139.930633257143199 ], [ 672155.85768571542576, 7189166.02219810243696 ], [ 672155.607685709255747, 7189166.309429675340652 ], [ 672155.426289230817929, 7189166.567608492448926 ], [ 672155.272846864419989, 7189166.843426467850804 ], [ 672155.149067594553344, 7189167.133648738265038 ], [ 672155.056050054961815, 7189167.43522354401648 ], [ 672154.995075981132686, 7189167.744854986667633 ], [ 672154.966694691684097, 7189168.05900302529335 ], [ 672154.97127239452675, 7189168.374615900218487 ], [ 672155.008442879654467, 7189168.687848396599293 ], [ 672155.078267178847454, 7189168.995648757554591 ], [ 672155.179890803294256, 7189169.294415904209018 ], [ 672155.311848904239014, 7189169.581037047319114 ], [ 672155.473042850382626, 7189169.852216286584735 ], [ 672155.661641584592871, 7189170.105207037180662 ], [ 672155.919881456298754, 7189170.385236353613436 ], [ 672173.065458253258839, 7189187.134016543626785 ], [ 672173.855070431251079, 7189187.883406227454543 ], [ 672174.593901327461936, 7189188.54582080245018 ], [ 672175.212065661791712, 7189189.071028331294656 ], [ 672176.091460569063202, 7189189.776228531263769 ], [ 672176.843047796166502, 7189190.343000987544656 ], [ 672177.607269299565814, 7189190.886641109362245 ], [ 672178.578705235035159, 7189191.533857878297567 ], [ 672179.451264169532806, 7189192.075850028544664 ], [ 672180.401276737684384, 7189192.625654665753245 ], [ 672181.402864026138559, 7189193.162825010716915 ], [ 672182.403291636146605, 7189193.657636946067214 ], [ 672183.482698758249171, 7189194.147016736678779 ], [ 672184.605684987967834, 7189194.609602076932788 ], [ 672185.728304996504448, 7189195.026655176654458 ], [ 672186.906100796186365, 7189195.416852790862322 ], [ 672188.106906847911887, 7189195.767011327669024 ], [ 672189.225681614247151, 7189196.051251893863082 ], [ 672190.345493969041854, 7189196.295819599181414 ], [ 672191.581456253072247, 7189196.520611884072423 ], [ 672192.806676337495446, 7189196.698223982006311 ], [ 672193.897680065361783, 7189196.814007479697466 ], [ 672197.301489583333023, 7189196.972820295020938 ], [ 672209.027872068691067, 7189197.059609889984131 ], [ 672242.11772453924641, 7189197.304598240181804 ], [ 672272.229487867560238, 7189197.637783027254045 ], [ 672274.430476801237091, 7189195.634608214721084 ] ] ] ] } },
{ "type": "Feature", "properties": { "CODIGO": null, "CODIGO_SMM": "0355", "TIPO": "BOSQUE", "NOME": "DE PORTUGAL", "TEXTO_MAPA": "BOSQUE DE PORTUGAL" }, "geometry": { "type": "MultiPolygon", "coordinates": [ [ [ [ 677649.761261923587881, 7187907.987144770100713 ], [ 677757.221238667843863, 7187850.801315812394023 ], [ 677825.830263837589882, 7187843.822905795648694 ], [ 677947.971705333329737, 7187802.70964871533215 ], [ 678004.855508749373257, 7187800.565226833336055 ], [ 678010.934485262492672, 7187779.191013371571898 ], [ 678011.514502085512504, 7187777.231051793321967 ], [ 678013.066501675988548, 7187764.27102608140558 ], [ 677950.342303085024469, 7187763.648236569017172 ], [ 677925.578869458055124, 7187766.253039901144803 ], [ 677904.969246124033816, 7187771.744439784437418 ], [ 677828.371272036340088, 7187805.891681897453964 ], [ 677743.290258534252644, 7187816.702493892982602 ], [ 677730.894622686551884, 7187803.861123528331518 ], [ 677728.744415200082585, 7187806.641092979349196 ], [ 677671.574423229787499, 7187833.991148974746466 ], [ 677666.69441664556507, 7187831.971129951998591 ], [ 677670.494040073826909, 7187835.994506666436791 ], [ 677672.252220969414338, 7187844.098695434629917 ], [ 677667.30465049459599, 7187851.677922116592526 ], [ 677600.004835230996832, 7187884.322537323459983 ], [ 677600.041029368760064, 7187885.64217877574265 ], [ 677649.761261923587881, 7187907.987144770100713 ] ] ] ] } },
{ "type": "Feature", "properties": { "CODIGO": null, "CODIGO_SMM": "0326", "TIPO": "PARQUE", "NOME": "NATURAL MUNICIPAL DO GUAIRAÇÁ", "TEXTO_MAPA": "PQ. NAT. MUN. GUAIRAÇÁ" }, "geometry": { "type": "MultiPolygon", "coordinates": [ [ [ [ 668675.543902875040658, 7181900.110862820409238 ], [ 668685.803486420540139, 7181892.338214714080095 ], [ 668688.936912505188957, 7181904.395468140020967 ], [ 668693.037868556566536, 7181918.5514767896384 ], [ 668699.150910447817296, 7181934.531460109166801 ], [ 668707.192908506258391, 7181953.476470652036369 ], [ 668710.378884888952598, 7181960.659455243498087 ], [ 668720.791910412721336, 7181950.699428614228964 ], [ 668732.746500976965763, 7181939.298056090250611 ], [ 668730.598489752970636, 7181937.196432452648878 ], [ 668751.711101347813383, 7181919.333447536453605 ], [ 668753.752115979092196, 7181911.870859764516354 ], [ 668754.719704362098128, 7181901.035041367635131 ], [ 668753.519689296372235, 7181888.413212210871279 ], [ 668746.273284411639906, 7181868.040649875067174 ], [ 668741.108912980766036, 7181855.951048219576478 ], [ 668737.322716743103229, 7181848.876828426495194 ], [ 668731.720296889077872, 7181841.746639749966562 ], [ 668717.157485009171069, 7181826.83642159961164 ], [ 668688.863283767714165, 7181803.972224703989923 ], [ 668675.376889212755486, 7181794.185420731082559 ], [ 668658.399649260565639, 7181785.446042048744857 ], [ 668536.548411263735034, 7181731.683235570788383 ], [ 668458.960014414857142, 7181740.036830048076808 ], [ 668291.190120266983286, 7181664.402445193380117 ], [ 668181.305500159971416, 7181615.856861708685756 ], [ 668155.907907859073021, 7181601.626699624583125 ], [ 668147.939276468940079, 7181594.458486510440707 ], [ 668141.383914214326069, 7181585.978505197912455 ], [ 668136.741088994080201, 7181577.151050265878439 ], [ 668112.602277011843398, 7181517.977883290499449 ], [ 668098.283663921640255, 7181488.445468970574439 ], [ 667840.547302521532401, 7181040.41739153303206 ], [ 667823.461117082857527, 7181042.955603627488017 ], [ 667797.252676983596757, 7181050.750227587297559 ], [ 667749.454877930227667, 7181068.283627904951572 ], [ 667758.130909594590776, 7181088.582032209262252 ], [ 667754.783864716766402, 7181097.85162752866745 ], [ 667742.222279204055667, 7181108.429635681211948 ], [ 667705.446459332946688, 7181144.59725483506918 ], [ 667761.413105851854198, 7181237.16165925655514 ], [ 667893.392789720441215, 7181417.373470639809966 ], [ 667918.232587536447681, 7181461.183474374935031 ], [ 668010.732455484801903, 7181598.523334548808634 ], [ 668034.209883753908798, 7181625.011312655173242 ], [ 668048.49425246194005, 7181636.438925 ], [ 668072.21508719807025, 7181654.002889547497034 ], [ 668098.07129824324511, 7181670.531880255788565 ], [ 668125.317270410945639, 7181638.78510151617229 ], [ 668146.503130806609988, 7181653.587896432727575 ], [ 668165.515711102983914, 7181664.724064877256751 ], [ 668178.417322022491135, 7181646.52605957724154 ], [ 668213.998329388326965, 7181669.884700944647193 ], [ 668461.164001749129966, 7181776.084263131022453 ], [ 668459.522217365098186, 7181779.550450872629881 ], [ 668474.882635132875293, 7181785.893283862620592 ], [ 668635.292664176551625, 7181861.533224379643798 ], [ 668655.432686893735081, 7181876.213216735050082 ], [ 668668.46266124676913, 7181890.013266455382109 ], [ 668675.543902875040658, 7181900.110862820409238 ] ] ] ] } },
{ "type": "Feature", "properties": { "CODIGO": null, "CODIGO_SMM": "0346", "TIPO": "PARQUE", "NOME": "MUNICIPAL TANGUÁ", "TEXTO_MAPA": "PQ. MUN. TANGUÁ" }, "geometry": { "type": "MultiPolygon", "coordinates": [ [ [ [ 672919.950022305361927, 7191981.703636970371008 ], [ 672921.02886681444943, 7191918.02179595362395 ], [ 672898.979056525742635, 7191919.21760162524879 ], [ 672866.336408135248348, 7191916.46583763230592 ], [ 672858.365641329903156, 7191913.90364377386868 ], [ 672828.013396321679465, 7191899.083821873180568 ], [ 672821.162625192082487, 7191897.781027533113956 ], [ 672831.269623848376796, 7191904.283834798261523 ], [ 672845.633216382353567, 7191915.374044753611088 ], [ 672846.953407368040644, 7191916.370443673804402 ], [ 672847.994240319938399, 7191917.124227840453386 ], [ 672849.089638718171045, 7191917.888815220445395 ], [ 672850.109048309968784, 7191918.574606208130717 ], [ 672851.148843646980822, 7191919.249227756634355 ], [ 672852.234842612175271, 7191919.928243825212121 ], [ 672853.385416790610179, 7191920.619833128526807 ], [ 672854.869243044173345, 7191921.470846232958138 ], [ 672856.294048269744962, 7191922.246236769482493 ], [ 672857.659039012971334, 7191922.951986188068986 ], [ 672859.118023923248984, 7191923.667989496141672 ], [ 672860.220014068298042, 7191924.18300405330956 ], [ 672861.26341043820139, 7191924.650411188602448 ], [ 672896.216059610946104, 7191939.995622901245952 ], [ 672897.734248648863286, 7191940.767412343993783 ], [ 672899.129451833316125, 7191941.623613456264138 ], [ 672900.275265295989811, 7191942.445207677781582 ], [ 672901.522824436426163, 7191943.483598810620606 ], [ 672902.632627198006958, 7191944.558000723831356 ], [ 672903.72045733127743, 7191945.782427096739411 ], [ 672904.806456454098225, 7191947.226641124114394 ], [ 672905.708861775696278, 7191948.660784388892353 ], [ 672906.493041981826536, 7191950.162188436836004 ], [ 672907.2016606843099, 7191951.847796651534736 ], [ 672907.711060556117445, 7191953.407428311184049 ], [ 672908.092652780236676, 7191954.977435977198184 ], [ 672908.341249348130077, 7191956.477985644713044 ], [ 672908.477052904199809, 7191957.911030434072018 ], [ 672908.507448787451722, 7191959.684041157364845 ], [ 672907.814460944849998, 7191986.243801835924387 ], [ 672906.530230075586587, 7192035.425822118297219 ], [ 672917.079671528190374, 7192036.280861666426063 ], [ 672924.540244901319966, 7192036.783240623772144 ], [ 673007.585861774045043, 7192044.347007174044847 ], [ 673007.58329786977265, 7192042.289023224264383 ], [ 673007.57810903317295, 7192038.206014317460358 ], [ 673007.56870810338296, 7192030.908221837133169 ], [ 673007.55985660222359, 7192024.149186823517084 ], [ 672941.500267578754574, 7192018.468595969490707 ], [ 672942.154679627274163, 7191984.360432396642864 ], [ 672922.417247593519278, 7191984.17080020532012 ], [ 672919.950022305361927, 7191981.703636970371008 ] ] ] ] } },
{ "type": "Feature", "properties": { "CODIGO": null, "CODIGO_SMM": "0344", "TIPO": "PARQUE", "NOME": "DIADEMA", "TEXTO_MAPA": "PARQUE DIADEMA" }, "geometry": { "type": "MultiPolygon", "coordinates": [ [ [ [ 666347.640014073462225, 7179558.461504149250686 ], [ 666264.445223696297035, 7179526.569728017784655 ], [ 666258.476779474876821, 7179537.086516534909606 ], [ 666254.073034494300373, 7179555.536534287035465 ], [ 666254.752787126926705, 7179575.227151922881603 ], [ 666284.170059946132824, 7179721.211557988077402 ], [ 666285.350052333902568, 7179718.281564336270094 ], [ 666303.210032666916959, 7179670.701531641185284 ], [ 666311.800056983483955, 7179647.191575249657035 ], [ 666347.640014073462225, 7179558.461504149250686 ] ] ] ] } },
{ "type": "Feature", "properties": { "CODIGO": null, "CODIGO_SMM": "0326", "TIPO": "PARQUE", "NOME": "NATURAL MUNICIPAL DO GUAIRAÇÁ", "TEXTO_MAPA": "PQ. NAT. MUN. GUAIRAÇÁ" }, "geometry": { "type": "MultiPolygon", "coordinates": [ [ [ [ 668463.841176840360276, 7181723.418050400912762 ], [ 668543.072823580587283, 7181714.887453591451049 ], [ 668479.358812521328218, 7181686.775642882101238 ], [ 668463.841176840360276, 7181723.418050400912762 ] ] ] ] } },
{ "type": "Feature", "properties": { "CODIGO": null, "CODIGO_SMM": "0326", "TIPO": "PARQUE", "NOME": "NATURAL MUNICIPAL DO GUAIRAÇÁ", "TEXTO_MAPA": "PQ. NAT. MUN. GUAIRAÇÁ" }, "geometry": { "type": "MultiPolygon", "coordinates": [ [ [ [ 668801.842052319552749, 7181706.145760817453265 ], [ 668813.06488259579055, 7181647.294730325229466 ], [ 668814.094847947591916, 7181631.637926800176501 ], [ 668754.073042593081482, 7181628.553587580099702 ], [ 668726.133032929268666, 7181627.783573506399989 ], [ 668656.517414530622773, 7181626.757769460789859 ], [ 668657.037244740407914, 7181595.388193473219872 ], [ 668632.513611176400445, 7181561.982184045016766 ], [ 668597.937789436429739, 7181525.716556778177619 ], [ 668593.128219564678147, 7181533.905585721135139 ], [ 668529.04598165396601, 7181497.509959504008293 ], [ 668531.352986936690286, 7181486.953559858724475 ], [ 668516.232987294439226, 7181483.473581559956074 ], [ 668439.722712907590903, 7181477.809166865423322 ], [ 668435.428156698239036, 7181480.484583455137908 ], [ 668340.59894808230456, 7181673.513460494577885 ], [ 668447.239792876411229, 7181721.589623112231493 ], [ 668478.967202755622566, 7181646.671628810465336 ], [ 668801.842052319552749, 7181706.145760817453265 ] ] ] ] } },
{ "type": "Feature", "properties": { "CODIGO": null, "CODIGO_SMM": "1353", "TIPO": "BOSQUE", "NOME": "DOS MUNDIAIS", "TEXTO_MAPA": "BOSQUE DOS MUNDIAIS" }, "geometry": { "type": "MultiPolygon", "coordinates": [ [ [ [ 670636.658962294342928, 7180706.522940037772059 ], [ 670636.109511804650538, 7180648.510718366131186 ], [ 670670.455955942743458, 7180648.236114095896482 ], [ 670670.455947277951054, 7180605.921100895851851 ], [ 670729.257533014868386, 7180587.511294137686491 ], [ 670729.171348706120625, 7180574.595702491700649 ], [ 670637.20850216166582, 7180604.821925295516849 ], [ 670618.523928270791657, 7180610.317352879792452 ], [ 670602.312316259834915, 7180614.988499963656068 ], [ 670582.803522906964645, 7180618.011148767545819 ], [ 670562.325673694023862, 7180618.888533553108573 ], [ 670553.609668138786219, 7180619.169541266746819 ], [ 670512.168494547600858, 7180614.029961036518216 ], [ 670487.457305984338745, 7180610.592160040512681 ], [ 670486.893713101278991, 7180639.403141601011157 ], [ 670521.529100221581757, 7180651.258545247837901 ], [ 670551.633480879710987, 7180665.733152141794562 ], [ 670571.173525065882131, 7180666.733148399740458 ], [ 670590.771918599144556, 7180666.371144784614444 ], [ 670612.202718331478536, 7180706.459773640148342 ], [ 670636.658962294342928, 7180706.522940037772059 ] ] ] ] } },
{ "type": "Feature", "properties": { "CODIGO": null, "CODIGO_SMM": "1218", "TIPO": "BOSQUE", "NOME": "IRMÃ CLEMENTINA", "TEXTO_MAPA": "BOSQUE IRMÃ CLEMENTINA" }, "geometry": { "type": "MultiPolygon", "coordinates": [ [ [ [ 679251.272894334513694, 7188120.840678952634335 ], [ 679239.603090399177745, 7188115.779034619219601 ], [ 679238.798098848084919, 7188121.989058402366936 ], [ 679235.899113938212395, 7188134.377062775194645 ], [ 679230.364080524537712, 7188144.65605837199837 ], [ 679224.565130402799696, 7188152.036066444590688 ], [ 679218.503118971129879, 7188160.734068087302148 ], [ 679209.542119910824113, 7188169.168093229644001 ], [ 679202.262089820578694, 7188174.307073199190199 ], [ 679197.975285248714499, 7188177.781257163733244 ], [ 679192.785282226162963, 7188181.381295849569142 ], [ 679184.705324773211032, 7188184.681286247447133 ], [ 679177.955079279723577, 7188186.581068472005427 ], [ 679170.47528026602231, 7188187.981277966871858 ], [ 679160.435300157405436, 7188190.481280782260001 ], [ 679150.325312747620046, 7188193.181295872665942 ], [ 679149.249262747121975, 7188193.578513005748391 ], [ 679144.270868244348094, 7188195.205101416446269 ], [ 679140.536675635492429, 7188196.416101072914898 ], [ 679137.508904109476134, 7188197.627283683046699 ], [ 679132.967277251998894, 7188199.040309933014214 ], [ 679131.453299914370291, 7188199.544888028874993 ], [ 679127.920889627188444, 7188200.957914060913026 ], [ 679122.773671922739595, 7188202.976287280209363 ], [ 679119.544057081220672, 7188204.187530970200896 ], [ 679115.80986458202824, 7188205.903108395636082 ], [ 679105.468859973130748, 7188212.922887857072055 ], [ 679100.552905684220605, 7188220.296914294362068 ], [ 679098.094898594310507, 7188226.647929678671062 ], [ 679097.274892771849409, 7188234.635908033698797 ], [ 679098.955072118667886, 7188249.200303601101041 ], [ 679099.157099167117849, 7188252.127306284382939 ], [ 679099.258112939773127, 7188254.751330390572548 ], [ 679100.065303895156831, 7188258.48570620175451 ], [ 679100.570065462146886, 7188261.715321202762425 ], [ 679100.872922550421208, 7188264.339345267042518 ], [ 679101.276487952796742, 7188268.275503443554044 ], [ 679101.982910468010232, 7188274.93651579041034 ], [ 679102.285706844646484, 7188279.074517304077744 ], [ 679103.295107519370504, 7188283.71715747192502 ], [ 679104.001468542497605, 7188288.258723458275199 ], [ 679104.506108342669904, 7188292.901546839624643 ], [ 679104.808904287754558, 7188295.020932098850608 ], [ 679105.414495807955973, 7188297.543942888267338 ], [ 679105.817694480065256, 7188299.057737145572901 ], [ 679106.423713397816755, 7188302.287535231560469 ], [ 679106.423714048345573, 7188305.315307024866343 ], [ 679167.725306432927027, 7188313.121326189488173 ], [ 679190.51913629588671, 7188316.249923191964626 ], [ 679293.537171881063841, 7188331.713100932538509 ], [ 679293.615539183025248, 7188323.067285646684468 ], [ 679226.240918291616254, 7188180.894472124986351 ], [ 679247.556525652296841, 7188129.756636690348387 ], [ 679251.272894334513694, 7188120.840678952634335 ] ] ] ] } },
{ "type": "Feature", "properties": { "CODIGO": null, "CODIGO_SMM": "0834", "TIPO": "PARQUE", "NOME": "TÚLIO VARGAS", "TEXTO_MAPA": "PARQUE TÚLIO VARGAS" }, "geometry": { "type": "MultiPolygon", "coordinates": [ [ [ [ 665975.937082333257422, 7183448.904770912602544 ], [ 665978.500927958055399, 7183459.940600881353021 ], [ 665915.522520853905007, 7183472.569034638814628 ], [ 665914.210507460986264, 7183465.84479000326246 ], [ 665887.641287925187498, 7183471.421029636636376 ], [ 665886.348501194617711, 7183467.619637312367558 ], [ 665884.999683173140511, 7183458.77722807880491 ], [ 665878.189867239096202, 7183460.06458328012377 ], [ 665868.403670192346908, 7183456.531625332310796 ], [ 665864.675090729957446, 7183447.216987444087863 ], [ 665859.014254866167903, 7183413.125610161572695 ], [ 665855.831698050256819, 7183413.867432273924351 ], [ 665852.904085148358718, 7183414.615785099565983 ], [ 665850.622285374905914, 7183415.2478047600016 ], [ 665848.458893836592324, 7183415.886782405897975 ], [ 665846.085663399659097, 7183416.633181995712221 ], [ 665843.361297653056681, 7183417.54938150383532 ], [ 665840.846282543498091, 7183418.452824620530009 ], [ 665838.608245032140985, 7183419.304204678162932 ], [ 665835.896086354972795, 7183420.397406183183193 ], [ 665833.474882329930551, 7183421.431403513066471 ], [ 665830.973050861153752, 7183422.558784672990441 ], [ 665828.43368277780246, 7183423.766427090391517 ], [ 665826.259854314266704, 7183424.851999090984464 ], [ 665824.365444847731851, 7183425.838205777108669 ], [ 665823.646694774506614, 7183426.395640145987272 ], [ 665822.974087315844372, 7183427.069834788329899 ], [ 665822.491238194284961, 7183427.684398030862212 ], [ 665822.023281682864763, 7183428.44520154222846 ], [ 665821.667690925300121, 7183429.215038238093257 ], [ 665821.406277442816645, 7183430.010021405294538 ], [ 665821.231045635533519, 7183430.871838068589568 ], [ 665821.161648809327744, 7183431.695385657250881 ], [ 665821.180691934772767, 7183432.464428819715977 ], [ 665821.275845915544778, 7183433.20240506529808 ], [ 665819.843472643056884, 7183433.904798108153045 ], [ 665818.504849389661103, 7183434.583021204918623 ], [ 665818.432644788641483, 7183434.61982542835176 ], [ 665817.904446313739754, 7183434.124219939112663 ], [ 665817.330044223810546, 7183433.683240935206413 ], [ 665816.714870651019737, 7183433.301221914589405 ], [ 665816.065090148011222, 7183432.981641884893179 ], [ 665815.386684162309393, 7183432.727796738967299 ], [ 665814.686854845262133, 7183432.542188920080662 ], [ 665813.971888819360174, 7183432.426405341364443 ], [ 665813.249049271224067, 7183432.381788775324821 ], [ 665812.525477315066382, 7183432.408827498555183 ], [ 665811.807886819238774, 7183432.507033233530819 ], [ 665811.440088891424239, 7183432.595229130238295 ], [ 665810.796839265036397, 7183432.845412428490818 ], [ 665810.134241511463188, 7183433.204604546539485 ], [ 665780.524862269754522, 7183449.847009740769863 ], [ 665780.265035524731502, 7183449.759241215884686 ], [ 665778.117086039856076, 7183451.171839662827551 ], [ 665778.081258455873467, 7183451.482630765065551 ], [ 665777.386678330716677, 7183452.13564620912075 ], [ 665776.695088954642415, 7183452.927638737484813 ], [ 665776.084676372120157, 7183453.78384025208652 ], [ 665775.561055814963765, 7183454.695827895775437 ], [ 665775.129659410333261, 7183455.654629497788846 ], [ 665774.794271340128034, 7183456.65145599283278 ], [ 665774.558431640733033, 7183457.67605347186327 ], [ 665774.424276540405117, 7183458.719022516161203 ], [ 665774.393087775795721, 7183459.770048184320331 ], [ 665774.465231557376683, 7183460.819242775440216 ], [ 665774.640036496683024, 7183461.85604720748961 ], [ 665774.915671533439308, 7183462.870817922055721 ], [ 665775.289634226821363, 7183463.853606186807156 ], [ 665775.758262463146821, 7183464.795012585818768 ], [ 665776.316856533056125, 7183465.685820810496807 ], [ 665776.96028947934974, 7183466.517424900084734 ], [ 665777.682274679420516, 7183467.282012356445193 ], [ 665778.475671014748514, 7183467.972014816477895 ], [ 665779.333093229448423, 7183468.580840487033129 ], [ 665783.474269026424736, 7183470.719634160399437 ], [ 665786.494289682130329, 7183472.497649154625833 ], [ 665788.634244097047485, 7183473.78262220416218 ], [ 665792.034269797615707, 7183475.887846680358052 ], [ 665794.534270760021172, 7183477.518644942902029 ], [ 665797.404267002595589, 7183479.498625351116061 ], [ 665799.404267804697156, 7183480.972624357789755 ], [ 665801.364290583645925, 7183482.505644381046295 ], [ 665803.274264534120448, 7183484.103849979117513 ], [ 665805.484287468832918, 7183486.117644004523754 ], [ 665806.914280790369958, 7183487.52462650462985 ], [ 665808.304296083748341, 7183488.986845842562616 ], [ 665809.644262549001724, 7183490.507842062041163 ], [ 665811.244299971032888, 7183492.486846159212291 ], [ 665812.724281228263862, 7183494.548858115449548 ], [ 665813.824257432832383, 7183496.254851988516748 ], [ 665814.824258037144318, 7183498.006622260436416 ], [ 665815.924295387114398, 7183500.259857486002147 ], [ 665816.834269224549644, 7183502.576630363240838 ], [ 665817.424296607263386, 7183504.472626827657223 ], [ 665817.854289777111262, 7183506.403657512739301 ], [ 665818.154278036556207, 7183508.366853759624064 ], [ 665818.354290790273808, 7183510.855623892508447 ], [ 665818.41428876388818, 7183512.866854866966605 ], [ 665818.404279398499057, 7183514.891635663807392 ], [ 665818.374494638293982, 7183516.921848595142365 ], [ 665818.314497568528168, 7183519.458653459325433 ], [ 665818.284285561181605, 7183521.48062664270401 ], [ 665818.33427386591211, 7183523.988867025822401 ], [ 665818.50450145220384, 7183526.464636672288179 ], [ 665818.854294505435973, 7183528.895850608125329 ], [ 665819.30430720676668, 7183530.800636164844036 ], [ 665819.924302851664834, 7183532.664650194346905 ], [ 665820.724291211925447, 7183534.482643668539822 ], [ 665821.684313782257959, 7183536.262856338173151 ], [ 665822.764270460582338, 7183538.008645148016512 ], [ 665824.234303000150248, 7183540.153664940036833 ], [ 665825.784291610238142, 7183542.268655410036445 ], [ 665827.334280214854516, 7183544.366861209273338 ], [ 665828.544302829541266, 7183546.039651927538216 ], [ 665829.954276750795543, 7183548.134867031127214 ], [ 665830.954277341254056, 7183549.821634844876826 ], [ 665831.814507391187362, 7183551.525858744978905 ], [ 665832.504510352038778, 7183553.251872235909104 ], [ 665833.054315618937835, 7183555.451640760526061 ], [ 665833.234308697632514, 7183557.2486382573843 ], [ 665833.194514129310846, 7183559.077862369827926 ], [ 665832.864314310834743, 7183561.402631102129817 ], [ 665832.414302366436459, 7183563.290632165968418 ], [ 665831.814510111464188, 7183565.200666956603527 ], [ 665831.084285699063912, 7183567.127669551409781 ], [ 665830.474300481961109, 7183568.583663701079786 ], [ 665829.574276226339862, 7183570.534653151407838 ], [ 665828.864315399783663, 7183572.004868515767157 ], [ 665827.864315536338836, 7183573.971666095778346 ], [ 665827.530514310114086, 7183574.620470041409135 ], [ 665853.76673007872887, 7183589.789230939000845 ], [ 665886.048543563112617, 7183619.597032492980361 ], [ 665889.809536649379879, 7183648.72527411673218 ], [ 665939.290932219941169, 7183642.002850427292287 ], [ 665983.260973990778439, 7183636.012849897146225 ], [ 666023.790951708564535, 7183631.542808936908841 ], [ 666028.260984460008331, 7183630.892844500020146 ], [ 666029.76098475093022, 7183630.432822110131383 ], [ 666032.200987659860402, 7183629.652853161096573 ], [ 666033.260985455242917, 7183629.482808960601687 ], [ 666034.740966184413992, 7183628.892842693254352 ], [ 666035.080932044307701, 7183628.652852330356836 ], [ 666035.65093928470742, 7183627.502827504649758 ], [ 666041.110960288671777, 7183615.642838008701801 ], [ 666046.710934740374796, 7183602.772838459350169 ], [ 666050.22094408236444, 7183596.142831169068813 ], [ 666053.530941138975322, 7183589.382819001562893 ], [ 666057.740962827811018, 7183582.562809081748128 ], [ 666065.960933431982994, 7183571.532775303348899 ], [ 666075.170955424429849, 7183559.832819282077253 ], [ 666083.780940947937779, 7183549.662771001458168 ], [ 666094.050960669759661, 7183537.46281463932246 ], [ 666102.510982873383909, 7183527.792766517959535 ], [ 666106.850948851439171, 7183523.022805927321315 ], [ 666109.420956214773469, 7183519.93277776427567 ], [ 666112.240963483927771, 7183516.042761551216245 ], [ 666115.040951076429337, 7183511.452793990261853 ], [ 666118.010982631705701, 7183506.732760444283485 ], [ 666119.950984823401086, 7183502.992768859490752 ], [ 666121.930964878294617, 7183498.382781926542521 ], [ 666123.830927635426633, 7183492.82278255559504 ], [ 666125.310968475416303, 7183487.602749178186059 ], [ 666129.730949781835079, 7183473.8927838280797 ], [ 666132.550955996382982, 7183464.712788226082921 ], [ 666134.420950276544318, 7183458.122759299352765 ], [ 666136.800953951315023, 7183449.012771126814187 ], [ 666139.090930638136342, 7183439.352734003216028 ], [ 666141.660936140222475, 7183426.922737613320351 ], [ 666143.501144724548794, 7183417.65497362986207 ], [ 666144.150924510788172, 7183414.382755860686302 ], [ 666146.680952006252483, 7183402.102722898125648 ], [ 666148.300945773022249, 7183393.252744709141552 ], [ 666149.510966228321195, 7183384.092707930132747 ], [ 666151.350930589949712, 7183374.422722162678838 ], [ 666153.27091204142198, 7183364.64275100082159 ], [ 666154.850928035448305, 7183357.122729218564928 ], [ 666155.270910638617352, 7183355.042711509391665 ], [ 666096.270104238647036, 7183365.58355849981308 ], [ 666106.574562134686857, 7183425.355727600865066 ], [ 665975.937082333257422, 7183448.904770912602544 ] ] ] ] } },
{ "type": "Feature", "properties": { "CODIGO": "PE63", "CODIGO_SMM": "0337", "TIPO": "PARQUE", "NOME": "GENERAL IBERÊ DE MATTOS", "TEXTO_MAPA": "PARQUE GENERAL IBERÊ DE MATTOS" }, "geometry": { "type": "MultiPolygon", "coordinates": [ [ [ [ 677673.178912495961413, 7190970.144323278218508 ], [ 677771.579309646040201, 7190878.776113878004253 ], [ 677808.46091990720015, 7190919.709100335836411 ], [ 677903.007564296247438, 7190866.050496529787779 ], [ 677938.48651203524787, 7190844.955634703859687 ], [ 677974.106574381934479, 7190829.908259810879827 ], [ 678067.215781086590141, 7190784.125634960830212 ], [ 678199.785376081708819, 7190690.141939021646976 ], [ 678224.175756082637236, 7190656.001543855294585 ], [ 678230.093967881053686, 7190643.581922581419349 ], [ 678251.14737702824641, 7190633.435308935120702 ], [ 678257.039773077820428, 7190630.981937880627811 ], [ 678264.504008214804344, 7190629.902346154674888 ], [ 678271.47898557735607, 7190629.608948591165245 ], [ 678306.885977937839925, 7190632.407525752671063 ], [ 678327.690183541737497, 7190636.605337364599109 ], [ 678334.87182696419768, 7190640.827504923567176 ], [ 678340.393983652698807, 7190638.349109528586268 ], [ 678351.869206322240643, 7190637.958115760236979 ], [ 678348.820192518876866, 7190629.686935009434819 ], [ 678346.995423188433051, 7190626.021895360201597 ], [ 678336.58439259568695, 7190546.018885552883148 ], [ 678320.670748145552352, 7190522.628318760544062 ], [ 678306.847987705143169, 7190509.110068602487445 ], [ 678283.971335206064396, 7190516.041288716718554 ], [ 678277.952351140789688, 7190513.493926042690873 ], [ 678265.692581174545921, 7190508.305084507912397 ], [ 678232.621158332098275, 7190494.3083227109164 ], [ 678216.343746747006662, 7190482.565708316862583 ], [ 678211.375726812984794, 7190477.664096744731069 ], [ 678207.372123533743434, 7190472.283725073561072 ], [ 678204.196157068945467, 7190466.328523971140385 ], [ 678201.940539874369279, 7190459.934723922051489 ], [ 678200.634935222915374, 7190453.946929639205337 ], [ 678199.747299841605127, 7190449.875700716860592 ], [ 678197.750532222678885, 7190440.712673801928759 ], [ 678195.872907267184928, 7190440.957913526333869 ], [ 678160.522497114841826, 7190450.3063122369349 ], [ 678159.708905336679891, 7190483.399521904066205 ], [ 678153.190898359869607, 7190483.928087892010808 ], [ 678110.00033779675141, 7190496.013549550436437 ], [ 678096.259307164000347, 7190499.858524210751057 ], [ 678003.209661766537465, 7190503.210534710437059 ], [ 678001.206853747484274, 7190503.802942522801459 ], [ 677999.373479428933933, 7190504.681544221937656 ], [ 677997.911870460957289, 7190506.111537590622902 ], [ 677996.929082499584183, 7190507.905727730132639 ], [ 677995.923467371729203, 7190509.648770401254296 ], [ 677995.525457433657721, 7190511.61977931112051 ], [ 677995.457708836882375, 7190513.702360446564853 ], [ 678003.87171867955476, 7190542.56576965842396 ], [ 678005.105912090628408, 7190548.157750864513218 ], [ 678004.103107550181448, 7190563.805399289354682 ], [ 677998.515524154878221, 7190580.33616660349071 ], [ 677994.432882217573933, 7190583.809984317980707 ], [ 677994.164083367213607, 7190584.038988342508674 ], [ 677994.04909312305972, 7190584.136766713112593 ], [ 677993.33089230756741, 7190584.402208832092583 ], [ 677973.0365159958601, 7190591.900994456373155 ], [ 677965.814102551317774, 7190594.569758914411068 ], [ 677951.47266790876165, 7190593.649412608705461 ], [ 677928.817083009751514, 7190592.195620665326715 ], [ 677886.575677249347791, 7190589.484996629878879 ], [ 677875.460073865950108, 7190590.120619285851717 ], [ 677863.433281481033191, 7190614.599632277153432 ], [ 677861.199699791381136, 7190616.674828618764877 ], [ 677841.577688456629403, 7190631.300202909857035 ], [ 677843.183097113040276, 7190633.733247648924589 ], [ 677844.585685861064121, 7190636.016451084986329 ], [ 677845.849297502427362, 7190638.213045638054609 ], [ 677847.151666527031921, 7190640.637606553733349 ], [ 677848.459894971689209, 7190643.267611857503653 ], [ 677849.379878548672423, 7190645.256198616698384 ], [ 677859.273684699553996, 7190667.358802494592965 ], [ 677861.038456609938294, 7190671.755836982280016 ], [ 677862.21545965236146, 7190675.405617976561189 ], [ 677863.012457585195079, 7190678.469644501805305 ], [ 677863.732063029543497, 7190682.044047156348825 ], [ 677864.217903735348955, 7190685.485026974231005 ], [ 677864.513680945732631, 7190689.067059114575386 ], [ 677864.599069844116457, 7190692.317059963941574 ], [ 677864.514109564363025, 7190695.509626749902964 ], [ 677864.195079528260976, 7190699.3030238263309 ], [ 677863.63868370174896, 7190703.078842820599675 ], [ 677862.955883927526884, 7190706.361619720235467 ], [ 677862.117261333973147, 7190709.521410781890154 ], [ 677861.077894066926092, 7190712.724842032417655 ], [ 677859.854078500298783, 7190715.888661495409906 ], [ 677858.385084662120789, 7190719.125051831826568 ], [ 677856.758497979491949, 7190722.220023706555367 ], [ 677854.672865837579593, 7190725.658257489092648 ], [ 677853.049086617538705, 7190728.023431805893779 ], [ 677834.405105256126262, 7190753.789433859288692 ], [ 677830.691299075144343, 7190758.256659964099526 ], [ 677829.886123275151476, 7190759.1674880143255 ], [ 677829.114089556620456, 7190759.992439571768045 ], [ 677828.28749039513059, 7190760.828072293661535 ], [ 677827.204482516972348, 7190761.855050338432193 ], [ 677826.236709006363526, 7190762.713449209928513 ], [ 677825.316298770951107, 7190763.481638087891042 ], [ 677824.294509120984003, 7190764.283884613774717 ], [ 677823.192092011333443, 7190765.09388262219727 ], [ 677822.266493757953867, 7190765.732066583819687 ], [ 677820.958082948345691, 7190766.57587812282145 ], [ 677734.191467388067394, 7190808.364909220486879 ], [ 677715.351866101729684, 7190823.842273317277431 ], [ 677678.362849558936432, 7190856.207341097295284 ], [ 677670.817862776457332, 7190847.380497088655829 ], [ 677668.057486618054099, 7190849.954900218173862 ], [ 677665.1130881246645, 7190846.461125500500202 ], [ 677656.095875553437509, 7190854.552316101267934 ], [ 677651.127245059004053, 7190848.667733069509268 ], [ 677621.131087403511629, 7190872.389913753606379 ], [ 677619.970442950492725, 7190874.195151298306882 ], [ 677619.805282252840698, 7190876.442161209881306 ], [ 677620.535263463505544, 7190879.022117796353996 ], [ 677628.285269328625873, 7190896.952113606035709 ], [ 677637.065304902382195, 7190915.542143549770117 ], [ 677645.985293611185625, 7190931.702119106426835 ], [ 677658.445261837216094, 7190950.472140992060304 ], [ 677673.178912495961413, 7190970.144323278218508 ] ] ] ] } },
{ "type": "Feature", "properties": { "CODIGO": null, "CODIGO_SMM": "0338", "TIPO": "PARQUE", "NOME": "DAS PEDREIRAS JAIME LERNER", "TEXTO_MAPA": "PQ. DAS PEDREIRAS JAIME LERNER" }, "geometry": { "type": "MultiPolygon", "coordinates": [ [ [ [ 673484.108468932798132, 7191258.756121834740043 ], [ 673439.592223620857112, 7191267.479705197736621 ], [ 673436.751829303335398, 7191265.077300362288952 ], [ 673431.069026508834213, 7191260.271147916093469 ], [ 673423.941032567759976, 7191253.867339093238115 ], [ 673424.015249724267051, 7191246.104092376306653 ], [ 673424.063039228902198, 7191241.1184953302145 ], [ 673195.24998666648753, 7191222.979988217353821 ], [ 673181.361188902519643, 7191222.276560735888779 ], [ 673176.586346321972087, 7191222.2337760720402 ], [ 673163.481362447841093, 7191222.517592344433069 ], [ 673159.411170985200442, 7191222.725356916896999 ], [ 673157.487175929825753, 7191303.108984744176269 ], [ 673220.349013732280582, 7191326.063811811618507 ], [ 673186.628003465011716, 7191359.56700159329921 ], [ 673161.802006409270689, 7191351.291797016747296 ], [ 673143.304201709572226, 7191365.408381775021553 ], [ 673127.984014936955646, 7191402.562996935099363 ], [ 673119.274004920851439, 7191471.283048852346838 ], [ 673126.563986406428739, 7191478.643034657463431 ], [ 673228.484057605499402, 7191479.953011410310864 ], [ 673217.744009215151891, 7191507.513018568977714 ], [ 673226.214047724497505, 7191529.323020201176405 ], [ 673234.461853096960112, 7191531.504659697413445 ], [ 673286.106645448831841, 7191547.319411501288414 ], [ 673300.12447233137209, 7191551.669202233664691 ], [ 673355.29007953661494, 7191571.958197663538158 ], [ 673382.999684340436943, 7191585.137211544439197 ], [ 673438.250311787007377, 7191596.964595802128315 ], [ 673438.642682565143332, 7191479.867762643843889 ], [ 673473.166067382437177, 7191476.082170957699418 ], [ 673482.804063375922851, 7191442.192938702180982 ], [ 673459.674050151370466, 7191431.522957749664783 ], [ 673532.29411841800902, 7191397.352950602769852 ], [ 673532.044113946496509, 7191376.172952318564057 ], [ 673511.274080010596663, 7191333.342928104102612 ], [ 673490.943869147915393, 7191307.916717042215168 ], [ 673484.108468932798132, 7191258.756121834740043 ] ] ] ] } },
{ "type": "Feature", "properties": { "CODIGO": null, "CODIGO_SMM": "0284", "TIPO": "PARQUE", "NOME": "MUNICIPAL MANÉ GARRINCHA", "TEXTO_MAPA": "PQ. MUN. MANÉ GARRINCHA" }, "geometry": { "type": "MultiPolygon", "coordinates": [ [ [ [ 667323.460144714335911, 7178955.60098812263459 ], [ 667274.269946508575231, 7178953.73100240714848 ], [ 667280.849966256180778, 7178958.780990153551102 ], [ 667285.7899704183219, 7178961.210982451215386 ], [ 667286.210136550711468, 7178961.270979940891266 ], [ 667304.429930241662078, 7178968.960980663076043 ], [ 667317.830142512451857, 7178975.960979739204049 ], [ 667322.950139492866583, 7178978.870952590368688 ], [ 667323.460144714335911, 7178955.60098812263459 ] ] ] ] } },
{ "type": "Feature", "properties": { "CODIGO": "PN08", "CODIGO_SMM": "0334", "TIPO": "PARQUE", "NOME": "BARIGUI", "TEXTO_MAPA": "PARQUE BARIGUI" }, "geometry": { "type": "MultiPolygon", "coordinates": [ [ [ [ 670420.010374635457993, 7187106.658059702254832 ], [ 670415.088557051029056, 7187095.198646083474159 ], [ 670411.811760209151544, 7187087.569250222295523 ], [ 670406.878956287866458, 7187076.083835622295737 ], [ 670403.709581399336457, 7187068.704256700351834 ], [ 670398.776777480496094, 7187057.218658996745944 ], [ 670395.607158450642601, 7187049.839019038714468 ], [ 670390.674354530056007, 7187038.353604439646006 ], [ 670387.504979642806575, 7187030.974025517702103 ], [ 670382.571992618381046, 7187019.488427814096212 ], [ 670364.976764840772375, 7186978.520219994708896 ], [ 670355.036938907811418, 7186958.844801832921803 ], [ 670332.617552316049114, 7186918.599190405569971 ], [ 670331.935545047279447, 7186917.346809845417738 ], [ 670331.142331638257019, 7186915.812629917636514 ], [ 670330.107723997556604, 7186913.668037282302976 ], [ 670329.04632186377421, 7186911.261603763327003 ], [ 670327.998347420943901, 7186908.625800065696239 ], [ 670327.010553625179455, 7186905.825628635473549 ], [ 670326.133538654539734, 7186902.978215958923101 ], [ 670325.386101362179033, 7186900.155583538115025 ], [ 670324.724296381580643, 7186897.173588262870908 ], [ 670324.155142785981297, 7186894.159793645143509 ], [ 670323.539114024373703, 7186890.387209774926305 ], [ 670323.071095624007285, 7186886.957826647907495 ], [ 670322.631702598650008, 7186882.930176758207381 ], [ 670322.310534700751305, 7186878.901977526023984 ], [ 670322.098741781665012, 7186874.636595593765378 ], [ 670322.017136732931249, 7186869.625791076570749 ], [ 670322.069321076502092, 7186866.053768645972013 ], [ 670322.204513450851664, 7186863.450984735041857 ], [ 670322.39329483313486, 7186861.470027146860957 ], [ 670322.793929124483839, 7186858.637567827478051 ], [ 670323.212324780179188, 7186856.441217068582773 ], [ 670323.82151631009765, 7186853.88420943915844 ], [ 670324.617292330367491, 7186851.16899860650301 ], [ 670325.501142139779404, 7186848.643607137724757 ], [ 670326.497540823882446, 7186846.195608247071505 ], [ 670327.754925857065246, 7186843.518605336546898 ], [ 670328.990887620486319, 7186841.208790026605129 ], [ 670330.511090136598796, 7186838.692797846160829 ], [ 670332.458538795122877, 7186835.866197587922215 ], [ 670333.808697477681562, 7186834.112961989827454 ], [ 670335.253887929371558, 7186832.390182923525572 ], [ 670336.707684368244372, 7186830.79576082341373 ], [ 670337.895733744604513, 7186829.584395517595112 ], [ 670365.011885201558471, 7186802.792146638967097 ], [ 670365.496687467442825, 7186802.275788981467485 ], [ 670366.018293913220987, 7186801.619599739089608 ], [ 670366.466719183139503, 7186800.940949566662312 ], [ 670366.907087781000882, 7186800.117157759144902 ], [ 670367.222944644163363, 7186799.366547144949436 ], [ 670367.481489466736093, 7186798.559173834510148 ], [ 670367.674116292968392, 7186797.686370831914246 ], [ 670367.776105902623385, 7186796.889983884058893 ], [ 670367.809491990366951, 7186796.151153117418289 ], [ 670367.833111803629436, 7186792.239592030644417 ], [ 670392.734114205348305, 7186767.636186951771379 ], [ 670396.645492176059633, 7186767.659745728597045 ], [ 670397.225143202347681, 7186767.645341309718788 ], [ 670397.8498992115492, 7186767.589738139882684 ], [ 670398.46128851105459, 7186767.494156935252249 ], [ 670399.086105538532138, 7186767.353165559470654 ], [ 670399.684738470241427, 7186767.175186875276268 ], [ 670400.210312296403572, 7186766.981949413195252 ], [ 670400.768723036395386, 7186766.736343765631318 ], [ 670401.268540007527918, 7186766.47853109613061 ], [ 670401.826340376632288, 7186766.143386851064861 ], [ 670402.245712984935381, 7186765.855178682133555 ], [ 670402.671738418284804, 7186765.525527630932629 ], [ 670403.05088884010911, 7186765.197585572488606 ], [ 670403.319931826670654, 7186764.941970216110349 ], [ 670407.693711373372935, 7186760.621167411096394 ], [ 670409.286118683405221, 7186759.009777503088117 ], [ 670411.30613829602953, 7186756.848155431449413 ], [ 670413.214524576207623, 7186754.671762870624661 ], [ 670415.357102721463889, 7186752.053963895887136 ], [ 670417.753892243257724, 7186748.874763356521726 ], [ 670420.130906311911531, 7186745.413519288413227 ], [ 670422.303147373022512, 7186741.925175648182631 ], [ 670423.918930902029388, 7186739.082767346873879 ], [ 670425.484726592199877, 7186736.081118292175233 ], [ 670426.910507600056008, 7186733.087953155860305 ], [ 670428.333114715875126, 7186729.789551122114062 ], [ 670429.436935223988257, 7186726.95416197180748 ], [ 670430.635726336156949, 7186723.517759459093213 ], [ 670433.905134322587401, 7186713.534907060675323 ], [ 670434.035505361389369, 7186713.101923521608114 ], [ 670434.189313864219002, 7186712.454340312629938 ], [ 670434.308515400625765, 7186711.702936284244061 ], [ 670434.362531393417157, 7186711.047113347798586 ], [ 670434.368939938722178, 7186710.324762083590031 ], [ 670434.318707843311131, 7186709.594110045582056 ], [ 670434.217938631423749, 7186708.900933615863323 ], [ 670434.081891105743125, 7186708.280511118471622 ], [ 670433.856732203275897, 7186707.528557842597365 ], [ 670433.617107991711237, 7186706.907158803194761 ], [ 670433.357098045060411, 7186706.349358418025076 ], [ 670431.924540942767635, 7186703.520561583340168 ], [ 670440.601295589120127, 7186677.039351712912321 ], [ 670441.490699532791041, 7186674.176924023777246 ], [ 670442.698523628874682, 7186669.66294554527849 ], [ 670443.604895082185976, 7186665.495891047641635 ], [ 670444.33627866813913, 7186661.187296021729708 ], [ 670444.898533719358966, 7186656.515114508569241 ], [ 670445.258518052170984, 7186651.080115454271436 ], [ 670445.322909474372864, 7186647.7295286282897 ], [ 670445.200288807973266, 7186642.808689964935184 ], [ 670444.980683630332351, 7186639.732944576069713 ], [ 670447.023530287318863, 7186637.036105075851083 ], [ 670447.395722659770399, 7186636.507906618528068 ], [ 670447.797089812695049, 7186635.834932727739215 ], [ 670448.131684486288577, 7186635.152742539532483 ], [ 670448.473298161057755, 7186634.258088915608823 ], [ 670448.729279477149248, 7186633.300508046522737 ], [ 670448.869110882165842, 7186632.447297345846891 ], [ 670448.929901740746573, 7186631.601899161934853 ], [ 670448.919525605277158, 7186630.844513713382185 ], [ 670448.844696326530538, 7186630.063690770417452 ], [ 670443.093892866163515, 7186588.409079004079103 ], [ 670442.456318641314283, 7186584.406270469538867 ], [ 670441.665118906996213, 7186580.499104082584381 ], [ 670440.663103662081994, 7186576.456073446199298 ], [ 670439.304276695474982, 7186571.902910912409425 ], [ 670437.814468315802515, 7186567.675493119284511 ], [ 670436.060255557531491, 7186563.372269696556032 ], [ 670434.076672632014379, 7186559.11891205701977 ], [ 670432.138255848083645, 7186555.424880726262927 ], [ 670430.048654964775778, 7186551.836684413254261 ], [ 670427.842660038848408, 7186548.401320197619498 ], [ 670425.25147209642455, 7186544.741468695923686 ], [ 670422.824102666345425, 7186541.61811632476747 ], [ 670420.368657101760618, 7186538.71308677084744 ], [ 670417.366885638097301, 7186535.455701279453933 ], [ 670390.06285667582415, 7186507.152720945887268 ], [ 670389.729238359956071, 7186506.828868390060961 ], [ 670389.321035056025721, 7186506.472667208872736 ], [ 670388.956288810120896, 7186506.186473360285163 ], [ 670388.435841823928058, 7186505.824901105836034 ], [ 670387.94048030639533, 7186505.525462653487921 ], [ 670387.433644183329307, 7186505.259471475146711 ], [ 670386.914478962309659, 7186505.025462731719017 ], [ 670386.446033978834748, 7186504.845286999829113 ], [ 670385.892261827597395, 7186504.667674761265516 ], [ 670385.347461853642017, 7186504.528270539827645 ], [ 670384.850086216349155, 7186504.430309189483523 ], [ 670384.392871729796752, 7186504.364269226789474 ], [ 670383.903430674923584, 7186504.318492948077619 ], [ 670383.431628791731782, 7186504.298107296228409 ], [ 670380.09727732941974, 7186504.237500051036477 ], [ 670378.415269722114317, 7186502.5902831684798 ], [ 670374.524276749580167, 7186498.889477332122624 ], [ 670370.165449117659591, 7186494.874462524428964 ], [ 670365.507243939675391, 7186490.729320791549981 ], [ 670360.726052898447961, 7186486.624096085317433 ], [ 670356.428443636279553, 7186483.057872887700796 ], [ 670351.780675558606163, 7186479.327465148642659 ], [ 670347.41061758203432, 7186475.935680487193167 ], [ 670342.525422701030038, 7186472.284069200977683 ], [ 670341.95925978734158, 7186469.056468375958502 ], [ 670341.847015989711508, 7186468.491893055848777 ], [ 670341.622223286773078, 7186467.685862617567182 ], [ 670341.389435010496527, 7186467.05366035271436 ], [ 670341.064422575291246, 7186466.34607966709882 ], [ 670340.676665987586603, 7186465.659861305728555 ], [ 670340.192229683278129, 7186464.955515516921878 ], [ 670339.730010211234912, 7186464.392283042892814 ], [ 670339.147856617928483, 7186463.793467086739838 ], [ 670338.520414937171154, 7186463.253305941820145 ], [ 670338.111051977844909, 7186462.949106726795435 ], [ 670287.390389499603771, 7186427.36927380412817 ], [ 670283.657599896658212, 7186424.66767474077642 ], [ 670279.596196839003824, 7186421.530284614302218 ], [ 670276.08923733397387, 7186418.643321685492992 ], [ 670272.788393607595935, 7186415.763682934455574 ], [ 670269.644410266308114, 7186412.863292193971574 ], [ 670266.590209651272744, 7186409.887095750309527 ], [ 670263.740782045992091, 7186406.957469103857875 ], [ 670260.729611165705137, 7186403.687266226857901 ], [ 670258.264399991719984, 7186400.864512085914612 ], [ 670255.804376779356971, 7186397.905466405674815 ], [ 670253.525628042058088, 7186395.026071588508785 ], [ 670207.197173642925918, 7186335.04510834813118 ], [ 670207.100982187199406, 7186334.928470154292881 ], [ 670206.987395708099939, 7186334.807681571692228 ], [ 670206.887786287697963, 7186334.714053638279438 ], [ 670206.773406356107444, 7186334.618899827823043 ], [ 670206.646575249615125, 7186334.526309497654438 ], [ 670206.519194828812033, 7186334.445071709342301 ], [ 670206.393401324981824, 7186334.375308534130454 ], [ 670206.27517618634738, 7186334.318301705643535 ], [ 670206.153594113071449, 7186334.267703573219478 ], [ 670206.01675324793905, 7186334.219668921083212 ], [ 670205.901152624515817, 7186334.186099600046873 ], [ 670205.743559802300297, 7186334.150271985679865 ], [ 670205.5939625921892, 7186334.126285194419324 ], [ 670199.572354430798441, 7186333.352909756824374 ], [ 670172.276136548258364, 7186298.012879244051874 ], [ 670173.021374813979492, 7186292.210082167759538 ], [ 670173.039746351307258, 7186291.961058660410345 ], [ 670173.028759964276105, 7186291.688658689148724 ], [ 670172.991772600100376, 7186291.447081485763192 ], [ 670172.928173902677372, 7186291.206908095628023 ], [ 670172.830578610883094, 7186290.956297698430717 ], [ 670172.744152773404494, 7186290.786680973134935 ], [ 670172.615551624097861, 7186290.58349491097033 ], [ 670172.43513160943985, 7186290.355284439399838 ], [ 670169.644785992917605, 7186287.134886218234897 ], [ 670166.369759997352958, 7186283.534055868163705 ], [ 670163.363166779163294, 7186280.385251948609948 ], [ 670160.143927010707557, 7186277.168454891070724 ], [ 670157.007573050330393, 7186274.177487954497337 ], [ 670153.77655354840681, 7186271.234860891476274 ], [ 670150.643129328964278, 7186268.507260721176863 ], [ 670147.580750087392516, 7186265.955075620673597 ], [ 670143.935362811200321, 7186263.053647384978831 ], [ 670098.55735317338258, 7186227.823666978627443 ], [ 670097.107340370188467, 7186226.733273922465742 ], [ 670095.325540337827988, 7186225.485898472368717 ], [ 670093.923928461852483, 7186224.573850180022418 ], [ 670092.374733533360995, 7186223.632505035027862 ], [ 670090.62912741326727, 7186222.6500832606107 ], [ 670089.003943716641515, 7186221.806455441750586 ], [ 670087.328344974666834, 7186221.004453620873392 ], [ 670085.584325813222677, 7186220.240049481391907 ], [ 670083.580296813393943, 7186219.445494018495083 ], [ 670081.825352384592406, 7186218.820250072516501 ], [ 670079.905918169068173, 7186218.209654600359499 ], [ 670078.099704222171567, 7186217.702452688477933 ], [ 670076.275545944226906, 7186217.254699038341641 ], [ 670074.592745142988861, 7186216.897704659029841 ], [ 670072.920137227047235, 7186216.595092616975307 ], [ 670071.488923433120362, 7186216.376892168074846 ], [ 670069.89791956380941, 7186216.177063338458538 ], [ 669994.860117696458474, 7186207.764112575910985 ], [ 669992.935678673442453, 7186207.524122670292854 ], [ 669991.461068873060867, 7186207.307265004143119 ], [ 669989.822091342532076, 7186207.032301888801157 ], [ 669988.115120621165261, 7186206.707473048940301 ], [ 669986.428718744078651, 7186206.347915193997324 ], [ 669984.648505795747042, 7186205.925491129979491 ], [ 669982.674872367526405, 7186205.405288759618998 ], [ 669980.82727656501811, 7186204.867691340856254 ], [ 669979.206487468327396, 7186204.355118294246495 ], [ 669977.533513288362883, 7186203.784683915786445 ], [ 669975.792667979607359, 7186203.145890158601105 ], [ 669974.14209369069431, 7186202.496110051870346 ], [ 669972.419497882714495, 7186201.771317733451724 ], [ 669970.905093056266196, 7186201.093522457405925 ], [ 669861.930079091340303, 7186150.9139051027596 ], [ 669861.484278157586232, 7186150.736292842775583 ], [ 669861.02224187948741, 7186150.606715265661478 ], [ 669860.549280314706266, 7186150.526332040317357 ], [ 669860.070459385402501, 7186150.495875585824251 ], [ 669859.591028112219647, 7186150.51589522138238 ], [ 669859.116479663993232, 7186150.586329907178879 ], [ 669858.651879959157668, 7186150.706081008538604 ], [ 669858.202478021383286, 7186150.8739278241992 ], [ 669857.773278736043721, 7186151.088283436372876 ], [ 669857.368676633457653, 7186151.346279190853238 ], [ 669856.993676597718149, 7186151.645534716546535 ], [ 669856.652062807930633, 7186151.982326866127551 ], [ 669854.451073960517533, 7186154.393704896792769 ], [ 669854.090234100003727, 7186154.766507802531123 ], [ 669853.6218502757838, 7186155.190885450690985 ], [ 669853.053246703464538, 7186155.631498473696411 ], [ 669852.396020056912675, 7186156.056486511602998 ], [ 669851.771447211271152, 7186156.389128325507045 ], [ 669851.070031075272709, 7186156.690520148724318 ], [ 669850.425072456826456, 7186156.907134106382728 ], [ 669849.643272976623848, 7186157.097930215299129 ], [ 669848.915245468262583, 7186157.209319552406669 ], [ 669848.239219912560657, 7186157.257720582187176 ], [ 669847.578270034282468, 7186157.254729992710054 ], [ 669847.046653678407893, 7186157.216094836592674 ], [ 669846.354026525979862, 7186157.116729716770351 ], [ 669845.637473572744057, 7186156.953521812334657 ], [ 669844.958274134085514, 7186156.738922285847366 ], [ 669844.253073697560467, 7186156.449127431958914 ], [ 669843.704428480006754, 7186156.171722685918212 ], [ 669843.102865751599893, 7186155.808685604482889 ], [ 669842.611837721429765, 7186155.460296941921115 ], [ 669842.156454227515496, 7186155.088531801477075 ], [ 669841.684225010336377, 7186154.644134810194373 ], [ 669841.201436692033894, 7186154.11373926140368 ], [ 669840.83223484037444, 7186153.641327103599906 ], [ 669840.479817650862969, 7186153.118927136063576 ], [ 669840.164265700732358, 7186152.570282037369907 ], [ 669839.881672733230516, 7186151.983489951118827 ], [ 669839.622456223005429, 7186151.31790145020932 ], [ 669839.433247062144801, 7186150.692107868380845 ], [ 669839.296833328669891, 7186150.084685862064362 ], [ 669839.196064120507799, 7186149.402739904820919 ], [ 669839.150653823744506, 7186148.763091309927404 ], [ 669839.154254755238071, 7186148.062712708488107 ], [ 669839.214862537221052, 7186147.354704699479043 ], [ 669839.329669554950669, 7186146.667326566763222 ], [ 669839.512469749199226, 7186145.943510422483087 ], [ 669839.763873473042622, 7186145.217680104076862 ], [ 669840.067828490980901, 7186144.535917169414461 ], [ 669840.444049152778462, 7186143.856717695482075 ], [ 669840.890826478018425, 7186143.197110500186682 ], [ 669841.334674137760885, 7186142.649136632680893 ], [ 669841.776873863185756, 7186142.181301949545741 ], [ 669842.329669314902276, 7186141.682095162570477 ], [ 669842.902667419868521, 7186141.245327354408801 ], [ 669843.522662617266178, 7186140.849086889997125 ], [ 669844.212054811767302, 7186140.487880601547658 ], [ 669844.965228771441616, 7186140.176478998735547 ], [ 669845.721820714883506, 7186139.941920679062605 ], [ 669846.343463913770393, 7186139.803126570768654 ], [ 669847.065021697198972, 7186139.69991594646126 ], [ 669847.844074623193592, 7186139.656092534773052 ], [ 669848.468220295850188, 7186139.670923953875899 ], [ 669848.573016154696234, 7186132.153282811865211 ], [ 669843.863054477609694, 7186134.493311236612499 ], [ 669837.343033911427483, 7186137.683315838687122 ], [ 669831.983047757530585, 7186140.543303027749062 ], [ 669827.103042058530264, 7186142.723297266289592 ], [ 669822.113050855929032, 7186144.303315783850849 ], [ 669817.083020647405647, 7186146.203341718763113 ], [ 669811.973033971618861, 7186146.183323222212493 ], [ 669808.873057369957678, 7186145.123326018452644 ], [ 669806.273019828018732, 7186143.903294490650296 ], [ 669801.283028116915375, 7186142.983312357217073 ], [ 669795.813055896782316, 7186142.473303573206067 ], [ 669790.613042145152576, 7186141.483314138837159 ], [ 669785.333011319627985, 7186140.673317443579435 ], [ 669780.503053696709685, 7186139.103310693055391 ], [ 669775.623047259636223, 7186137.653299101628363 ], [ 669770.433043161290698, 7186136.103311959654093 ], [ 669765.493039260851219, 7186135.203349352814257 ], [ 669760.22301823773887, 7186134.563335610553622 ], [ 669754.443048450048082, 7186134.403302565217018 ], [ 669749.163017795188352, 7186134.433332943357527 ], [ 669743.543021276476793, 7186134.683334153145552 ], [ 669738.353017568821087, 7186135.043320655822754 ], [ 669736.483022104366682, 7186135.713304121047258 ], [ 669731.213001321884803, 7186136.253344397060573 ], [ 669725.483019224950112, 7186135.523303869180381 ], [ 669720.493027565767989, 7186134.853321800008416 ], [ 669715.253035922069103, 7186134.583303265273571 ], [ 669710.193036911776289, 7186133.873343172483146 ], [ 669704.813030350604095, 7186132.453360985964537 ], [ 669699.572977476636879, 7186131.223320227116346 ], [ 669694.303017589380033, 7186131.073357881978154 ], [ 669688.902991913026199, 7186131.723322529345751 ], [ 669683.402990603004582, 7186132.273311585187912 ], [ 669678.202977100969292, 7186132.513363975100219 ], [ 669671.952975677209906, 7186133.443358166143298 ], [ 669671.722994497860782, 7186130.243345170281827 ], [ 669676.582981031970121, 7186129.883358735591173 ], [ 669674.532992102438584, 7186126.903316872194409 ], [ 669672.813016726984642, 7186106.123343538492918 ], [ 669645.879785759490915, 7186123.463563502766192 ], [ 669622.102560772560537, 7186137.397531935945153 ], [ 669600.498370493412949, 7186148.774980703368783 ], [ 669246.205953408381902, 7186310.567697448655963 ], [ 669246.934103168430738, 7186311.337900139391422 ], [ 669247.468527265707962, 7186311.98749736789614 ], [ 669248.25972642051056, 7186313.071848076768219 ], [ 669248.78871843079105, 7186313.925852097570896 ], [ 669249.281333486782387, 7186314.832285340875387 ], [ 669249.815696660079993, 7186316.021494526416063 ], [ 669250.171898118336685, 7186316.980295973829925 ], [ 669250.46010639006272, 7186317.912669206038117 ], [ 669250.732506592292339, 7186319.049693373963237 ], [ 669250.910546421539038, 7186320.191661410033703 ], [ 669251.028100424446166, 7186321.480846293270588 ], [ 669251.891751116607338, 7186336.301894908770919 ], [ 669252.704559334320948, 7186350.248309517279267 ], [ 669257.986910286941566, 7186354.94887119717896 ], [ 669259.400917042279616, 7186379.214685352519155 ], [ 669254.70035537541844, 7186384.497097354382277 ], [ 669255.322122837998904, 7186395.16531290486455 ], [ 669260.604534826241434, 7186399.865874582901597 ], [ 669262.492359273950569, 7186432.260719087906182 ], [ 669257.791736570652574, 7186437.543131089769304 ], [ 669258.653373095439747, 7186452.328718272969127 ], [ 669258.797172182123177, 7186453.420698509551585 ], [ 669259.045585484011099, 7186454.166121017187834 ], [ 669259.407157981069759, 7186454.843733426183462 ], [ 669259.858940466539934, 7186455.544111934490502 ], [ 669260.491387064917944, 7186456.266890315338969 ], [ 669261.101372670731507, 7186456.741316584870219 ], [ 669261.711175152799115, 7186457.125288730487227 ], [ 669262.479180791182443, 7186457.464277920313179 ], [ 669263.134332369547337, 7186457.667524910531938 ], [ 669263.766961946734227, 7186457.75791787263006 ], [ 669264.602533461526036, 7186457.804487539455295 ], [ 669282.364134724601172, 7186457.75132229924202 ], [ 669299.117190895951353, 7186458.145911286585033 ], [ 669317.845772986183874, 7186461.024875521659851 ], [ 669337.579360238974914, 7186464.000092018395662 ], [ 669364.132407488417812, 7186468.085475876927376 ], [ 669391.734405231894925, 7186472.30031512118876 ], [ 669410.892613790696487, 7186474.648090165108442 ], [ 669411.480809743981808, 7186474.64809004496783 ], [ 669412.057775202323683, 7186474.533282767981291 ], [ 669412.334996932419017, 7186474.434100557118654 ], [ 669430.828408516943455, 7186467.527295678853989 ], [ 669448.313826718716882, 7186472.844493221491575 ], [ 669451.619431019527838, 7186474.90345305018127 ], [ 669454.60478372767102, 7186476.740489056333899 ], [ 669462.511219839332625, 7186481.46747842989862 ], [ 669464.235829896642826, 7186482.631846060976386 ], [ 669465.587637118296698, 7186483.771860733628273 ], [ 669466.860037608537823, 7186485.044077603146434 ], [ 669468.211844933917746, 7186486.687449339777231 ], [ 669469.16619117395021, 7186488.118846003897488 ], [ 669470.014397272956558, 7186489.656260783784091 ], [ 669470.703606748371385, 7186491.193675597198308 ], [ 669471.260247845435515, 7186492.81068029999733 ], [ 669471.631219922448508, 7186494.295055612921715 ], [ 669471.896418051910587, 7186495.805859176442027 ], [ 669472.055415035807528, 7186497.581860585138202 ], [ 669472.081050094799139, 7186498.988660262897611 ], [ 669470.783449163660407, 7186532.58345690369606 ], [ 669470.709414196433499, 7186536.011314261704683 ], [ 669470.867801120271906, 7186539.22048254776746 ], [ 669471.184818384004757, 7186542.073083326220512 ], [ 669471.581059245276265, 7186544.64846233651042 ], [ 669472.373418524395674, 7186547.976465975865722 ], [ 669473.577643436030485, 7186552.736110529862344 ], [ 669481.181045000674203, 7186582.467073787003756 ], [ 669483.490251535782591, 7186591.496494623832405 ], [ 669483.948625980177894, 7186592.986302049830556 ], [ 669484.809466533595696, 7186595.383885508403182 ], [ 669485.85524367983453, 7186597.885900110006332 ], [ 669487.095417865552008, 7186600.468114888295531 ], [ 669488.358236032305285, 7186602.712927230633795 ], [ 669489.877646093140356, 7186605.115088194608688 ], [ 669491.537437035120092, 7186607.442908288910985 ], [ 669493.23702285985928, 7186609.526892865076661 ], [ 669494.68703577038832, 7186611.138099044561386 ], [ 669496.1662234691903, 7186612.637671891599894 ], [ 669497.953272609738633, 7186614.302711024880409 ], [ 669500.087856040801853, 7186616.071326777338982 ], [ 669502.186245573451743, 7186617.62491562217474 ], [ 669504.427030142629519, 7186619.091712426394224 ], [ 669506.136442410293967, 7186620.093299254775047 ], [ 669509.723662891425192, 7186621.636878031305969 ], [ 669531.525489290826954, 7186631.018528884276748 ], [ 669558.735276547609828, 7186642.727083542384207 ], [ 669572.73290102428291, 7186648.750275630503893 ], [ 669641.224929357413203, 7186679.245081687346101 ], [ 669738.048327087890357, 7186720.504899438470602 ], [ 669742.564930204534903, 7186722.395462978631258 ], [ 669747.163137328694575, 7186724.193497180007398 ], [ 669754.993156989105046, 7186726.863479195162654 ], [ 669763.261958005954511, 7186727.090467317961156 ], [ 669785.565553640713915, 7186731.949045591056347 ], [ 669798.910528373089619, 7186734.761482574045658 ], [ 669805.068183978204615, 7186735.753241834230721 ], [ 669810.688546896912158, 7186736.414495745673776 ], [ 669816.928782972740009, 7186736.82764155510813 ], [ 669822.631543263792992, 7186736.951663864776492 ], [ 669828.954359800904058, 7186736.745058518834412 ], [ 669835.235977537347935, 7186736.249085430055857 ], [ 669841.186784583609551, 7186735.463866727426648 ], [ 669846.848345897858962, 7186734.430845284834504 ], [ 669852.881977553945035, 7186733.067074168473482 ], [ 669858.956746849580668, 7186731.372675513848662 ], [ 669864.548971978481859, 7186729.212883771397173 ], [ 669906.788603364839219, 7186711.648051235824823 ], [ 669908.645781429368071, 7186710.905863163992763 ], [ 669915.731964328326285, 7186708.074012835510075 ], [ 669917.589203427545726, 7186707.332068903371692 ], [ 669928.369967060163617, 7186703.0238380394876 ], [ 669930.228182723280042, 7186702.284457583911717 ], [ 669936.23617939511314, 7186699.880464032292366 ], [ 669936.428806462907232, 7186700.196259973570704 ], [ 669936.665195757639594, 7186700.559052990749478 ], [ 669937.154209672706202, 7186701.134614564478397 ], [ 669937.564183001872152, 7186701.513032548129559 ], [ 669938.013768148608506, 7186701.852204909548163 ], [ 669938.494786391616799, 7186702.112458785995841 ], [ 669939.030980427167378, 7186702.356843505054712 ], [ 669939.559178837342188, 7186702.506623711436987 ], [ 669940.087560348911211, 7186702.632844339124858 ], [ 669940.50559024407994, 7186702.648652363568544 ], [ 669940.954992198152468, 7186702.56186025775969 ], [ 669951.72519689402543, 7186698.973050970584154 ], [ 669965.426371209439822, 7186693.538415409624577 ], [ 669966.37900805613026, 7186692.956200707703829 ], [ 669966.827982697635889, 7186692.54799738433212 ], [ 669967.297404102864675, 7186692.037804284133017 ], [ 669967.725992923951708, 7186691.262230264022946 ], [ 669968.072977684321813, 7186690.323448210954666 ], [ 669968.215799821889959, 7186689.507041716948152 ], [ 669968.174967107363045, 7186688.609031235799193 ], [ 669968.052591438521631, 7186687.874228822998703 ], [ 669967.766763577237725, 7186687.139426442794502 ], [ 669967.495767268585041, 7186686.425620159134269 ], [ 670015.137011290178634, 7186668.437019316479564 ], [ 670017.277820982388221, 7186673.4959801658988 ], [ 670020.924794293357991, 7186672.078193405643106 ], [ 670023.291616182192229, 7186672.014838414266706 ], [ 670025.504812588333152, 7186672.176581170409918 ], [ 670027.690421143779531, 7186672.561407485976815 ], [ 670029.82579779624939, 7186673.165594219230115 ], [ 670031.889030919293873, 7186673.983037861064076 ], [ 670033.858575094956905, 7186675.005010382272303 ], [ 670035.714776994776912, 7186676.221379950642586 ], [ 670037.438227432896383, 7186677.619390219449997 ], [ 670039.011226207949221, 7186679.184819995425642 ], [ 670040.324581366498023, 7186680.787786453962326 ], [ 670045.227782238973305, 7186687.460394622758031 ], [ 670054.731632541981526, 7186700.341011287644506 ], [ 670059.221197934122756, 7186706.425789795815945 ], [ 670066.018808995722793, 7186715.638620410114527 ], [ 670071.404248890001327, 7186722.937632450833917 ], [ 670078.201798916561529, 7186732.150585135444999 ], [ 670083.587421917589381, 7186739.449597176164389 ], [ 670090.385032979771495, 7186748.662610895931721 ], [ 670095.770655979635194, 7186755.961622936651111 ], [ 670102.568267041817307, 7186765.174392515793443 ], [ 670107.953829008503817, 7186772.473587663844228 ], [ 670114.751440071268007, 7186781.686418276280165 ], [ 670120.335244331043214, 7186789.254229176789522 ], [ 670121.424051066627726, 7186790.729998383671045 ], [ 670120.422465302515775, 7186797.638813871890306 ], [ 670117.708845196524635, 7186815.503443125635386 ], [ 670117.290632623131387, 7186817.590601958334446 ], [ 670116.686262766132131, 7186819.631801346316934 ], [ 670115.900679470971227, 7186821.610256614163518 ], [ 670114.940230389125645, 7186823.509854476898909 ], [ 670113.812850094400346, 7186825.315458205528557 ], [ 670112.527449718094431, 7186827.012236256152391 ], [ 670110.520247447537258, 7186828.965057000517845 ], [ 670108.009871338028461, 7186831.503815501928329 ], [ 670105.695479147369042, 7186833.945405967533588 ], [ 670103.233870174502954, 7186836.655612258240581 ], [ 670101.337874033022672, 7186838.828647879883647 ], [ 670099.895247053471394, 7186840.534825379028916 ], [ 670099.175642557675019, 7186841.428624588996172 ], [ 670098.079878419172019, 7186842.925451375544071 ], [ 670097.405439975555055, 7186843.947851683013141 ], [ 670096.659651461290196, 7186845.191809680312872 ], [ 670096.021223803400062, 7186846.373023498803377 ], [ 670095.36802566726692, 7186847.725257871672511 ], [ 670094.768050213577226, 7186849.137062563560903 ], [ 670094.321272999281064, 7186850.335061015561223 ], [ 670093.902083699358627, 7186851.623025305569172 ], [ 670093.505233303993009, 7186853.061441289260983 ], [ 670093.184676869190298, 7186854.477213209494948 ], [ 670092.986251745373011, 7186855.558451326563954 ], [ 670092.774460005457513, 7186857.065226666629314 ], [ 670092.644455364788882, 7186858.417644038796425 ], [ 670090.797658085823059, 7186882.719042378477752 ], [ 670090.513845076435246, 7186885.373828288167715 ], [ 670089.992483249632642, 7186888.376636797562242 ], [ 670089.266836690017954, 7186891.320851582102478 ], [ 670088.316641731653363, 7186894.26866749022156 ], [ 670087.277457423042506, 7186896.874625415541232 ], [ 670086.235831628437154, 7186899.089225817471743 ], [ 670084.691459239344113, 7186901.887871883809566 ], [ 670083.040092144161463, 7186904.432855797931552 ], [ 670081.538871463038959, 7186906.452632023021579 ], [ 670079.864432960166596, 7186908.449031813070178 ], [ 670078.272452911711298, 7186910.14324644766748 ], [ 670076.536490887054242, 7186911.801084151491523 ], [ 670075.028434120235033, 7186913.10247639939189 ], [ 670037.090686517651193, 7186944.362685192376375 ], [ 670035.354663423844613, 7186945.85926797054708 ], [ 670034.142077890806831, 7186946.992081013508141 ], [ 670032.639880545786582, 7186948.51088054664433 ], [ 670031.218066532048397, 7186950.081254782155156 ], [ 670029.801257431739941, 7186951.795855129137635 ], [ 670028.375476200366393, 7186953.699054160155356 ], [ 670027.329455733764917, 7186955.231464443728328 ], [ 670026.146045170375146, 7186957.134907566010952 ], [ 670025.132068225066178, 7186958.941304730251431 ], [ 670024.196277343318798, 7186960.790487533435225 ], [ 670023.397632474894635, 7186962.546896847896278 ], [ 670022.635059418505989, 7186964.42507132422179 ], [ 670021.874073327868246, 7186966.559715592302382 ], [ 670008.941460734698921, 7187005.548925217241049 ], [ 670007.870660373708233, 7187008.969092346727848 ], [ 670007.156854554545134, 7187011.511695697903633 ], [ 670006.304865285754204, 7187014.938881828449667 ], [ 670005.423884473042563, 7187019.162332821637392 ], [ 670004.756038438063115, 7187023.17173342127353 ], [ 670004.26226468780078, 7187027.059307781979442 ], [ 670003.926877182908356, 7187030.814130611717701 ], [ 670003.750242046895437, 7187034.012922989204526 ], [ 670003.669066070695408, 7187037.95408614911139 ], [ 670003.693053386756219, 7187040.370529647916555 ], [ 670003.732848802115768, 7187042.739304672926664 ], [ 670003.896850802819245, 7187045.161485450342298 ], [ 670004.200074045918882, 7187047.652941119857132 ], [ 670004.601869049132802, 7187049.940722398459911 ], [ 670005.296449908055365, 7187052.882922735065222 ], [ 670006.039858807460405, 7187055.352527722716331 ], [ 670006.807498601847328, 7187057.485889940522611 ], [ 670007.864445186336525, 7187059.988697999157012 ], [ 670009.049504578346387, 7187062.392140769399703 ], [ 670010.279668916016817, 7187064.568898901343346 ], [ 670011.713873845059425, 7187066.804494898766279 ], [ 670012.980476094526239, 7187068.567922837100923 ], [ 670014.563057474209927, 7187070.548086607828736 ], [ 670016.299264376633801, 7187072.489737152121961 ], [ 670017.664682494127192, 7187073.879934992641211 ], [ 670019.374277993105352, 7187075.490286627784371 ], [ 670021.413097248529084, 7187077.288931703194976 ], [ 670023.618664596229792, 7187079.098929286934435 ], [ 670025.838453114731237, 7187080.790091386064887 ], [ 670028.429457576363347, 7187082.612112820148468 ], [ 670030.847488307161257, 7187084.176504826173186 ], [ 670033.07106093224138, 7187085.506888022646308 ], [ 670035.120072928024456, 7187086.646292200312018 ], [ 670037.250505833770148, 7187087.747488344088197 ], [ 670039.804095610743389, 7187088.961538434028625 ], [ 670041.415668439003639, 7187089.670339561067522 ], [ 670042.987080111866817, 7187090.319936577230692 ], [ 670045.008076888741925, 7187091.09734115563333 ], [ 670046.384481152752414, 7187091.578908383846283 ], [ 670047.758871245430782, 7187092.00908399745822 ], [ 670049.195700312498957, 7187092.406117499805987 ], [ 670051.91249801684171, 7187093.014332436956465 ], [ 670053.416465745307505, 7187093.273487471975386 ], [ 670054.769066231092438, 7187093.460132753476501 ], [ 670056.38710867788177, 7187093.62694154959172 ], [ 670058.108666765037924, 7187093.737536929547787 ], [ 670059.712915234034881, 7187093.778918448835611 ], [ 670061.32589172385633, 7187093.76072963885963 ], [ 670062.819666510913521, 7187093.690294745378196 ], [ 670064.189722996205091, 7187093.580125980079174 ], [ 670065.571070980397053, 7187093.424730150029063 ], [ 670066.772121060988866, 7187093.253099001944065 ], [ 670067.909694558591582, 7187093.05851863976568 ], [ 670069.177272961940616, 7187092.805710697546601 ], [ 670071.961880502407439, 7187092.241684103384614 ], [ 670074.637479242985137, 7187091.757308430969715 ], [ 670077.270719586638734, 7187091.335493817925453 ], [ 670080.130888703162782, 7187090.937910122796893 ], [ 670082.735076327924617, 7187090.630719570443034 ], [ 670085.624298213166185, 7187090.350323399528861 ], [ 670088.596100695431232, 7187090.127910626120865 ], [ 670091.572297725477256, 7187089.971904119476676 ], [ 670094.621675938833505, 7187089.881083160638809 ], [ 670097.937533729360439, 7187089.861307088285685 ], [ 670100.383335152990185, 7187089.899514608085155 ], [ 670103.003330968902446, 7187089.990273374132812 ], [ 670106.575719632441178, 7187090.197487055324018 ], [ 670123.452127174590714, 7187087.027927118353546 ], [ 670165.880910961423069, 7187090.979518618434668 ], [ 670175.983330821385607, 7187092.187890896573663 ], [ 670184.399715224513784, 7187094.065514182671905 ], [ 670196.798950094846077, 7187097.475668796338141 ], [ 670202.123719841241837, 7187098.94008459802717 ], [ 670204.472353396238759, 7187099.585714170709252 ], [ 670208.816959236864932, 7187100.674458686262369 ], [ 670229.277963555068709, 7187102.993668984621763 ], [ 670255.08015596086625, 7187106.195263678207994 ], [ 670269.066976439789869, 7187108.361460119485855 ], [ 670301.498748348793015, 7187112.265080010518432 ], [ 670316.874179987004027, 7187114.238282954320312 ], [ 670317.103977412800305, 7187114.250856151804328 ], [ 670319.640171879902482, 7187114.063660761341453 ], [ 670321.608373001217842, 7187113.699890730902553 ], [ 670323.502355315722525, 7187113.165466376580298 ], [ 670329.597754501039162, 7187111.478452971205115 ], [ 670335.342994795180857, 7187109.248653849586844 ], [ 670336.921547348611057, 7187108.750667557120323 ], [ 670338.823769410490058, 7187108.200435090810061 ], [ 670341.215798713034019, 7187107.583430046215653 ], [ 670343.553750873543322, 7187107.059442615136504 ], [ 670345.739786511054263, 7187106.638848796486855 ], [ 670348.132548283552751, 7187106.253838441334665 ], [ 670350.645366253331304, 7187105.933037064038217 ], [ 670353.163555333972909, 7187105.696281115524471 ], [ 670355.449566641822457, 7187105.554068697616458 ], [ 670357.668378236237913, 7187105.48204674012959 ], [ 670359.886945705395192, 7187105.474661031737924 ], [ 670362.228560095652938, 7187105.537282640114427 ], [ 670364.70097287686076, 7187105.681447211652994 ], [ 670366.728988575632684, 7187105.860462957061827 ], [ 670368.517990545835346, 7187106.063648680225015 ], [ 670388.999808387830853, 7187110.969651641324162 ], [ 670407.126768928952515, 7187124.251023488119245 ], [ 670416.664369156584144, 7187124.721846858039498 ], [ 670422.798404013738036, 7187125.024641093797982 ], [ 670423.320619956008159, 7187120.180035226047039 ], [ 670423.821778804529458, 7187115.531657439656556 ], [ 670420.010374635457993, 7187106.658059702254832 ] ] ] ] } },
{ "type": "Feature", "properties": { "CODIGO": "PN08", "CODIGO_SMM": "0334", "TIPO": "PARQUE", "NOME": "BARIGUI", "TEXTO_MAPA": "PARQUE BARIGUI" }, "geometry": { "type": "MultiPolygon", "coordinates": [ [ [ [ 670489.777980818995275, 7188051.054289562627673 ], [ 670502.726591645274311, 7188046.421045947819948 ], [ 670507.779998329118825, 7188044.48769479803741 ], [ 670510.00021355797071, 7188043.543846439570189 ], [ 670512.26162751368247, 7188042.520896486938 ], [ 670514.488434516009875, 7188041.450644286349416 ], [ 670516.791779601480812, 7188040.275472607463598 ], [ 670519.216828793752939, 7188038.961079676635563 ], [ 670521.003022898221388, 7188037.94008294865489 ], [ 670523.201387457782403, 7188036.619037229567766 ], [ 670525.935213497607037, 7188034.87385798804462 ], [ 670528.981417478527874, 7188032.787492070347071 ], [ 670535.833835267229006, 7188027.950270159170032 ], [ 670538.293613416608423, 7188026.366467969492078 ], [ 670540.969822325394489, 7188024.97523170337081 ], [ 670543.556187527952716, 7188023.91688128747046 ], [ 670544.999791322043166, 7188023.436656257137656 ], [ 670547.984227980137803, 7188022.676828786730766 ], [ 670579.46879299916327, 7188016.366456917487085 ], [ 670584.183393683866598, 7188015.613465033471584 ], [ 670586.567000209237449, 7188015.358825805597007 ], [ 670588.603011453640647, 7188015.222228674218059 ], [ 670590.982406587689184, 7188015.13806068431586 ], [ 670613.003042218508199, 7188015.18364945333451 ], [ 670636.2986421167152, 7188017.950246978551149 ], [ 670654.198242992628366, 7188013.278855368494987 ], [ 670658.820863575558178, 7188012.052230563014746 ], [ 670663.679446113994345, 7188010.732649145647883 ], [ 670667.683658356429078, 7188009.621808188967407 ], [ 670671.341068765614182, 7188008.588604044169188 ], [ 670676.562261224375106, 7188007.082804239355028 ], [ 670681.973822364816442, 7188005.483620582148433 ], [ 670686.430854501319118, 7188004.137000664137304 ], [ 670692.587471926701255, 7188002.232640992850065 ], [ 670697.928842599969357, 7188000.538608691655099 ], [ 670703.033640955924056, 7187998.883211703971028 ], [ 670708.449474517256021, 7187997.087616860866547 ], [ 670714.940625660703517, 7187994.881804404780269 ], [ 670720.618239039322361, 7187992.904202625155449 ], [ 670725.766433365643024, 7187991.071803627535701 ], [ 670731.617264532484114, 7187988.943628042936325 ], [ 670778.897241538390517, 7187971.487009765580297 ], [ 670782.511683112476021, 7187970.097177116200328 ], [ 670785.682643142296001, 7187968.784370945766568 ], [ 670789.187038269010372, 7187967.228400580585003 ], [ 670792.688686788664199, 7187965.559393076226115 ], [ 670795.921048133284785, 7187963.913395887240767 ], [ 670799.72585827158764, 7187961.840762727893889 ], [ 670803.633695733267814, 7187959.552797457203269 ], [ 670807.31948723574169, 7187957.238587110303342 ], [ 670809.994048113352619, 7187955.454955721274018 ], [ 670809.969877612427808, 7187952.655394442379475 ], [ 670809.940091110998765, 7187946.122983062639832 ], [ 670809.828884403919801, 7187943.079403184354305 ], [ 670827.594697121996433, 7187943.00457042362541 ], [ 670829.604646357009187, 7187942.914604167453945 ], [ 670830.884675961220637, 7187942.784598989412189 ], [ 670832.36465670610778, 7187942.254569250158966 ], [ 670834.594698584172875, 7187941.244558760896325 ], [ 670837.604647836647928, 7187939.964589546434581 ], [ 670840.634677632246166, 7187938.544544607400894 ], [ 670843.784641663078219, 7187937.724597456865013 ], [ 670847.624669392826036, 7187937.104601389728487 ], [ 670856.644691048422828, 7187936.004562631249428 ], [ 670861.304665321949869, 7187935.594588425010443 ], [ 670884.364668529829942, 7187933.84458324033767 ], [ 670883.474650572868995, 7187918.834569707512856 ], [ 670880.324683689395897, 7187905.734530286863446 ], [ 670876.98465273831971, 7187889.984526827931404 ], [ 670871.834685397334397, 7187877.194546492770314 ], [ 670867.644679322838783, 7187864.794519675895572 ], [ 670855.524676240165718, 7187841.314535515382886 ], [ 670852.67463897971902, 7187841.814536230638623 ], [ 670847.624647078104317, 7187828.174519030377269 ], [ 670845.914624014636502, 7187825.024555173702538 ], [ 670842.854624995030463, 7187821.784564713947475 ], [ 670839.244638316798955, 7187819.894550308585167 ], [ 670835.544625097187236, 7187819.654560768976808 ], [ 670832.804631516803056, 7187806.804521329700947 ], [ 670819.164610743056983, 7187794.234513496048748 ], [ 670812.764625419862568, 7187695.224540052935481 ], [ 670815.474581303424202, 7187667.10453699156642 ], [ 670813.852016284363344, 7187637.795691733248532 ], [ 670765.174573346041143, 7187632.534530885517597 ], [ 670707.104550492367707, 7187630.464534906670451 ], [ 670652.994555634446442, 7187652.794507900252938 ], [ 670634.894575861748308, 7187655.334551333449781 ], [ 670622.194560161558911, 7187654.414570780470967 ], [ 670596.594575225724839, 7187641.264548148028553 ], [ 670575.414513455005363, 7187628.80452723428607 ], [ 670559.874529183027335, 7187618.024559319019318 ], [ 670541.324529168312438, 7187581.854570700787008 ], [ 670528.214532320387661, 7187542.304514168761671 ], [ 670517.804490896989591, 7187520.114508029073477 ], [ 670515.994492215802893, 7187516.924505119211972 ], [ 670509.964520290726796, 7187506.674503661692142 ], [ 670482.948271967819892, 7187477.583925375714898 ], [ 670467.591883516055532, 7187476.686528377234936 ], [ 670460.474419456208125, 7187327.127469589933753 ], [ 670456.674671215703711, 7187309.510278244502842 ], [ 670452.564259727485478, 7187320.161099749617279 ], [ 670442.379870942444541, 7187325.379120778292418 ], [ 670440.642016661935486, 7187326.238496358506382 ], [ 670437.267870657728054, 7187328.093111792579293 ], [ 670432.113267576671205, 7187329.612705528736115 ], [ 670427.087021444924176, 7187331.032872945070267 ], [ 670421.408614571671933, 7187332.811683164909482 ], [ 670415.980634961277246, 7187334.355874132364988 ], [ 670411.156049063894898, 7187335.899881871417165 ], [ 670404.553813862265088, 7187337.864300239831209 ], [ 670398.866862071910873, 7187339.674909786321223 ], [ 670393.512246716418304, 7187341.111312624998391 ], [ 670386.80820484040305, 7187343.032884323038161 ], [ 670382.061621821601875, 7187344.233141955919564 ], [ 670375.650426674750634, 7187346.022938655689359 ], [ 670370.070835667545907, 7187347.42589426599443 ], [ 670363.121798609849066, 7187349.349541209638119 ], [ 670356.211213706759736, 7187351.245295071974397 ], [ 670350.235809646546841, 7187352.830745927989483 ], [ 670349.510223657125607, 7187353.498348789289594 ], [ 670344.750029877992347, 7187355.10949520394206 ], [ 670339.247038090019487, 7187356.894347870722413 ], [ 670333.950406212941743, 7187358.649110155180097 ], [ 670331.734402383444831, 7187359.453920389525592 ], [ 670327.398647219408303, 7187361.193545753136277 ], [ 670325.478419866878539, 7187362.159549817442894 ], [ 670323.660243361024186, 7187363.317143267020583 ], [ 670321.984217750839889, 7187364.376714199781418 ], [ 670317.89004008716438, 7187367.543158737011254 ], [ 670313.164026489248499, 7187371.527535747736692 ], [ 670307.06240244989749, 7187376.816539846360683 ], [ 670305.568200661451556, 7187378.087109331972897 ], [ 670301.208214994403534, 7187382.091566840186715 ], [ 670299.146203151787631, 7187384.106338297948241 ], [ 670294.82601251010783, 7187388.565568864345551 ], [ 670293.397423622081988, 7187390.281756130978465 ], [ 670290.099633050384, 7187394.265339391306043 ], [ 670287.748192814178765, 7187398.200521568767726 ], [ 670286.478417745092884, 7187401.390952352434397 ], [ 670285.36641869333107, 7187405.061363700777292 ], [ 670285.590601662173867, 7187408.890771396458149 ], [ 670286.384791710413992, 7187410.792566167190671 ], [ 670287.495998319238424, 7187412.09633825533092 ], [ 670288.748806480085477, 7187413.158349996432662 ], [ 670290.594631782383658, 7187411.336754905059934 ], [ 670291.7690092677949, 7187410.05556536372751 ], [ 670293.623990545165725, 7187411.652977512218058 ], [ 670295.323393187136389, 7187413.346947336569428 ], [ 670296.765410527354106, 7187415.127953369170427 ], [ 670298.362213294836693, 7187418.038720408454537 ], [ 670299.052643564529717, 7187420.010949788615108 ], [ 670299.436799494549632, 7187422.738977770321071 ], [ 670299.320040256017819, 7187427.860927380621433 ], [ 670298.561251543695107, 7187430.54275197070092 ], [ 670298.144808854907751, 7187431.965359849855304 ], [ 670296.85122999525629, 7187434.792753434740007 ], [ 670295.7504000980407, 7187437.082732288166881 ], [ 670294.242038299911655, 7187439.086578337475657 ], [ 670292.978854625835083, 7187440.299530573189259 ], [ 670290.909640475641936, 7187441.555756911635399 ], [ 670288.760653323028237, 7187442.643953436054289 ], [ 670287.878817214514129, 7187442.924349198117852 ], [ 670285.947054112097248, 7187443.387545512989163 ], [ 670283.992402801872231, 7187443.765170525759459 ], [ 670282.358796409796923, 7187443.715549262240529 ], [ 670278.986603064229712, 7187443.288730992004275 ], [ 670275.931426333030686, 7187442.524754364043474 ], [ 670273.791411020676605, 7187441.996983666904271 ], [ 670271.243802778772078, 7187441.223973729647696 ], [ 670270.184842463932, 7187440.841588592156768 ], [ 670268.557644598186016, 7187439.972570141777396 ], [ 670267.043239715858363, 7187439.039586805738509 ], [ 670265.360621876083314, 7187437.978368610143661 ], [ 670264.304591208230704, 7187437.390539081767201 ], [ 670261.106042254716158, 7187433.674352237023413 ], [ 670260.128439890570007, 7187423.813143792562187 ], [ 670260.269797047018073, 7187422.336336735635996 ], [ 670265.717427936615422, 7187410.767362860962749 ], [ 670271.937398441368714, 7187401.883570197969675 ], [ 670278.250386592233554, 7187393.210776105523109 ], [ 670282.151631723390892, 7187388.309345800429583 ], [ 670285.408223527716473, 7187384.200945619493723 ], [ 670291.585591944865882, 7187377.581557855941355 ], [ 670295.666402733535506, 7187373.579358706250787 ], [ 670303.945395104936324, 7187366.335946911945939 ], [ 670308.217612242908217, 7187362.56970970146358 ], [ 670311.591819101129659, 7187359.82233280222863 ], [ 670313.74843554769177, 7187358.225347079336643 ], [ 670315.746604715357535, 7187356.77692099660635 ], [ 670317.119224485591985, 7187355.725956087000668 ], [ 670319.083824316272512, 7187354.309512442909181 ], [ 670321.411827597534284, 7187353.067507247440517 ], [ 670328.751428457791917, 7187349.853332541882992 ], [ 670331.867823101812974, 7187348.834105563350022 ], [ 670336.095240898896009, 7187347.39672639220953 ], [ 670340.735195393208414, 7187345.813717218115926 ], [ 670347.753446277813055, 7187343.608698116615415 ], [ 670354.060210285359062, 7187342.013908812776208 ], [ 670361.141205387422815, 7187340.107901006937027 ], [ 670367.014619678491727, 7187338.538685528561473 ], [ 670373.333651733584702, 7187336.831530469469726 ], [ 670379.527622728492133, 7187335.161301713436842 ], [ 670385.121007663314231, 7187333.665084358304739 ], [ 670389.259436227264814, 7187332.462080268189311 ], [ 670394.099830256425776, 7187331.022320600226521 ], [ 670399.312050539650954, 7187329.503093062900007 ], [ 670402.77744429348968, 7187328.467508587054908 ], [ 670406.041849237401038, 7187327.481301605701447 ], [ 670409.199442645302042, 7187326.577309025451541 ], [ 670413.344035763177089, 7187325.38010327424854 ], [ 670416.38645578105934, 7187324.377111666835845 ], [ 670420.126019527902827, 7187323.334691194817424 ], [ 670421.748822596971877, 7187322.908299149945378 ], [ 670422.855023989453912, 7187322.579502452164888 ], [ 670431.824447124497965, 7187319.733308465220034 ], [ 670437.484237819910049, 7187315.747710559517145 ], [ 670440.373031896539032, 7187312.725492381490767 ], [ 670444.615829518530518, 7187306.208705136552453 ], [ 670447.630232950323261, 7187298.142906505614519 ], [ 670444.991000420413911, 7187246.021860661916435 ], [ 670434.511606989894062, 7187145.259629353880882 ], [ 670433.759409475955181, 7187145.001450730487704 ], [ 670428.724190751323476, 7187144.354845145717263 ], [ 670356.046374690602534, 7187135.593871369026601 ], [ 670305.680576665094122, 7187129.415474276058376 ], [ 670299.6249715188751, 7187126.731087601743639 ], [ 670267.375938911107369, 7187122.810072650201619 ], [ 670254.129963820334524, 7187122.931474313139915 ], [ 670228.13111679290887, 7187123.190085643902421 ], [ 670203.623908335808665, 7187123.441860732622445 ], [ 670195.835761279566213, 7187132.929108459502459 ], [ 670194.056525163236074, 7187133.842500176280737 ], [ 670188.00354536389932, 7187135.245272775180638 ], [ 670185.574712001020089, 7187136.597507512196898 ], [ 670148.461298385285772, 7187133.342509348876774 ], [ 670113.408312693121843, 7187142.75432316493243 ], [ 670011.408903774572536, 7187178.083149611949921 ], [ 670004.013882787316106, 7187180.354758160188794 ], [ 669993.964869397925213, 7187182.556543011218309 ], [ 669983.880882656900212, 7187183.79494871199131 ], [ 669976.285910046542995, 7187184.106778955087066 ], [ 669904.111086760414764, 7187184.777142959646881 ], [ 669964.563881608191878, 7187284.714168565347791 ], [ 669999.028135571745224, 7187341.68841964751482 ], [ 670014.588325862307101, 7187369.081184893846512 ], [ 670024.852736328495666, 7187386.26838213391602 ], [ 670023.432942314073443, 7187416.471210172399879 ], [ 670026.484156979480758, 7187442.847803387790918 ], [ 670029.339386511943303, 7187463.347808185964823 ], [ 670032.750338882906362, 7187472.070832241326571 ], [ 670035.851536789559759, 7187476.051423475146294 ], [ 670049.756389709655195, 7187491.319613123312593 ], [ 670048.431379084009677, 7187500.764440092258155 ], [ 670047.734360041329637, 7187513.624612067826092 ], [ 670045.984360596630722, 7187518.584635699167848 ], [ 670045.414353623753414, 7187521.034648666158319 ], [ 670044.144395830808207, 7187526.104657581076026 ], [ 670042.854357467964292, 7187531.184615232050419 ], [ 670042.074389522196725, 7187533.72465511970222 ], [ 670040.484363290248439, 7187538.804612834006548 ], [ 670039.514392852201127, 7187541.344652758911252 ], [ 670038.884388322476298, 7187543.884631583467126 ], [ 670037.944386155810207, 7187546.424610467627645 ], [ 670037.294362088199705, 7187548.954640561714768 ], [ 670035.404409148497507, 7187554.674613151699305 ], [ 670033.144399833749048, 7187559.764641806483269 ], [ 670031.484366321354173, 7187565.154658207669854 ], [ 670029.594413382699713, 7187570.87463079765439 ], [ 670029.004386890446767, 7187573.404660879634321 ], [ 670027.644402284873649, 7187578.804625954478979 ], [ 670026.4343810955761, 7187584.194642264395952 ], [ 670025.474359908606857, 7187589.264651116915047 ], [ 670025.334406774607487, 7187591.794620071537793 ], [ 670024.824397909920663, 7187596.86462883092463 ], [ 670024.704403276671655, 7187599.394658816978335 ], [ 670024.944394154008478, 7187602.234625333920121 ], [ 670025.574400231707841, 7187607.294624093919992 ], [ 670026.564391881227493, 7187612.974679093807936 ], [ 670027.584412707947195, 7187618.02466800622642 ], [ 670028.854372626752593, 7187623.384654507040977 ], [ 670030.134403350995854, 7187628.754650774411857 ], [ 670031.914373103296384, 7187633.794629761949182 ], [ 670033.174384289421141, 7187639.154677299782634 ], [ 670034.434395477408543, 7187644.524673569947481 ], [ 670035.974375060992315, 7187650.19465765543282 ], [ 670037.384410717408173, 7187655.634661239571869 ], [ 670038.754407203407027, 7187660.604694003239274 ], [ 670040.384413603809662, 7187665.96468043141067 ], [ 670041.394424661644734, 7187671.014669346623123 ], [ 670042.194413242395967, 7187673.854696784168482 ], [ 670043.324418995878659, 7187676.684653351083398 ], [ 670044.004412364447489, 7187679.214683174155653 ], [ 670045.654438298079185, 7187684.564659830182791 ], [ 670046.984395794686861, 7187689.9346560863778 ], [ 670048.324424025136977, 7187694.974696200340986 ], [ 670049.444420464104041, 7187700.024685092270374 ], [ 670050.974390217568725, 7187705.384671539999545 ], [ 670052.234401433495805, 7187710.894682496786118 ], [ 670053.054409457021393, 7187713.274687837809324 ], [ 670054.264432837138884, 7187718.634674351662397 ], [ 670055.55441246565897, 7187724.844697692431509 ], [ 670055.554413335863501, 7187729.104708576574922 ], [ 670052.91983149247244, 7187735.789098078384995 ], [ 670059.090852498426102, 7187730.351107110269368 ], [ 670070.346834393683821, 7187718.196072324179113 ], [ 670072.936619360349141, 7187725.933866797946393 ], [ 670062.848849992500618, 7187734.819064060226083 ], [ 670058.186801360570826, 7187739.335057409480214 ], [ 670052.768832034897059, 7187743.426063008606434 ], [ 670049.005831145099364, 7187746.268105536699295 ], [ 670047.039827520027757, 7187747.752115117385983 ], [ 670038.109833039226942, 7187750.303081964142621 ], [ 670026.911832079058513, 7187750.303084245882928 ], [ 670024.566799620050006, 7187749.764083119109273 ], [ 670018.470789447426796, 7187748.362106453627348 ], [ 669974.904009804711677, 7187768.759276457130909 ], [ 669975.860798101639375, 7187773.36291516572237 ], [ 669977.084188290988095, 7187779.248109335079789 ], [ 669977.371236987761222, 7187780.629335224628448 ], [ 669964.973590634064749, 7187785.126104071736336 ], [ 669952.739396226825193, 7187788.42951319552958 ], [ 669929.742023614817299, 7187831.916956071741879 ], [ 669928.935810378286988, 7187833.649317530915141 ], [ 669928.147419469663873, 7187835.657557966187596 ], [ 669927.487812783452682, 7187837.719936572015285 ], [ 669926.998982486082241, 7187839.665554858744144 ], [ 669926.605183987645432, 7187841.786344071850181 ], [ 669926.352193630998954, 7187843.905546339228749 ], [ 669926.236227235756814, 7187846.021940962411463 ], [ 669926.250631922390312, 7187847.919951712712646 ], [ 669926.52962427015882, 7187850.742950445972383 ], [ 669926.903404053417034, 7187852.6543278247118 ], [ 669927.471214672899805, 7187854.682343378663063 ], [ 669928.126244504353963, 7187856.465363735333085 ], [ 669928.896630791714415, 7187858.160127206705511 ], [ 669930.155237530125305, 7187860.389314547181129 ], [ 669931.072230232646689, 7187861.739168232306838 ], [ 669931.903224337263964, 7187862.897920807823539 ], [ 669948.386631384841166, 7187884.087742358446121 ], [ 669949.793248344911262, 7187885.969517468474805 ], [ 669951.300634434563108, 7187888.143528964370489 ], [ 669952.585425216821022, 7187890.14615374058485 ], [ 669953.879615451907739, 7187892.32755053602159 ], [ 669955.926430738181807, 7187896.201147328130901 ], [ 669957.099222086020745, 7187898.725561815313995 ], [ 669958.104227718198672, 7187901.124365952797234 ], [ 669959.823833645321429, 7187905.96335613168776 ], [ 669960.657208468066528, 7187908.822121362201869 ], [ 669961.310651558218524, 7187911.455727878957987 ], [ 669961.801863100146875, 7187913.799539430998266 ], [ 669962.595260356902145, 7187918.966960062272847 ], [ 669962.881638008519076, 7187922.031719109974802 ], [ 669962.948044634889811, 7187923.792522782459855 ], [ 669978.133472841233015, 7187921.075355887413025 ], [ 670077.674449724610895, 7187903.264723000116646 ], [ 670078.384472914971411, 7187908.324721744284034 ], [ 670079.254468835075386, 7187911.154739401303232 ], [ 670080.274489662377164, 7187916.204728314653039 ], [ 670080.624465856235474, 7187918.734697169624269 ], [ 670081.724442757782526, 7187923.78474710136652 ], [ 670081.784441363764927, 7187928.844745979644358 ], [ 670082.324481662246399, 7187934.21474239975214 ], [ 670082.614460281445645, 7187936.744711267761886 ], [ 670084.204488568473607, 7187941.734702490270138 ], [ 670086.194480359088629, 7187946.824730278924108 ], [ 670087.934472074033692, 7187951.86470927670598 ], [ 670094.784451041254215, 7187959.694727029651403 ], [ 670096.434476190363057, 7187961.184717318974435 ], [ 670100.914458570303395, 7187964.834741779603064 ], [ 670103.004486258607358, 7187966.254724636673927 ], [ 670105.234467562753707, 7187967.494714744389057 ], [ 670107.204500131774694, 7187969.05471231136471 ], [ 670110.704501808620989, 7187972.804712584242225 ], [ 670115.264501137193292, 7187975.654749024659395 ], [ 670119.724463729769923, 7187978.074731661006808 ], [ 670124.1844874919625, 7187981.154748652130365 ], [ 670128.644511218531989, 7187984.054711883887649 ], [ 670133.734478850266896, 7187986.434716355055571 ], [ 670136.264508849941194, 7187986.644737865775824 ], [ 670138.794477765099145, 7187986.614708046428859 ], [ 670143.854476562701166, 7187986.224753297865391 ], [ 670146.384506475762464, 7187986.014730754308403 ], [ 670151.424485464114696, 7187984.294697534292936 ], [ 670156.654527990962379, 7187982.624713118188083 ], [ 670162.21452641824726, 7187979.78474541567266 ], [ 670163.281299020629376, 7187979.120133206248283 ], [ 670163.684497565380298, 7187980.084732988849282 ], [ 670164.934498050133698, 7187980.864701200276613 ], [ 670165.944508074549958, 7187980.844742493703961 ], [ 670168.464528118958697, 7187980.144729586318135 ], [ 670170.534474574495107, 7187978.314711594954133 ], [ 670172.074513580882922, 7187976.074720455333591 ], [ 670173.304493852891028, 7187973.534741509705782 ], [ 670175.944508215761743, 7187968.764720184728503 ], [ 670177.444508151034825, 7187966.534738823771477 ], [ 670178.594532410032116, 7187964.304696496576071 ], [ 670179.744495451450348, 7187961.184700325131416 ], [ 670181.574512035236694, 7187956.36469135992229 ], [ 670183.014513791073114, 7187951.174687258899212 ], [ 670184.954515658901073, 7187945.884707444347441 ], [ 670186.304491141345352, 7187943.654726112261415 ], [ 670187.974474076763727, 7187941.644715478643775 ], [ 670190.504504122538492, 7187942.084717519581318 ], [ 670193.444508215179667, 7187946.424683880060911 ], [ 670195.324514037230983, 7187948.624696282669902 ], [ 670196.934500272967853, 7187950.904725851491094 ], [ 670200.564507041941397, 7187955.514711674302816 ], [ 670204.324518683482893, 7187959.904726712033153 ], [ 670205.044489836203866, 7187961.184695162810385 ], [ 670205.594539007055573, 7187962.164736811071634 ], [ 670208.494504066649824, 7187966.694705672562122 ], [ 670212.024535179138184, 7187971.084720754995942 ], [ 670215.254517280729488, 7187974.964726001024246 ], [ 670216.844544998719357, 7187977.164738461375237 ], [ 670219.734500366495922, 7187982.07471230905503 ], [ 670221.344547652988695, 7187984.424688184633851 ], [ 670224.554510326706804, 7187988.834722867235541 ], [ 670227.464546215254813, 7187993.494696646928787 ], [ 670229.154549546306953, 7187995.694709086790681 ], [ 670232.584543961682357, 7187999.834724124521017 ], [ 670234.464549702825025, 7188001.644721776247025 ], [ 670238.384534585056826, 7188006.304695347324014 ], [ 670241.314528895076364, 7188010.564705634489655 ], [ 670242.864517470239662, 7188012.414742426946759 ], [ 670243.894547414267436, 7188014.274728056974709 ], [ 670245.794511701911688, 7188016.304696465842426 ], [ 670250.264545967569575, 7188022.974741254001856 ], [ 670253.134542732266709, 7188027.384714972227812 ], [ 670255.714561394881457, 7188031.794688751921058 ], [ 670257.374535996932536, 7188036.814709264785051 ], [ 670258.689356240676716, 7188039.583142342045903 ], [ 670270.38534272625111, 7188037.38349337875843 ], [ 670279.157561472151428, 7188035.733710881322622 ], [ 670290.264558670693077, 7188034.142338566482067 ], [ 670300.412937551969662, 7188033.023500749841332 ], [ 670308.59732682374306, 7188032.689697720110416 ], [ 670316.416359654162079, 7188032.841734739020467 ], [ 670326.599345888476819, 7188033.733090316876769 ], [ 670330.342327928403392, 7188034.259701017290354 ], [ 670333.958539933431894, 7188034.873103760182858 ], [ 670340.84275833319407, 7188036.327082229778171 ], [ 670345.157151772640646, 7188037.433526952750981 ], [ 670348.389757787808776, 7188038.365716478787363 ], [ 670354.390186998411082, 7188040.333916455507278 ], [ 670358.921987845213152, 7188042.044304164126515 ], [ 670385.426391506334767, 7188052.922475440427661 ], [ 670385.636596564669162, 7188052.555898152291775 ], [ 670386.08575427136384, 7188051.94707221724093 ], [ 670386.735595620470122, 7188051.314869768917561 ], [ 670387.283386209048331, 7188050.912708906456828 ], [ 670388.091552837868221, 7188050.502125136554241 ], [ 670388.660766814369708, 7188050.30589694250375 ], [ 670389.550354413455352, 7188050.13127513229847 ], [ 670390.306763297179714, 7188050.108508858829737 ], [ 670391.130799176637083, 7188050.20811809040606 ], [ 670406.706182535737753, 7188054.524278154596686 ], [ 670411.995002549490891, 7188055.877304771915078 ], [ 670416.884957655565813, 7188056.943466164171696 ], [ 670421.478770054294728, 7188057.755477159284055 ], [ 670425.365795109886676, 7188058.333906691521406 ], [ 670430.13941706949845, 7188058.866864841431379 ], [ 670434.777418837649748, 7188059.214703341946006 ], [ 670439.102371173212305, 7188059.400676627643406 ], [ 670442.693619683384895, 7188059.470317025668919 ], [ 670446.602983486256562, 7188059.424112601205707 ], [ 670450.753802400780842, 7188059.238503793254495 ], [ 670454.87099091289565, 7188058.937904728576541 ], [ 670459.187581292586401, 7188058.450476959347725 ], [ 670463.492574971984141, 7188057.868688818067312 ], [ 670467.913779585738666, 7188057.127904027700424 ], [ 670476.982812294154428, 7188055.086702906526625 ], [ 670480.307581038447097, 7188054.163056963123381 ], [ 670484.789210343849845, 7188052.793060570023954 ], [ 670489.777980818995275, 7188051.054289562627673 ] ] ] ] } },
{ "type": "Feature", "properties": { "CODIGO": "PC17", "CODIGO_SMM": "0341", "TIPO": "PARQUE", "NOME": "PASSEIO PÚBLICO", "TEXTO_MAPA": "PASSEIO PÚBLICO" }, "geometry": { "type": "MultiPolygon", "coordinates": [ [ [ [ 674271.58353130647447, 7186879.761757533997297 ], [ 674289.90354236937128, 7186874.931796384975314 ], [ 674294.71354161167983, 7186877.011751979589462 ], [ 674309.30357498396188, 7186890.091769443824887 ], [ 674323.353570081293583, 7186907.611790627241135 ], [ 674325.673578218556941, 7186908.621800173074007 ], [ 674328.403559205704369, 7186907.71176518406719 ], [ 674345.423580181784928, 7186893.521755469031632 ], [ 674349.463558339513838, 7186889.13179986178875 ], [ 674355.62359270232264, 7186882.37178703956306 ], [ 674361.513546304544434, 7186875.011737493798137 ], [ 674363.453548713237979, 7186872.451738856732845 ], [ 674367.233577543171123, 7186865.531753345392644 ], [ 674368.613582002697513, 7186861.801771610975266 ], [ 674371.273554570158012, 7186855.741771910339594 ], [ 674374.913567849318497, 7186844.681770694442093 ], [ 674428.543554042465985, 7186688.861711375415325 ], [ 674430.643529044580646, 7186683.471694878302515 ], [ 674433.313572288723662, 7186676.811719432473183 ], [ 674434.47354508866556, 7186673.731701295822859 ], [ 674436.203525267075747, 7186670.201670711860061 ], [ 674441.328525098506361, 7186663.045295698568225 ], [ 674446.792331461445428, 7186657.294072348624468 ], [ 674447.811923663481139, 7186655.631718183867633 ], [ 674448.261569379363209, 7186653.733707340434194 ], [ 674448.096163656562567, 7186651.790469560772181 ], [ 674447.33212499669753, 7186649.996096692979336 ], [ 674445.859956284752116, 7186648.262515004724264 ], [ 674443.996918401797302, 7186646.876711809076369 ], [ 674442.071563717909157, 7186646.00567926838994 ], [ 674439.243743010796607, 7186645.288089340552688 ], [ 674434.426908116787672, 7186644.569096020422876 ], [ 674427.093959349556826, 7186644.137884061783552 ], [ 674418.17934515082743, 7186643.778266692534089 ], [ 674411.34975359775126, 7186644.065865851938725 ], [ 674402.291340908501297, 7186645.503673298284411 ], [ 674133.312890909495763, 7186708.772972130216658 ], [ 674129.862085170578212, 7186712.702966555953026 ], [ 674109.157288030022755, 7186914.862813834100962 ], [ 674113.183109328267165, 7186926.269615298137069 ], [ 674201.205365498783067, 7187005.500818843021989 ], [ 674209.633529562503099, 7187006.731835471466184 ], [ 674244.903552100760862, 7186977.331795985810459 ], [ 674243.803574472200125, 7186968.921820867806673 ], [ 674208.463528937892988, 7186923.381838295608759 ], [ 674214.913541432586499, 7186916.751830329187214 ], [ 674219.793546226574108, 7186910.271786108613014 ], [ 674225.6435215419624, 7186901.711785087361932 ], [ 674231.343533614999615, 7186894.001820939593017 ], [ 674236.023526554112323, 7186889.451769942417741 ], [ 674241.353544282726943, 7186885.901780106127262 ], [ 674249.093535873107612, 7186882.781782554462552 ], [ 674259.013520991778933, 7186881.041789791546762 ], [ 674271.58353130647447, 7186879.761757533997297 ] ] ] ] } },
{ "type": "Feature", "properties": { "CODIGO": null, "CODIGO_SMM": "0343", "TIPO": "PARQUE", "NOME": "CAIUÁ", "TEXTO_MAPA": "PARQUE CAIUÁ" }, "geometry": { "type": "MultiPolygon", "coordinates": [ [ [ [ 666212.660051901591942, 7179819.701587418094277 ], [ 666240.75984926125966, 7179808.841410607099533 ], [ 666248.652245494769886, 7179805.010414410382509 ], [ 666269.332843351294287, 7179753.101156421937048 ], [ 666263.067637384985574, 7179719.799757641740143 ], [ 666262.079843873158097, 7179718.321363910101354 ], [ 666260.109811233007349, 7179716.271375991404057 ], [ 666257.990059519652277, 7179715.241590997204185 ], [ 666255.640022390754893, 7179715.651564713567495 ], [ 666253.48004915821366, 7179717.921585250645876 ], [ 666241.960029543493874, 7179731.971578896045685 ], [ 666226.750007248600014, 7179749.471586359664798 ], [ 666210.840033269138075, 7179765.281591093167663 ], [ 666201.220037547289394, 7179774.341592863202095 ], [ 666192.770024570636451, 7179781.101606025360525 ], [ 666185.81006290577352, 7179786.201584289781749 ], [ 666174.970034538302571, 7179792.251636812463403 ], [ 666165.680054999189451, 7179796.351615287363529 ], [ 666156.81005821749568, 7179799.151605555787683 ], [ 666146.790036699967459, 7179801.791622871533036 ], [ 666136.950007584993728, 7179802.831603122875094 ], [ 666126.570000261301175, 7179803.641602955758572 ], [ 666116.370046502677724, 7179803.491641571745276 ], [ 666105.660021746065468, 7179802.991643578745425 ], [ 666094.090011354070157, 7179802.151618817821145 ], [ 666076.060038100113161, 7179799.781626692973077 ], [ 666059.090001766569912, 7179798.071668702177703 ], [ 666025.899990478064865, 7179795.421650230884552 ], [ 665994.430011481745169, 7179793.391626687720418 ], [ 665976.30000196560286, 7179792.951627746224403 ], [ 665967.019974974682555, 7179816.211645246483386 ], [ 665948.909994061803445, 7179861.311696894466877 ], [ 665970.939968161284924, 7179862.88170022983104 ], [ 665995.740023591089994, 7179864.801678687334061 ], [ 666018.410012439126149, 7179866.081642758101225 ], [ 666045.069992692675442, 7179868.20163310226053 ], [ 666075.400017252075486, 7179867.52163421176374 ], [ 666082.689997010515071, 7179867.031642400659621 ], [ 666090.189998662681319, 7179865.89162596873939 ], [ 666097.870053970022127, 7179864.231650873087347 ], [ 666113.670044803991914, 7179859.611651438288391 ], [ 666141.650030072312802, 7179848.491647928021848 ], [ 666161.930062849773094, 7179840.441654052585363 ], [ 666178.020031464286149, 7179834.221617532894015 ], [ 666196.640029729576781, 7179826.601616773754358 ], [ 666212.660051901591942, 7179819.701587418094277 ] ] ] ] } },
{ "type": "Feature", "properties": { "CODIGO": null, "CODIGO_SMM": "0344", "TIPO": "PARQUE", "NOME": "DIADEMA", "TEXTO_MAPA": "PARQUE DIADEMA" }, "geometry": { "type": "MultiPolygon", "coordinates": [ [ [ [ 666087.080767779727466, 7179674.137427658773959 ], [ 666146.391561744152568, 7179614.397776699624956 ], [ 666234.198241770034656, 7179701.67555226944387 ], [ 666243.100223423680291, 7179711.121780913323164 ], [ 666249.350040241144598, 7179702.881604240275919 ], [ 666251.470035016769543, 7179698.511546560563147 ], [ 666253.200015297858045, 7179695.391550307162106 ], [ 666253.580019571701996, 7179691.861581075936556 ], [ 666253.510011734790169, 7179689.381599995307624 ], [ 666253.320007898961194, 7179682.631598325446248 ], [ 666253.790039104875177, 7179679.371587639674544 ], [ 666252.570005160290748, 7179669.841556176543236 ], [ 666249.850030628731474, 7179654.061584463343024 ], [ 666245.800037357257679, 7179631.681574727408588 ], [ 666241.870040215784684, 7179614.23155888915062 ], [ 666238.910014447988942, 7179598.921558048576117 ], [ 666236.709999397047795, 7179587.421555578708649 ], [ 666235.329992281855084, 7179577.961531488224864 ], [ 666234.310031420085579, 7179567.381572961807251 ], [ 666234.050019481452182, 7179556.811563015915453 ], [ 666235.560027392348275, 7179545.62155744433403 ], [ 666237.529997008037753, 7179537.691562369465828 ], [ 666239.819973623729311, 7179527.741547191515565 ], [ 666241.399989908444695, 7179521.721525821834803 ], [ 666241.310023810248822, 7179520.441557254642248 ], [ 666239.839991135639139, 7179517.591520207002759 ], [ 666237.499963446054608, 7179516.351530125364661 ], [ 666207.620009880163707, 7179505.121552776545286 ], [ 666201.999951855745167, 7179502.791536217555404 ], [ 666197.469982194597833, 7179501.461519693955779 ], [ 666192.509958799229935, 7179500.55154730938375 ], [ 666186.749947410076857, 7179499.641514047980309 ], [ 666181.359992305748165, 7179498.931554005481303 ], [ 666175.569951774552464, 7179498.831518514081836 ], [ 666169.439945472870022, 7179499.41153697296977 ], [ 666163.229983191704378, 7179500.471536036580801 ], [ 666156.109986639465205, 7179502.21152812987566 ], [ 666137.989988093962893, 7179507.771530708298087 ], [ 666096.779958406928927, 7179520.821591047570109 ], [ 666080.529955292469822, 7179525.611573524773121 ], [ 666073.17997829883825, 7179527.781558448448777 ], [ 666067.379928479786031, 7179530.091557744890451 ], [ 666060.839949377812445, 7179532.921576854772866 ], [ 666054.119977649999782, 7179536.221566820517182 ], [ 666047.689923004829325, 7179539.611583607271314 ], [ 666041.349956332007423, 7179543.301588244736195 ], [ 666033.619974720990285, 7179547.281571259722114 ], [ 666025.979959101299755, 7179552.011554446071386 ], [ 666016.869972755201161, 7179558.471579868346453 ], [ 666007.669959425926208, 7179564.40157587453723 ], [ 666000.009924288606271, 7179569.22158594429493 ], [ 665992.20993550051935, 7179574.031586272642016 ], [ 665983.73996369575616, 7179579.1515843719244 ], [ 665976.439913860056549, 7179583.2715819850564 ], [ 665967.989961260464042, 7179586.73160651512444 ], [ 665959.389922979986295, 7179589.211589323356748 ], [ 665952.769926495384425, 7179590.671612983569503 ], [ 665949.91995030711405, 7179591.23161124996841 ], [ 665944.509914982249029, 7179592.281600385904312 ], [ 665935.049951786990277, 7179592.841599970124662 ], [ 665927.499901257455349, 7179593.791613921523094 ], [ 665925.109947193413973, 7179594.531604817137122 ], [ 665923.059959263191558, 7179596.421620352193713 ], [ 665922.349937916500494, 7179600.461599541828036 ], [ 665921.549951782217249, 7179609.801628921180964 ], [ 665919.489956337027252, 7179623.011593609116971 ], [ 665916.089934255345725, 7179639.001649600453675 ], [ 665912.239960266277194, 7179651.871648740023375 ], [ 665909.069917816203088, 7179663.371652280911803 ], [ 665905.529941439977847, 7179676.121656211093068 ], [ 665902.22995491605252, 7179686.651627793908119 ], [ 665898.039953852538019, 7179698.851643921807408 ], [ 665895.499915851629339, 7179707.381675883196294 ], [ 665904.229959913878702, 7179709.24165996722877 ], [ 665913.889935787650757, 7179710.791646229103208 ], [ 665922.779952678829432, 7179710.871661570854485 ], [ 665931.979966911254451, 7179709.461625202558935 ], [ 665944.249927916447632, 7179706.621656220406294 ], [ 665949.919973018579185, 7179705.301647432148457 ], [ 665960.429984928225167, 7179702.841622745618224 ], [ 665972.869989866041578, 7179699.721624362282455 ], [ 666005.329957596259192, 7179692.991635725833476 ], [ 666042.829965213895775, 7179684.071643088944256 ], [ 666068.680007276590914, 7179678.871624415740371 ], [ 666087.080767779727466, 7179674.137427658773959 ] ] ] ] } },
{ "type": "Feature", "properties": { "CODIGO": null, "CODIGO_SMM": "0344", "TIPO": "PARQUE", "NOME": "DIADEMA", "TEXTO_MAPA": "PARQUE DIADEMA" }, "geometry": { "type": "MultiPolygon", "coordinates": [ [ [ [ 665597.720263981027529, 7179524.972082025371492 ], [ 665594.772205878747627, 7179533.622658529318869 ], [ 665583.795029540546238, 7179529.904275979846716 ], [ 665586.73020920320414, 7179521.162085687741637 ], [ 665548.889804077218287, 7179508.141643134877086 ], [ 665543.479831008473411, 7179515.341658235527575 ], [ 665524.399820585269481, 7179572.961671711876988 ], [ 665503.799851802294143, 7179633.201681273989379 ], [ 665488.379813643870875, 7179681.801733251661062 ], [ 665484.649834834388457, 7179694.861734855920076 ], [ 665483.689813727629371, 7179700.441753548569977 ], [ 665484.449824546230957, 7179704.781720316037536 ], [ 665486.379818200599402, 7179707.271710798144341 ], [ 665521.089848926640116, 7179707.551733272150159 ], [ 665540.609873335808516, 7179707.491731822490692 ], [ 665561.62983698991593, 7179706.941739715635777 ], [ 665574.009844720130786, 7179705.661707635037601 ], [ 665587.069845183286816, 7179703.801719218492508 ], [ 665597.869896270334721, 7179701.561726272106171 ], [ 665605.899866026011296, 7179698.951677628792822 ], [ 665615.969874794012867, 7179693.521681578829885 ], [ 665636.769865435431711, 7179681.621711054816842 ], [ 665659.869905402301811, 7179669.34167405962944 ], [ 665675.459873397834599, 7179660.641656553372741 ], [ 665683.639867435325868, 7179657.181693114340305 ], [ 665690.709876040345989, 7179654.711659345775843 ], [ 665698.749855795875192, 7179653.271654942072928 ], [ 665708.879862949484959, 7179651.931686768308282 ], [ 665719.009870246984065, 7179651.31168948020786 ], [ 665730.989914741250686, 7179651.261638257652521 ], [ 665739.509875624906272, 7179652.531656416133046 ], [ 665751.719901220174506, 7179655.371681563556194 ], [ 665763.989924418274313, 7179658.351660345681012 ], [ 665776.959899179753847, 7179662.421666119247675 ], [ 665786.929934158921242, 7179666.151645548641682 ], [ 665807.509896920411848, 7179673.951631220988929 ], [ 665845.979941299534403, 7179689.04165424220264 ], [ 665882.959933986188844, 7179703.881677493453026 ], [ 665885.729952680645511, 7179696.191672556102276 ], [ 665894.549957165261731, 7179670.821669262833893 ], [ 665901.559963904786855, 7179646.791632490232587 ], [ 665905.049952291068621, 7179633.121645426377654 ], [ 665907.699913655291311, 7179619.661619523540139 ], [ 665908.85994588106405, 7179608.381648176349699 ], [ 665908.489947660826147, 7179593.261588273569942 ], [ 665904.329912110581063, 7179591.611625304445624 ], [ 665895.299940984346904, 7179588.581597039476037 ], [ 665883.969920207280666, 7179584.311639718711376 ], [ 665852.119933734182268, 7179569.681637475267053 ], [ 665790.639870503218845, 7179537.851624567061663 ], [ 665768.389862507698126, 7179525.661623468622565 ], [ 665758.919888284988701, 7179519.881655628792942 ], [ 665748.88985514070373, 7179513.16162418667227 ], [ 665741.569844689918682, 7179506.651614230126143 ], [ 665735.089861058513634, 7179498.901613558642566 ], [ 665729.189833460957743, 7179490.321656508371234 ], [ 665724.229869432514533, 7179481.021606316789985 ], [ 665719.049873259617016, 7179469.951597223058343 ], [ 665716.029851228697225, 7179461.181637111119926 ], [ 665713.989871517638676, 7179455.281611612066627 ], [ 665701.859855694929138, 7179415.521594209596515 ], [ 665660.699813681654632, 7179427.931639706715941 ], [ 665622.349849454127252, 7179533.381686190143228 ], [ 665608.419852333376184, 7179528.561680415645242 ], [ 665597.720263981027529, 7179524.972082025371492 ] ] ] ] } },
{ "type": "Feature", "properties": { "CODIGO": null, "CODIGO_SMM": "0358", "TIPO": "BOSQUE", "NOME": "DO TRABALHADOR", "TEXTO_MAPA": "BOSQUE DO TRABALHADOR" }, "geometry": { "type": "MultiPolygon", "coordinates": [ [ [ [ 669220.256647120579146, 7177192.891178105026484 ], [ 669110.468897731858306, 7177481.438452774658799 ], [ 669402.180962196784094, 7177565.27801413834095 ], [ 669500.516617202432826, 7177556.8795545399189 ], [ 669567.754006600705907, 7177591.273592446930707 ], [ 669644.742253929725848, 7177630.655788796022534 ], [ 669692.332639859989285, 7177537.621148861944675 ], [ 669592.620995863806456, 7177486.615358045324683 ], [ 669571.254228090168908, 7177475.685550086200237 ], [ 669523.508605815120973, 7177451.262152805924416 ], [ 669541.322551790741272, 7177336.818333911709487 ], [ 669545.209388493793085, 7177311.848722380585968 ], [ 669552.310943470569327, 7177266.225723681971431 ], [ 669532.755763376830146, 7177268.834126750007272 ], [ 669531.502955573843792, 7177269.437703816220164 ], [ 669527.278955917339772, 7177271.472495222464204 ], [ 669522.203576739528216, 7177273.917504191398621 ], [ 669477.694959656684659, 7177273.419710384681821 ], [ 669460.279549933504313, 7177272.746923231519759 ], [ 669450.240912038716488, 7177271.99332400970161 ], [ 669439.105960318003781, 7177270.845498838461936 ], [ 669427.699157867347822, 7177269.325115034356713 ], [ 669416.717953609186225, 7177267.528119747526944 ], [ 669406.710138240130618, 7177265.600753136910498 ], [ 669395.981131193111651, 7177263.223313316702843 ], [ 669386.010730265406892, 7177260.719713642261922 ], [ 669375.742294519790448, 7177257.838916668668389 ], [ 669364.035503764869645, 7177254.169728675857186 ], [ 669342.766698095132597, 7177246.418144145980477 ], [ 669332.729707457241602, 7177242.250725708901882 ], [ 669322.342496904078871, 7177237.577508877962828 ], [ 669311.631128445500508, 7177232.357966291718185 ], [ 669298.149067983613349, 7177225.180110789835453 ], [ 669280.507276956923306, 7177215.384335556998849 ], [ 669220.256647120579146, 7177192.891178105026484 ] ] ] ] } },
{ "type": "Feature", "properties": { "CODIGO": null, "CODIGO_SMM": "0358", "TIPO": "BOSQUE", "NOME": "DO TRABALHADOR", "TEXTO_MAPA": "BOSQUE DO TRABALHADOR" }, "geometry": { "type": "MultiPolygon", "coordinates": [ [ [ [ 669678.816371613531373, 7177092.769233658909798 ], [ 669677.155358337564394, 7177082.344243599101901 ], [ 669672.730979983927682, 7177083.240851168520749 ], [ 669666.82094430946745, 7177083.080818152986467 ], [ 669650.450761711690575, 7177081.490611126646399 ], [ 669630.610363007173873, 7177077.910230970010161 ], [ 669610.940313121653162, 7177072.640214124694467 ], [ 669592.820312494877726, 7177067.600238526239991 ], [ 669569.820304555702023, 7177056.550252651795745 ], [ 669544.900313084828667, 7177044.78023524954915 ], [ 669513.170321545912884, 7177028.950220659375191 ], [ 669492.07027765258681, 7177018.860256608575583 ], [ 669464.320267938543111, 7177004.850248986855149 ], [ 669449.920299544464797, 7176997.700225712731481 ], [ 669321.18105791893322, 7176933.702433159574866 ], [ 669233.512442109291442, 7177160.229363046586514 ], [ 669279.290290516219102, 7177185.060353611595929 ], [ 669320.760276023531333, 7177207.390306824818254 ], [ 669342.030302738538012, 7177216.830307305790484 ], [ 669363.100317031028681, 7177225.440351563505828 ], [ 669377.110331313917413, 7177230.600323151797056 ], [ 669388.580305671319366, 7177234.600321820005774 ], [ 669402.69029516831506, 7177237.810341728851199 ], [ 669413.720327679533511, 7177240.180335195735097 ], [ 669425.720331161632203, 7177242.690343149006367 ], [ 669436.170346118160523, 7177243.490329017862678 ], [ 669446.280334176728502, 7177244.490327212959528 ], [ 669453.560365467797965, 7177245.430328408256173 ], [ 669466.51032005273737, 7177246.440335793420672 ], [ 669494.240368459839374, 7177246.620322875678539 ], [ 669538.350364928250201, 7177247.570326346904039 ], [ 669589.590367931406945, 7177247.960269631817937 ], [ 669638.020799851394258, 7177247.980706557631493 ], [ 669834.305211805854924, 7177250.682022232562304 ], [ 669838.461217881413177, 7177246.692030154168606 ], [ 669839.6024511505384, 7177235.09064762480557 ], [ 669835.88241750234738, 7177230.236643263138831 ], [ 669823.382596096722409, 7177223.292857453227043 ], [ 669811.58998853538651, 7177212.976023780182004 ], [ 669809.434039052110165, 7177192.730230581015348 ], [ 669808.975234937854111, 7177179.32403835747391 ], [ 669803.880384069634601, 7177174.546206169761717 ], [ 669803.276379880029708, 7177173.891237867064774 ], [ 669794.227425617631525, 7177164.92120572924614 ], [ 669793.096382638439536, 7177163.850221805274487 ], [ 669788.433416767860763, 7177159.683229526504874 ], [ 669782.321414772421122, 7177154.920229092240334 ], [ 669776.289369159494527, 7177151.666201186366379 ], [ 669770.415404687868431, 7177148.650210419669747 ], [ 669762.477413423592225, 7177143.649234222248197 ], [ 669754.06438529107254, 7177138.013248199597001 ], [ 669746.602407651022077, 7177134.600223964080215 ], [ 669739.776355655048974, 7177132.139226203784347 ], [ 669731.870408596005291, 7177130.770208915695548 ], [ 669711.915385794825852, 7177126.980234006419778 ], [ 669699.454383674892597, 7177124.519237393513322 ], [ 669693.586339767673053, 7177122.246227766387165 ], [ 669693.104344981373288, 7177122.059216098859906 ], [ 669692.370396952726878, 7177121.606213204562664 ], [ 669687.834384517860599, 7177118.804211475886405 ], [ 669687.706393747590482, 7177118.72523198928684 ], [ 669687.647372724837624, 7177118.668225151486695 ], [ 669684.69034015678335, 7177115.788220150396228 ], [ 669682.38833658315707, 7177110.62922274786979 ], [ 669680.562345874728635, 7177103.326242779381573 ], [ 669678.816371613531373, 7177092.769233658909798 ] ] ] ] } },
{ "type": "Feature", "properties": { "CODIGO": null, "CODIGO_SMM": "0109", "TIPO": "PARQUE", "NOME": "DO SEMEADOR", "TEXTO_MAPA": "PARQUE DO SEMEADOR" }, "geometry": { "type": "MultiPolygon", "coordinates": [ [ [ [ 675805.701089173438959, 7174306.588072389364243 ], [ 675807.021097269607708, 7174308.718077518977225 ], [ 675825.67106797429733, 7174321.858091474510729 ], [ 675868.811099546728656, 7174352.118038565851748 ], [ 675871.771122663514689, 7174354.118038433603942 ], [ 675873.661137951072305, 7174354.958065097220242 ], [ 675875.001104096183553, 7174354.948055045679212 ], [ 675877.831121658207849, 7174353.908076165243983 ], [ 675878.861089944606647, 7174352.838068360462785 ], [ 675882.741094753611833, 7174347.998039491474628 ], [ 675890.001104371156543, 7174338.898060128092766 ], [ 675896.491093923454173, 7174328.158065872266889 ], [ 675897.671086459304206, 7174326.128035826608539 ], [ 675902.631107660708949, 7174316.738078848458827 ], [ 675907.631106473505497, 7174305.338050566613674 ], [ 675915.951110682100989, 7174280.958037913776934 ], [ 675916.921081175212748, 7174278.848051836714149 ], [ 675921.0610942596104, 7174266.64803574513644 ], [ 675925.101131791598164, 7174254.728049043565989 ], [ 675938.551077868556604, 7174215.057992475107312 ], [ 675941.86107404017821, 7174204.658025832846761 ], [ 675970.851114536519162, 7174120.157998877577484 ], [ 675972.431069888873026, 7174115.007972861640155 ], [ 675972.111062093172222, 7174113.147987119853497 ], [ 675970.68106840737164, 7174110.017981767654419 ], [ 675938.081080004922114, 7174086.97800494544208 ], [ 675936.22109386138618, 7174085.37796832434833 ], [ 675903.761059245211072, 7174062.997964780777693 ], [ 675901.111034054425545, 7174062.377970069646835 ], [ 675899.901072971173562, 7174063.087992473505437 ], [ 675898.981090286863036, 7174065.217998074367642 ], [ 675885.511062721838243, 7174100.548026714473963 ], [ 675884.451065468951128, 7174103.218010505661368 ], [ 675867.241048665950075, 7174147.598029961809516 ], [ 675863.181052390602417, 7174158.367991968989372 ], [ 675851.651087480247952, 7174187.578023575246334 ], [ 675847.241054631187581, 7174198.978051731362939 ], [ 675842.771085270331241, 7174210.508023779839277 ], [ 675828.421052974648774, 7174247.598062809556723 ], [ 675823.831088553648442, 7174259.538069165311754 ], [ 675818.061070836847648, 7174274.808032644912601 ], [ 675806.521096177049913, 7174304.11803986877203 ], [ 675805.701089173438959, 7174306.588072389364243 ] ] ] ] } },
{ "type": "Feature", "properties": { "CODIGO": "PS74", "CODIGO_SMM": "0340", "TIPO": "JARDIM BOTÂNICO", "NOME": "FRANCISCA MARIA GARFUNKEL RISCHIBIETER", "TEXTO_MAPA": "JARDIM BOTÂNICO FRANCISCA MARIA GARFUNKEL RISCHIBIETER" }, "geometry": { "type": "MultiPolygon", "coordinates": [ [ [ [ 676945.161158738657832, 7184719.989086344838142 ], [ 676968.496624851366505, 7184771.369893055409193 ], [ 676970.035812197136693, 7184782.584068001247942 ], [ 676968.056993875419721, 7184796.656887012533844 ], [ 676961.460193083854392, 7184809.190460999496281 ], [ 676946.947619148762897, 7184823.483314465731382 ], [ 676930.895798138459213, 7184832.718488726764917 ], [ 676895.713785112136975, 7184846.131707677617669 ], [ 676887.577797066885978, 7184847.890926168300211 ], [ 676855.254363193409517, 7184846.571535710245371 ], [ 676759.773934528115205, 7184863.419338647276163 ], [ 676763.077769189141691, 7184867.216519108042121 ], [ 676769.886366159887984, 7184874.162320247851312 ], [ 676799.134609494358301, 7184901.710722074843943 ], [ 676800.373806824441999, 7184902.814909109845757 ], [ 676801.285550380591303, 7184903.556120045483112 ], [ 676802.422757882275619, 7184904.396940335631371 ], [ 676803.396574188140221, 7184905.049955435097218 ], [ 676804.645781212020665, 7184905.805143354460597 ], [ 676805.973174284677953, 7184906.526517771184444 ], [ 676808.737396464217454, 7184907.83834614045918 ], [ 676837.999369784025475, 7184921.562708729878068 ], [ 676851.059372780495323, 7184931.38332618586719 ], [ 676870.246030827402137, 7184967.255951055325568 ], [ 676871.862181706470437, 7184969.90054368507117 ], [ 676874.53503466991242, 7184973.267914596945047 ], [ 676878.855837425799109, 7184977.344513859599829 ], [ 677090.34690095379483, 7185176.885536419227719 ], [ 677113.381335320184007, 7185198.60453131236136 ], [ 677117.92693054699339, 7185202.345131903886795 ], [ 677119.731923659681343, 7185202.215553849935532 ], [ 677123.211721151834354, 7185198.610571704804897 ], [ 677124.666922013857402, 7185199.982764136046171 ], [ 677128.071098374901339, 7185203.192542078904808 ], [ 677134.061335491016507, 7185208.840552529320121 ], [ 677135.407527314848267, 7185209.175147054716945 ], [ 677137.782955274684355, 7185209.656164741143584 ], [ 677140.244931092252955, 7185210.066320575773716 ], [ 677142.67730483005289, 7185210.374120432883501 ], [ 677144.861509537324309, 7185210.576756739988923 ], [ 677147.340758245671168, 7185210.692723039537668 ], [ 677149.922546024085023, 7185210.707370933145285 ], [ 677152.499512002803385, 7185210.634128179401159 ], [ 677155.130127873504534, 7185210.445162727497518 ], [ 677158.243348810938187, 7185210.077913435176015 ], [ 677160.655763900023885, 7185209.685761941596866 ], [ 677162.875918183708563, 7185209.235749145969748 ], [ 677165.326724351150915, 7185208.637726008892059 ], [ 677168.219913394539617, 7185207.804717363789678 ], [ 677171.390934485592879, 7185206.708952246233821 ], [ 677173.981755242566578, 7185205.660916755907238 ], [ 677176.590520311146975, 7185204.480312867090106 ], [ 677179.639959237305447, 7185202.904506145976484 ], [ 677182.687322919489816, 7185201.102564112283289 ], [ 677184.975164985167794, 7185199.596703860908747 ], [ 677187.532721398049034, 7185197.725914256647229 ], [ 677190.145148378214799, 7185195.612509830854833 ], [ 677192.166144609218463, 7185193.809713521972299 ], [ 677193.696723300148733, 7185192.322347087785602 ], [ 677195.66071262746118, 7185190.270344184711576 ], [ 677197.522345951176248, 7185188.130328584462404 ], [ 677198.940314693842083, 7185186.375933296978474 ], [ 677200.088752166600898, 7185184.854326211847365 ], [ 677201.799140262533911, 7185182.373734382912517 ], [ 677205.203925261390395, 7185177.510695287026465 ], [ 677303.097534227883443, 7185027.312637416645885 ], [ 677329.834959825733677, 7184989.544250342994928 ], [ 677333.99212528183125, 7184984.181027851998806 ], [ 677337.844542287522927, 7184979.59246383048594 ], [ 677341.642515996820293, 7184975.360223153606057 ], [ 677345.925108911702409, 7184970.854056522250175 ], [ 677351.910704917740077, 7184965.050464875996113 ], [ 677357.017944035236724, 7184960.507615930400789 ], [ 677361.82391366455704, 7184956.545211534947157 ], [ 677366.488525919150561, 7184952.971051901578903 ], [ 677370.732911116210744, 7184949.868816305883229 ], [ 677375.31793359760195, 7184946.723856018856168 ], [ 677384.63672135071829, 7184940.789221148937941 ], [ 677393.561954497243278, 7184935.710604649037123 ], [ 677401.682744286721572, 7184931.612640433013439 ], [ 677409.451544372597709, 7184928.14303338713944 ], [ 677418.477363813202828, 7184924.623194128274918 ], [ 677426.220956555334851, 7184922.008384672924876 ], [ 677434.593150569591671, 7184919.569783626124263 ], [ 677443.49317682068795, 7184917.457781672477722 ], [ 677455.81257651001215, 7184915.346023131161928 ], [ 677478.583943998208269, 7184912.21058045886457 ], [ 677489.823110794182867, 7184757.803738692775369 ], [ 677288.451290244585834, 7184740.336003566160798 ], [ 677282.174677664996125, 7184742.028571256436408 ], [ 677254.189445313066244, 7184762.375018029473722 ], [ 677253.090689924545586, 7184761.312823162414134 ], [ 677249.611867558676749, 7184758.156023766845465 ], [ 677246.542469186359085, 7184755.277788810431957 ], [ 677247.027454324066639, 7184753.689592494629323 ], [ 677247.309680657694116, 7184752.269426050595939 ], [ 677247.443835658719763, 7184750.827775257639587 ], [ 677247.428454487584531, 7184749.37977683916688 ], [ 677247.263476111809723, 7184747.941422007977962 ], [ 677246.950853661051951, 7184746.527603350579739 ], [ 677246.493883036659099, 7184745.153579652309418 ], [ 677245.89744705602061, 7184743.83418246358633 ], [ 677245.167832344886847, 7184742.583388837054372 ], [ 677244.313034514547326, 7184741.414626508951187 ], [ 677243.342269876040518, 7184740.340590791776776 ], [ 677242.265487166820094, 7184739.372390085831285 ], [ 677241.050887058721855, 7184738.488784159533679 ], [ 677239.374861017800868, 7184737.455214912071824 ], [ 677236.492047448060475, 7184735.905410435050726 ], [ 677234.310650187893771, 7184734.890579093247652 ], [ 677231.667827033088543, 7184733.897598438896239 ], [ 677229.231241770554334, 7184733.120010863989592 ], [ 677226.607034417451359, 7184732.479813503101468 ], [ 677224.128273917129263, 7184732.018021918833256 ], [ 677221.344825864769518, 7184731.678178671747446 ], [ 677149.038409425178543, 7184725.118194777518511 ], [ 677108.559028151910752, 7184721.512245409190655 ], [ 677087.81939846673049, 7184719.925640515983105 ], [ 677074.655210364144295, 7184719.199202693998814 ], [ 677059.168389848433435, 7184718.562853277660906 ], [ 677047.05663130315952, 7184718.260060361586511 ], [ 677034.434984964784235, 7184718.10881788469851 ], [ 677022.771407771739177, 7184718.1996406968683 ], [ 677008.462810388416983, 7184718.385068587958813 ], [ 676945.161158738657832, 7184719.989086344838142 ] ] ] ] } },
{ "type": "Feature", "properties": { "CODIGO": "PN08", "CODIGO_SMM": "0334", "TIPO": "PARQUE", "NOME": "BARIGUI", "TEXTO_MAPA": "PARQUE BARIGUI" }, "geometry": { "type": "MultiPolygon", "coordinates": [ [ [ [ 670149.164541025529616, 7187110.734287948347628 ], [ 670150.361500571132638, 7187104.781466320157051 ], [ 670142.558702131151222, 7187099.85409845598042 ], [ 670109.407081507029943, 7187096.455483723431826 ], [ 670106.150122598395683, 7187096.181924745440483 ], [ 670102.725133877014741, 7187095.9835000988096 ], [ 670100.231725009391084, 7187095.897074803709984 ], [ 670097.907505648909137, 7187095.860881419852376 ], [ 670094.728305608034134, 7187095.879680901765823 ], [ 670091.817904481198639, 7187095.966534545645118 ], [ 670088.976290003512986, 7187096.115277839824557 ], [ 670086.137300052912906, 7187096.327924957498908 ], [ 670083.375702711637132, 7187096.595930963754654 ], [ 670080.894500955240801, 7187096.888534084893763 ], [ 670078.157500811154023, 7187097.268905837088823 ], [ 670075.645720456144772, 7187097.67149434518069 ], [ 670073.091276527382433, 7187098.133714225143194 ], [ 670070.367887261789292, 7187098.68553377315402 ], [ 670069.001492920331657, 7187098.957934026606381 ], [ 670067.701871046912856, 7187099.180285423994064 ], [ 670066.330471804365516, 7187099.376330675557256 ], [ 670064.764675536658615, 7187099.5525395385921 ], [ 670063.200283066602424, 7187099.678089206106961 ], [ 670061.500270433956757, 7187099.758289769291878 ], [ 670059.668482853099704, 7187099.778920031152666 ], [ 670057.838099067797884, 7187099.731740215793252 ], [ 670055.88649941503536, 7187099.606313334777951 ], [ 670054.050500364042819, 7187099.41728778090328 ], [ 670052.495690349023789, 7187099.202505325898528 ], [ 670050.792503810371272, 7187098.90910960175097 ], [ 670049.193870516959578, 7187098.577322730794549 ], [ 670047.691672785324045, 7187098.214713079854846 ], [ 670046.062521881656721, 7187097.764701086096466 ], [ 670044.496298230718821, 7187097.274344831705093 ], [ 670042.938863632967696, 7187096.729545201174915 ], [ 670040.762715436518192, 7187095.892326187342405 ], [ 670037.307086798828095, 7187094.417289884760976 ], [ 670034.583514050464146, 7187093.122734436765313 ], [ 670032.28309817193076, 7187091.933708714321256 ], [ 670030.07130535482429, 7187090.703728375025094 ], [ 670027.675674559199251, 7187089.270500948652625 ], [ 670025.072096879011951, 7187087.585930725559592 ], [ 670022.292676814133301, 7187085.631340935826302 ], [ 670019.895459023071453, 7187083.805108036845922 ], [ 670017.523265627096407, 7187081.858330665156245 ], [ 670015.330698746489361, 7187079.924126505851746 ], [ 670013.46485317859333, 7187078.166741169989109 ], [ 670011.919503334444016, 7187076.593132675625384 ], [ 670009.978889595484361, 7187074.423088556155562 ], [ 670008.196295904926956, 7187072.19249751418829 ], [ 670006.747869825456291, 7187070.176139861345291 ], [ 670005.138066650019027, 7187067.6664959769696 ], [ 670003.741886584553868, 7187065.196097664535046 ], [ 670002.404666447313502, 7187062.483939023688436 ], [ 670001.216066931374371, 7187059.669485403224826 ], [ 670000.339479294372723, 7187057.233327716588974 ], [ 669999.497864735545591, 7187054.437489752657712 ], [ 669998.72149667784106, 7187051.149342078715563 ], [ 669998.262267508544028, 7187048.534290217794478 ], [ 669997.920653078472242, 7187045.726123047992587 ], [ 669997.73547180974856, 7187042.99168633390218 ], [ 669997.692868740879931, 7187040.44993762858212 ], [ 669997.667660699225962, 7187037.921494589187205 ], [ 669997.752864956157282, 7187033.784713703207672 ], [ 669997.940852592582814, 7187030.38090417906642 ], [ 669998.295038887532428, 7187026.413495841436088 ], [ 669998.817682228982449, 7187022.299480985850096 ], [ 669999.524651760817505, 7187018.055522209964693 ], [ 670000.453850311343558, 7187013.601297220215201 ], [ 670001.355033888365142, 7187009.975929876789451 ], [ 670002.117240563849919, 7187007.260474909096956 ], [ 670003.214835349004716, 7187003.75528577901423 ], [ 670016.221666666213423, 7186964.54427432268858 ], [ 670017.026231845840812, 7186962.287498664110899 ], [ 670017.883836616063491, 7186960.174704967066646 ], [ 670018.785630879574455, 7186958.192099284380674 ], [ 670019.836045769392513, 7186956.116109756752849 ], [ 670020.979051021276973, 7186954.08009824808687 ], [ 670022.300828273990192, 7186951.954059825278819 ], [ 670023.493455179035664, 7186950.20668363571167 ], [ 670025.084275471046567, 7186948.083269670605659 ], [ 670026.678452737396583, 7186946.154069621115923 ], [ 670028.279832186293788, 7186944.38508689776063 ], [ 670029.958848389564082, 7186942.687454273924232 ], [ 670031.345628270297311, 7186941.392287637107074 ], [ 670033.172044437378645, 7186939.817457750439644 ], [ 670071.107472704839893, 7186908.559446224942803 ], [ 670072.501088543212973, 7186907.35668683797121 ], [ 670074.010488053434528, 7186905.915279902517796 ], [ 670075.375234205508605, 7186904.462886665016413 ], [ 670076.827687842189334, 7186902.73125749733299 ], [ 670078.110036455327645, 7186901.005853952839971 ], [ 670079.541066649835557, 7186898.800652889534831 ], [ 670080.888234469341114, 7186896.359428830444813 ], [ 670081.770253359340131, 7186894.483878841623664 ], [ 670082.667469929670915, 7186892.233878070488572 ], [ 670083.4906507745618, 7186889.67986112087965 ], [ 670084.115833524847403, 7186887.143239235505462 ], [ 670084.56804258399643, 7186884.53984490595758 ], [ 670084.830859533394687, 7186882.080432588234544 ], [ 670086.671248133294284, 7186857.842632899992168 ], [ 670086.813825992518105, 7186856.359234044328332 ], [ 670087.061445325729437, 7186854.597819957882166 ], [ 670087.304853323148564, 7186853.272258039563894 ], [ 670087.68327104812488, 7186851.599650102667511 ], [ 670088.153668772312813, 7186849.89505971595645 ], [ 670088.654278939357027, 7186848.356851205229759 ], [ 670089.192425756598823, 7186846.913430305197835 ], [ 670089.901654116227292, 7186845.244667517021298 ], [ 670090.677227720036171, 7186843.639442330226302 ], [ 670091.444073332007974, 7186842.220618560910225 ], [ 670092.325237811310217, 7186840.7510135024786 ], [ 670093.151226538815536, 7186839.49863263592124 ], [ 670094.414654250023887, 7186837.772618742659688 ], [ 670095.220623492496088, 7186836.771641754545271 ], [ 670103.144024486187845, 7186827.268463823013008 ], [ 670103.984478595200926, 7186826.230255371890962 ], [ 670104.8240781967761, 7186825.127044463530183 ], [ 670105.778851118055172, 7186823.782622530125082 ], [ 670106.67643407988362, 7186822.417448649182916 ], [ 670107.572246999363415, 7186820.93960384093225 ], [ 670108.324261079891585, 7186819.593045718967915 ], [ 670109.092022204189561, 7186818.096402103081346 ], [ 670109.935222734347917, 7186816.275417568162084 ], [ 670110.501628854544833, 7186814.919399032369256 ], [ 670111.208049550885335, 7186813.02981099113822 ], [ 670111.769450713298284, 7186811.31160974316299 ], [ 670112.205241531832144, 7186809.789636598899961 ], [ 670112.743632327765226, 7186807.55483365803957 ], [ 670113.020426548202522, 7186806.158043686300516 ], [ 670113.227640705066733, 7186804.925804551690817 ], [ 670113.383829474332742, 7186803.76424415782094 ], [ 670113.5216465794947, 7186802.226218823343515 ], [ 670113.579019357683137, 7186800.83644794113934 ], [ 670113.568826168542728, 7186799.291037381626666 ], [ 670113.466225695679896, 7186797.585043303668499 ], [ 670113.241066562593915, 7186795.700826548039913 ], [ 670112.911476263776422, 7186793.890401336364448 ], [ 670112.35282088292297, 7186791.679036126472056 ], [ 670111.766638723784126, 7186789.88460218347609 ], [ 670111.274450837401673, 7186788.611042380332947 ], [ 670110.480016676126979, 7186786.845600184984505 ], [ 670109.510045351227745, 7186785.020221488550305 ], [ 670108.764073225902393, 7186783.791400517337024 ], [ 670108.099461035453714, 7186782.796405276283622 ], [ 670107.612644364358857, 7186782.117205978371203 ], [ 670035.569820143631659, 7186684.476997373625636 ], [ 670034.550593553227372, 7186683.232795596122742 ], [ 670033.410395273240283, 7186682.098213011398911 ], [ 670032.16143233992625, 7186681.085029409267008 ], [ 670030.815972828422673, 7186680.203437656164169 ], [ 670029.388421036535874, 7186679.462593026459217 ], [ 670027.893181271385401, 7186678.870185948908329 ], [ 670026.345390254515223, 7186678.432197868824005 ], [ 670024.76140541350469, 7186678.153389524668455 ], [ 670023.15721796033904, 7186678.036202322691679 ], [ 670021.549612573813647, 7186678.082040064036846 ], [ 670019.954580465797335, 7186678.290597572922707 ], [ 670018.389211483183317, 7186678.659616542048752 ], [ 670016.869191665085964, 7186679.185190720483661 ], [ 669904.677155234268866, 7186724.464461268857121 ], [ 669903.822357730590738, 7186724.863448363728821 ], [ 669903.014801467768848, 7186725.35087541397661 ], [ 669902.263397581293248, 7186725.921249250881374 ], [ 669901.576568921213038, 7186726.568039110861719 ], [ 669900.962372130714357, 7186727.284042840823531 ], [ 669900.427399006555788, 7186728.061020693741739 ], [ 669899.977997203706764, 7186728.890427740290761 ], [ 669899.618988499045372, 7186729.76286456361413 ], [ 669899.354584319051355, 7186730.668260363861918 ], [ 669899.187592277652584, 7186731.596849506720901 ], [ 669899.120209638029337, 7186732.537645665928721 ], [ 669898.932406478910707, 7186742.671681556850672 ], [ 669832.055378133198246, 7186758.083442375063896 ], [ 669825.720780274947174, 7186750.765875833109021 ], [ 669824.925980095867999, 7186749.934271773323417 ], [ 669824.053543193265796, 7186749.184699000790715 ], [ 669823.111770353280008, 7186748.524481736123562 ], [ 669822.109572713961825, 7186747.959845560602844 ], [ 669821.056960041867569, 7186747.496283642016351 ], [ 669819.963759001810104, 7186747.138251544907689 ], [ 669818.840772821102291, 7186746.889472411945462 ], [ 669817.698743688641116, 7186746.752082470804453 ], [ 669813.481762540526688, 7186746.377876688726246 ], [ 669805.131540458649397, 7186745.435068083927035 ], [ 669798.352546800277196, 7186744.44745934382081 ], [ 669791.349126780405641, 7186743.280285170301795 ], [ 669783.627566851908341, 7186741.753858121111989 ], [ 669776.354737481800839, 7186740.092848425731063 ], [ 669770.024718423606828, 7186738.476455247029662 ], [ 669762.258175427326933, 7186736.231888369657099 ], [ 669755.703546834294684, 7186734.121903801336884 ], [ 669750.361320956028067, 7186732.281267199665308 ], [ 669745.063711767783388, 7186730.350908886641264 ], [ 669740.125538709689863, 7186728.420489463955164 ], [ 669735.516528334585018, 7186726.491107573732734 ], [ 669606.668278206372634, 7186671.487091082148254 ], [ 669502.744475120678544, 7186626.798074645921588 ], [ 669500.474271625396796, 7186625.467874564230442 ], [ 669497.896633897675201, 7186623.780679821968079 ], [ 669495.459682216052897, 7186621.976480627432466 ], [ 669492.999231945490465, 7186619.937723271548748 ], [ 669490.937036196468398, 7186618.016275433823466 ], [ 669489.226464113104157, 7186616.282327573746443 ], [ 669487.539268470136449, 7186614.407693639397621 ], [ 669485.570822646492161, 7186611.993875047191978 ], [ 669483.649434881983325, 7186609.299294656142592 ], [ 669481.915425087558106, 7186606.557473002001643 ], [ 669480.439044776838273, 7186603.933082967996597 ], [ 669479.009661477291957, 7186600.957130331546068 ], [ 669477.81465326459147, 7186598.098304143175483 ], [ 669476.830460555618629, 7186595.356482338160276 ], [ 669476.268021074938588, 7186593.528906289488077 ], [ 669475.640029690694064, 7186591.073278334923089 ], [ 669463.417421597754583, 7186543.273890882730484 ], [ 669460.668639406678267, 7186532.531701134517789 ], [ 669459.300412789452821, 7186526.792686239816248 ], [ 669458.502193821361288, 7186521.927878001704812 ], [ 669457.970210334402509, 7186517.367269007489085 ], [ 669457.70421812706627, 7186512.806476853787899 ], [ 669457.704216931015253, 7186506.915484104305506 ], [ 669457.818229728145525, 7186502.468705575913191 ], [ 669457.590018764836714, 7186500.226456500589848 ], [ 669457.02001074468717, 7186497.52809165418148 ], [ 669456.145803457708098, 7186494.981460306793451 ], [ 669455.043629842228256, 7186492.62525874376297 ], [ 669453.181385122123174, 7186489.736647526733577 ], [ 669451.167040867963806, 7186487.418471060693264 ], [ 669449.56761390378233, 7186486.041456865146756 ], [ 669446.692795851267874, 7186483.999891974963248 ], [ 669445.54039120033849, 7186486.128249699249864 ], [ 669443.462999133393168, 7186491.291093267500401 ], [ 669443.513856489444152, 7186565.398900710046291 ], [ 669443.708012562710792, 7186581.101297352463007 ], [ 669445.572236322448589, 7186711.522717796266079 ], [ 669377.837235237006098, 7186720.427763182669878 ], [ 669381.812296026386321, 7186834.352779977023602 ], [ 669451.452267652377486, 7186834.18278287537396 ], [ 669451.492309921304695, 7186849.902757683768868 ], [ 669503.612318471772596, 7186849.54276164714247 ], [ 669614.742362346616574, 7186899.64272775221616 ], [ 669659.462348749162629, 7186919.832726383581758 ], [ 669723.002349201356992, 7186949.072772378101945 ], [ 669740.655614710878581, 7186957.19996818061918 ], [ 669785.412405560724437, 7186978.532728328369558 ], [ 669871.242849166155793, 7187165.313155294395983 ], [ 669976.040300641092472, 7187165.106957130134106 ], [ 669984.098102944088168, 7187164.706747863441706 ], [ 669990.821676285006106, 7187163.816548505797982 ], [ 669997.405478982604109, 7187162.437945729121566 ], [ 670005.248681227210909, 7187160.107926429249346 ], [ 670134.151293465751223, 7187115.459878185763955 ], [ 670149.164541025529616, 7187110.734287948347628 ] ] ] ] } },
{ "type": "Feature", "properties": { "CODIGO": null, "CODIGO_SMM": "0335", "TIPO": "PARQUE", "NOME": "SÃO LOURENÇO", "TEXTO_MAPA": "PARQUE SÃO LOURENÇO" }, "geometry": { "type": "MultiPolygon", "coordinates": [ [ [ [ 674401.728644045884721, 7190958.791861173696816 ], [ 674399.525642614229582, 7190968.741022003814578 ], [ 674321.786181763978675, 7190971.626048786565661 ], [ 674298.403608813881874, 7190979.21766946837306 ], [ 674296.961232076981105, 7191010.116054479032755 ], [ 674297.743036863626912, 7191035.308871096000075 ], [ 674298.010432159295306, 7191036.294100796803832 ], [ 674299.950802662991919, 7191042.701450733467937 ], [ 674306.721804194385186, 7191060.162879759445786 ], [ 674309.567630094941705, 7191059.933508985675871 ], [ 674313.056217240635306, 7191058.96945770829916 ], [ 674316.085636747069657, 7191057.82205686531961 ], [ 674316.670415016589686, 7191059.178075172007084 ], [ 674319.275031028781086, 7191064.280859192833304 ], [ 674319.728217469295487, 7191065.650488369166851 ], [ 674312.729437149013393, 7191069.598488932475448 ], [ 674311.04260853305459, 7191071.716104595921934 ], [ 674310.037604050827213, 7191074.910258490592241 ], [ 674310.378608060069382, 7191077.306865504011512 ], [ 674310.999458488891833, 7191080.443462891504169 ], [ 674311.51184939534869, 7191083.477277071215212 ], [ 674311.92322710249573, 7191086.567487769760191 ], [ 674312.26923626253847, 7191090.242903718724847 ], [ 674312.431041097966954, 7191093.08531166985631 ], [ 674312.501659396686591, 7191095.97068840265274 ], [ 674312.472424195613712, 7191099.069688258692622 ], [ 674312.320020066807047, 7191102.400865936651826 ], [ 674312.082410750444978, 7191105.32091071177274 ], [ 674311.748060684767552, 7191108.234485778026283 ], [ 674311.34901329386048, 7191110.941700940020382 ], [ 674310.303420875919983, 7191116.300894482061267 ], [ 674309.69502280082088, 7191118.807120865210891 ], [ 674309.055069508496672, 7191121.151726118288934 ], [ 674307.227616589632817, 7191126.785883277654648 ], [ 674271.729031509254128, 7191224.888944233767688 ], [ 674269.735624018125236, 7191230.824310004711151 ], [ 674268.578031765064225, 7191234.778534934855998 ], [ 674267.471648091217503, 7191239.068148128688335 ], [ 674266.647429887671024, 7191242.730563828721642 ], [ 674265.80264298338443, 7191247.122349847108126 ], [ 674265.067231174558401, 7191251.824743835255504 ], [ 674264.609468155773357, 7191255.527320602908731 ], [ 674264.306856421171688, 7191258.642128626815975 ], [ 674264.070284774061292, 7191261.901528961956501 ], [ 674263.914279555901885, 7191265.168131429702044 ], [ 674263.842075583175756, 7191268.217326594516635 ], [ 674263.849034362472594, 7191271.898724060505629 ], [ 674263.953832495724782, 7191275.451764539815485 ], [ 674264.27646550280042, 7191280.651167716830969 ], [ 674276.511668746941723, 7191431.673361282795668 ], [ 674276.71607628883794, 7191435.265220109373331 ], [ 674276.761120728217065, 7191437.567771985195577 ], [ 674276.749097171006724, 7191439.354210454039276 ], [ 674276.590711684664711, 7191443.114221258088946 ], [ 674276.24110302166082, 7191446.96218378469348 ], [ 674275.97547837998718, 7191449.019374332390726 ], [ 674275.679702332592569, 7191450.926967676728964 ], [ 674274.943679985939525, 7191454.736417092382908 ], [ 674274.348526546498761, 7191457.256010174751282 ], [ 674254.493129919981584, 7191535.50444833189249 ], [ 674254.190090637654066, 7191537.175835561007261 ], [ 674254.071926883305423, 7191538.800836021080613 ], [ 674254.127896476536989, 7191540.429010272957385 ], [ 674254.357083885348402, 7191542.041803624480963 ], [ 674254.757108734571375, 7191543.621210702694952 ], [ 674255.357512064278126, 7191545.241206128150225 ], [ 674260.238314053276554, 7191556.521603632718325 ], [ 674264.604711134685203, 7191565.530455228872597 ], [ 674266.401709409430623, 7191569.018004614859819 ], [ 674269.035927343880758, 7191573.45745837688446 ], [ 674270.750894153025001, 7191576.022400110960007 ], [ 674272.81351736036595, 7191578.844421919435263 ], [ 674274.74814972281456, 7191581.248230752535164 ], [ 674276.915143006131984, 7191583.745423349551857 ], [ 674279.021528304088861, 7191585.963441081345081 ], [ 674282.577926433412358, 7191589.328248368576169 ], [ 674289.011950371786952, 7191595.248841868713498 ], [ 674289.621508743613958, 7191595.756410236470401 ], [ 674290.202563667437062, 7191596.149659732356668 ], [ 674290.819751400733367, 7191596.483460962772369 ], [ 674291.466907389694825, 7191596.754640099592507 ], [ 674292.137745013576932, 7191596.96045056078583 ], [ 674292.825550399953499, 7191597.098634048365057 ], [ 674293.523731751833111, 7191597.168213998898864 ], [ 674294.225514163961634, 7191597.168213853612542 ], [ 674294.923512382316403, 7191597.098633609712124 ], [ 674295.611561851925217, 7191596.960449834354222 ], [ 674296.282338353921659, 7191596.754639092832804 ], [ 674297.003346782410517, 7191596.452636907808483 ], [ 674307.577933459426276, 7191591.258602547459304 ], [ 674309.496147256693803, 7191593.166622675955296 ], [ 674312.363763358909637, 7191596.018856726586819 ], [ 674314.30236290814355, 7191597.947018459439278 ], [ 674335.574524005874991, 7191596.523002402856946 ], [ 674369.779983975924551, 7191627.962395755574107 ], [ 674370.637772568967193, 7191629.302605895325541 ], [ 674370.609944311203435, 7191647.388609276153147 ], [ 674371.291951992781833, 7191650.571410279721022 ], [ 674372.292196959722787, 7191653.254027974791825 ], [ 674373.565391140989959, 7191655.573059091344476 ], [ 674388.477996022091247, 7191671.231629500165582 ], [ 674402.948397416388616, 7191669.370236816816032 ], [ 674449.298381948727183, 7191653.414595413953066 ], [ 674452.038799999165349, 7191652.675214760936797 ], [ 674454.213788341847248, 7191652.544599037617445 ], [ 674497.294427291373722, 7191652.990207822993398 ], [ 674536.374401438632049, 7191689.969823801890016 ], [ 674599.742991089588031, 7191601.807555506005883 ], [ 674596.544614443206228, 7191546.66294913738966 ], [ 674543.164595416164957, 7191546.632992037571967 ], [ 674543.110761645482853, 7191543.052974001504481 ], [ 674543.051617517368868, 7191538.052789572626352 ], [ 674542.9145918705035, 7191530.002982759848237 ], [ 674542.424586718669161, 7191459.322971285320818 ], [ 674542.8557997479802, 7191457.106112691573799 ], [ 674544.003198719583452, 7191451.209748569875956 ], [ 674544.434594855061732, 7191448.992951013147831 ], [ 674609.314618561882526, 7191456.872944425791502 ], [ 674696.184633936733007, 7191443.78289588354528 ], [ 674729.216196296969429, 7191436.337879652157426 ], [ 674732.847605729475617, 7191435.283679390326142 ], [ 674736.366588349686936, 7191434.114916133694351 ], [ 674737.915233661420643, 7191433.55290394090116 ], [ 674739.746838003047742, 7191432.849717333912849 ], [ 674741.373608314199373, 7191432.189682637341321 ], [ 674743.062207243405282, 7191431.467880332842469 ], [ 674744.97962700331118, 7191430.602462219074368 ], [ 674746.922010135604069, 7191429.674483049660921 ], [ 674748.576612449949607, 7191428.842085018754005 ], [ 674750.206007232423872, 7191427.983319798484445 ], [ 674752.483595461351797, 7191426.717510877177119 ], [ 674755.538649625843391, 7191425.026469748467207 ], [ 674759.656631231191568, 7191422.920511291362345 ], [ 674763.050796835450456, 7191421.326699118129909 ], [ 674766.714432728011161, 7191419.744300466030836 ], [ 674769.930436729686335, 7191418.468481580726802 ], [ 674773.32722692086827, 7191417.232091378420591 ], [ 674735.437629621475935, 7191417.867292355746031 ], [ 674732.737799813156016, 7191417.900679160840809 ], [ 674725.738408330245875, 7191417.987289536744356 ], [ 674723.038639556150883, 7191418.020920482464135 ], [ 674683.944573510671034, 7191415.53289089538157 ], [ 674657.934616588288918, 7191409.292904438450933 ], [ 674619.244601590209641, 7191398.222902255132794 ], [ 674581.060996703337878, 7191393.300118403509259 ], [ 674581.78816705965437, 7191380.452885812148452 ], [ 674545.776743955095299, 7191380.452893348410726 ], [ 674549.336978583480231, 7191342.158326704055071 ], [ 674527.324521081987768, 7191339.742925390601158 ], [ 674537.189740604371764, 7191256.281109035015106 ], [ 674523.584511542227119, 7191252.196271923370659 ], [ 674524.424536935286596, 7191244.142863836139441 ], [ 674525.736303622368723, 7191238.225076334550977 ], [ 674535.654512977809645, 7191208.792876457795501 ], [ 674624.45453151629772, 7191243.482869582250714 ], [ 674657.064586672000587, 7191244.17286538053304 ], [ 674718.46455563523341, 7191193.302843820303679 ], [ 674721.425188291119412, 7191191.149461276829243 ], [ 674728.252154388232157, 7191186.183821314945817 ], [ 674731.704547353787348, 7191183.6728335916996 ], [ 674760.887595056323335, 7191162.446808627806604 ], [ 674744.292360394960269, 7191088.784988239407539 ], [ 674740.484555205330253, 7191070.212779490277171 ], [ 674733.030749129713513, 7191033.362002173438668 ], [ 674729.936148154782131, 7191054.057992231100798 ], [ 674721.123341402038932, 7191057.64820499625057 ], [ 674662.004482298158109, 7191019.282789656892419 ], [ 674609.344491749303415, 7191002.612813322804868 ], [ 674568.994505560258403, 7191002.882841370999813 ], [ 674512.064497578074224, 7191001.612833411432803 ], [ 674508.414463732391596, 7190961.132842905819416 ], [ 674478.998440272174776, 7190960.829992532730103 ], [ 674473.470057462574914, 7190960.8176035489887 ], [ 674471.137048863223754, 7190960.000831359066069 ], [ 674401.728644045884721, 7190958.791861173696816 ] ] ] ] } },
{ "type": "Feature", "properties": { "CODIGO": null, "CODIGO_SMM": "0346", "TIPO": "PARQUE", "NOME": "MUNICIPAL TANGUÁ", "TEXTO_MAPA": "PQ. MUN. TANGUÁ" }, "geometry": { "type": "MultiPolygon", "coordinates": [ [ [ [ 672709.195004844223149, 7191896.261458028107882 ], [ 672701.316400745534338, 7191891.745833449065685 ], [ 672689.752186641795561, 7191881.833662778139114 ], [ 672678.353133374126628, 7191870.269453055225313 ], [ 672666.623757239198312, 7191856.227215394377708 ], [ 672637.713340669404715, 7191815.091651278547943 ], [ 672636.521567516028881, 7191813.273047521710396 ], [ 672629.294756722287275, 7191802.460607158020139 ], [ 672628.461931535624899, 7191801.214635317213833 ], [ 672624.331923541845754, 7191791.467624285258353 ], [ 672620.201731962384656, 7191779.407807457260787 ], [ 672616.071721985237673, 7191760.079250891692936 ], [ 672614.419741034973413, 7191745.706444650888443 ], [ 672614.948913306929171, 7191732.793416183441877 ], [ 672615.211912507540546, 7191726.22981573920697 ], [ 672617.782342283171602, 7191699.767833026126027 ], [ 672618.350700304610655, 7191692.498177643865347 ], [ 672618.60253038466908, 7191687.460395481437445 ], [ 672618.770498066907749, 7191682.086614712141454 ], [ 672618.770496801706031, 7191675.971805946901441 ], [ 672618.434496508445591, 7191667.906984521076083 ], [ 672618.016526419087313, 7191661.972595812752843 ], [ 672617.573532421491109, 7191658.503967046737671 ], [ 672616.752730729291216, 7191655.157774915918708 ], [ 672615.57212672859896, 7191651.963804578408599 ], [ 672614.750898181460798, 7191650.503172033466399 ], [ 672613.678876157384366, 7191649.268613819032907 ], [ 672612.380291623878293, 7191648.275205618701875 ], [ 672610.908123118104413, 7191647.563779951073229 ], [ 672609.23569827072788, 7191647.141416903585196 ], [ 672581.056063494645059, 7191643.05517896451056 ], [ 672578.134309670189396, 7191642.477603731676936 ], [ 672575.242890264140442, 7191641.5908243060112 ], [ 672572.457305786083452, 7191640.412785017862916 ], [ 672569.806670017773286, 7191638.956425311975181 ], [ 672567.318876035045832, 7191637.236576734110713 ], [ 672565.01986378710717, 7191635.271427758038044 ], [ 672562.933864246821031, 7191633.081608267500997 ], [ 672561.082666972419247, 7191630.689823342487216 ], [ 672559.480676269857213, 7191628.113406969234347 ], [ 672558.044457002077252, 7191625.089175499975681 ], [ 672557.11727117409464, 7191622.56042745616287 ], [ 672556.460654246737249, 7191619.934999643824995 ], [ 672556.092306436388753, 7191617.298219229094684 ], [ 672554.295243300031871, 7191595.278011072427034 ], [ 672553.926284926594235, 7191591.624018473550677 ], [ 672553.6710963685764, 7191589.197992485947907 ], [ 672553.445692972978577, 7191586.760003599338233 ], [ 672553.212843181565404, 7191583.822014581412077 ], [ 672553.025891795055941, 7191580.659965434111655 ], [ 672552.909680208307691, 7191577.668204403482378 ], [ 672552.848461214452982, 7191574.207998412661254 ], [ 672552.86744241649285, 7191570.64696229994297 ], [ 672552.943857854348607, 7191567.761768640950322 ], [ 672553.079050149070099, 7191564.800158933736384 ], [ 672553.309091001399793, 7191561.358385505154729 ], [ 672553.588082123082131, 7191558.206407065503299 ], [ 672553.923286655568518, 7191555.14018303155899 ], [ 672554.760260637151077, 7191548.669600073248148 ], [ 672554.831060789059848, 7191545.537763283587992 ], [ 672554.570256852079183, 7191542.415753224864602 ], [ 672553.980656449799426, 7191539.338970297947526 ], [ 672553.06927863555029, 7191536.341594195924699 ], [ 672551.764834294794127, 7191533.266947647556663 ], [ 672544.792234279098921, 7191518.985573200508952 ], [ 672538.434442593017593, 7191509.717993911355734 ], [ 672514.005241655861028, 7191532.684557840228081 ], [ 672480.185234317323193, 7191575.93457640055567 ], [ 672472.915276809828356, 7191590.024608528241515 ], [ 672473.615231221541762, 7191604.804580598138273 ], [ 672471.695250976947136, 7191620.154621724039316 ], [ 672457.415284930495545, 7191649.17465197108686 ], [ 672430.975280840997584, 7191675.094647281803191 ], [ 672393.025257452391088, 7191669.64464145898819 ], [ 672389.575245347456075, 7191674.564626399427652 ], [ 672388.405262422980741, 7191675.994619699195027 ], [ 672387.535267412196845, 7191677.624625197611749 ], [ 672385.595265395822935, 7191682.174675645306706 ], [ 672403.203852723469026, 7191687.577261341735721 ], [ 672398.767636724980548, 7191704.219478627666831 ], [ 672397.791869167122059, 7191712.660276985727251 ], [ 672399.039856603369117, 7191718.781433152034879 ], [ 672399.661073361290619, 7191722.522034610621631 ], [ 672411.63789451343473, 7191777.383252875879407 ], [ 672412.147050451370887, 7191779.940077185630798 ], [ 672412.515459215501323, 7191782.183669017627835 ], [ 672412.835650235763751, 7191784.636245293542743 ], [ 672413.079852492082864, 7191787.205642903223634 ], [ 672413.230670930119231, 7191789.753495115786791 ], [ 672413.291096264496446, 7191792.237260418012738 ], [ 672413.258687153575011, 7191794.972063401713967 ], [ 672413.130086586577818, 7191797.592486493289471 ], [ 672412.895101735251956, 7191800.314899379387498 ], [ 672412.592062613926828, 7191802.780903521925211 ], [ 672412.167075258679688, 7191805.444295436143875 ], [ 672411.693870065966621, 7191807.85567313246429 ], [ 672411.116294741281308, 7191810.337851649150252 ], [ 672410.405479663982987, 7191812.95766451023519 ], [ 672409.515709506347775, 7191815.789086351171136 ], [ 672408.57869807863608, 7191818.403100915253162 ], [ 672407.483666611020453, 7191821.114710755646229 ], [ 672406.099694722215645, 7191824.244289515540004 ], [ 672404.788903988082893, 7191827.290066969580948 ], [ 672403.64766885782592, 7191829.824308607727289 ], [ 672402.45327209495008, 7191832.372100064530969 ], [ 672401.168055012240075, 7191835.005890097469091 ], [ 672400.138453111983836, 7191837.042511949315667 ], [ 672398.248865946778096, 7191840.6249107606709 ], [ 672396.41945940500591, 7191843.920871492475271 ], [ 672394.63668368733488, 7191846.987889284268022 ], [ 672392.790065173758194, 7191850.027685401961207 ], [ 672390.570888060494326, 7191853.517493924126029 ], [ 672387.550685376976617, 7191857.166726481169462 ], [ 672384.536891369498335, 7191860.735880892723799 ], [ 672383.210292203817517, 7191862.227702856063843 ], [ 672381.918910318287089, 7191863.639690805226564 ], [ 672379.156703150947578, 7191866.52647193428129 ], [ 672375.985865547670983, 7191869.623519317246974 ], [ 672373.570704237325117, 7191871.870712801814079 ], [ 672370.895472080213949, 7191874.221116816624999 ], [ 672368.253259919001721, 7191876.413928006775677 ], [ 672360.885095209581777, 7191882.743337962776423 ], [ 672358.182275158818811, 7191885.116691208444536 ], [ 672355.532860895618796, 7191887.541313987225294 ], [ 672353.781456963624805, 7191889.199701024219394 ], [ 672352.23226252826862, 7191890.705500087700784 ], [ 672350.17806318984367, 7191892.760920983739197 ], [ 672348.123497654916719, 7191894.886898539960384 ], [ 672345.605858385330066, 7191897.592344120144844 ], [ 672252.726460296660662, 7191999.673384305089712 ], [ 672251.533283979049884, 7192000.984542128629982 ], [ 672246.907307239365764, 7192006.071946792304516 ], [ 672245.211506392224692, 7192007.933153694495559 ], [ 672244.380878915078938, 7192008.825549125671387 ], [ 672243.463886678684503, 7192009.766345465555787 ], [ 672242.523701073601842, 7192010.685779498890042 ], [ 672241.572101881843992, 7192011.573353176005185 ], [ 672240.533649648074061, 7192012.495594848878682 ], [ 672239.63307583599817, 7192013.25816848129034 ], [ 672237.735675740754232, 7192014.761770350858569 ], [ 672235.982257569208741, 7192016.03594097495079 ], [ 672234.725055264309049, 7192016.886161188594997 ], [ 672223.364702225197107, 7192024.341548833996058 ], [ 672222.731889644754119, 7192024.768551032990217 ], [ 672220.636857632896863, 7192026.141354566439986 ], [ 672219.629045011242852, 7192026.841794414445758 ], [ 672217.500077442731708, 7192028.201963676139712 ], [ 672214.033890476915985, 7192030.521789232268929 ], [ 672177.283458255464211, 7192053.67622197046876 ], [ 672156.421883166767657, 7192066.820028625428677 ], [ 672156.744087906554341, 7192067.143576009199023 ], [ 672158.924081715522334, 7192069.823629988357425 ], [ 672159.724070213851519, 7192072.21358407754451 ], [ 672160.38404483278282, 7192078.51357342209667 ], [ 672160.954053629655391, 7192084.91359943524003 ], [ 672161.234084306750447, 7192091.243618165142834 ], [ 672161.764053366612643, 7192094.423611583188176 ], [ 672163.674089042469859, 7192099.223600268363953 ], [ 672165.744098071590997, 7192104.823637964203954 ], [ 672168.700094564585015, 7192114.778596077114344 ], [ 672169.560081831179559, 7192122.950595161877573 ], [ 672168.270106479292735, 7192137.574622787535191 ], [ 672168.721098163165152, 7192151.113627789542079 ], [ 672172.045256353681907, 7192149.144815540872514 ], [ 672179.733489808277227, 7192144.253394184634089 ], [ 672187.18808066972997, 7192139.594211708754301 ], [ 672195.574678518110886, 7192134.469208603724837 ], [ 672203.961093309451826, 7192129.576993647031486 ], [ 672209.552280595293269, 7192126.082606790587306 ], [ 672216.541112008038908, 7192121.19039212167263 ], [ 672222.132115948013961, 7192116.531393136829138 ], [ 672227.956091046798974, 7192111.406207455322146 ], [ 672235.177710269810632, 7192104.883377065882087 ], [ 672240.069922712631524, 7192101.156019100919366 ], [ 672245.738685302436352, 7192095.72016442194581 ], [ 672248.301124562975019, 7192093.856576968915761 ], [ 672251.48490160505753, 7192090.672798601910472 ], [ 672254.668678826186806, 7192088.343207475729287 ], [ 672258.861916458234191, 7192084.538212914019823 ], [ 672262.74466826627031, 7192081.19916092325002 ], [ 672266.860269012860954, 7192076.695191581733525 ], [ 672270.665322963381186, 7192072.967772804200649 ], [ 672273.538492095423862, 7192070.172361306846142 ], [ 672277.110513725783676, 7192066.289791168645024 ], [ 672278.818887897534296, 7192064.814387587830424 ], [ 672280.837869982933626, 7192062.950556105002761 ], [ 672282.390909560606815, 7192061.086968858726323 ], [ 672284.487467253697105, 7192058.757377956062555 ], [ 672286.739481402444653, 7192055.806571037508547 ], [ 672287.981912762741558, 7192052.855764325708151 ], [ 672288.913675273535773, 7192050.758961813524365 ], [ 672289.302102725254372, 7192048.895374806597829 ], [ 672290.078469814150594, 7192047.419971419498324 ], [ 672291.70926823397167, 7192045.711596601642668 ], [ 672293.495279194088653, 7192044.46916425973177 ], [ 672296.135477375122719, 7192043.149156035855412 ], [ 672298.232096424209885, 7192042.372544066980481 ], [ 672300.32871558482293, 7192042.139572380110621 ], [ 672301.726482036639936, 7192041.98435964807868 ], [ 672302.968913942808285, 7192041.673751397058368 ], [ 672303.900676726014353, 7192040.897139668464661 ], [ 672304.522319732699543, 7192039.810164151713252 ], [ 672319.353497900185175, 7192027.582557713612914 ], [ 672334.66313137637917, 7192018.21377762593329 ], [ 672347.230882414034568, 7192011.815763061866164 ], [ 672363.454518492333591, 7192006.788719788193703 ], [ 672382.19188843248412, 7192003.132525972090662 ], [ 672411.211731946095824, 7192000.16212122887373 ], [ 672419.199343950604089, 7192000.265330055728555 ], [ 672420.509952319436707, 7192000.804941746406257 ], [ 672422.206302979844622, 7192001.344736462458968 ], [ 672423.825749368523248, 7192002.115915535017848 ], [ 672425.830510834231973, 7192003.041147299110889 ], [ 672427.090093831648119, 7192003.735116953030229 ], [ 672428.221136819222011, 7192004.737497359514236 ], [ 672429.429145164787769, 7192005.765756662935019 ], [ 672430.84272007830441, 7192007.307932076044381 ], [ 672432.282112936954945, 7192009.18433609046042 ], [ 672433.670114166801795, 7192010.98353062197566 ], [ 672435.058115473832004, 7192013.168345373123884 ], [ 672436.163340849685483, 7192015.45594341494143 ], [ 672436.574718157295138, 7192016.638316692784429 ], [ 672437.011730246245861, 7192017.872142616659403 ], [ 672437.474316066480242, 7192019.080150658264756 ], [ 672438.425305498181842, 7192021.059338003396988 ], [ 672439.453321264358237, 7192022.781323116272688 ], [ 672440.481520066037774, 7192024.169323762878776 ], [ 672441.406935658538714, 7192025.660107662901282 ], [ 672442.126723713125102, 7192026.945325143635273 ], [ 672442.871963456273079, 7192028.333325849846005 ], [ 672443.915726181352511, 7192029.503736104816198 ], [ 672444.572952763992362, 7192028.757947195321321 ], [ 672445.915909908246249, 7192029.94111373834312 ], [ 672447.159135562134907, 7192031.03614551294595 ], [ 672446.155961703741923, 7192032.174939970485866 ], [ 672447.182512545259669, 7192033.51215935498476 ], [ 672447.78535713092424, 7192034.416517383418977 ], [ 672448.237505853641778, 7192035.220350513234735 ], [ 672448.991107512731105, 7192037.078932397067547 ], [ 672450.196735678240657, 7192039.038344295695424 ], [ 672451.151326233288273, 7192041.248732874169946 ], [ 672452.055562800494954, 7192043.609939374029636 ], [ 672452.859335361863486, 7192045.418533442541957 ], [ 672453.334738549194299, 7192046.529922803863883 ], [ 672455.904137242119759, 7192051.551713168621063 ], [ 672457.889551187399775, 7192055.522539017722011 ], [ 672459.29091956699267, 7192059.493364987894893 ], [ 672460.225124617223628, 7192062.88032859377563 ], [ 672461.159573855344206, 7192066.500751733779907 ], [ 672462.677763628540561, 7192070.821736465208232 ], [ 672463.962371675763279, 7192074.558919819071889 ], [ 672466.298127655987628, 7192079.230551447719336 ], [ 672468.283541626995429, 7192083.3181375823915 ], [ 672470.385776890208945, 7192087.288719267584383 ], [ 672472.371129875071347, 7192091.609948042780161 ], [ 672474.239783679950051, 7192096.28151873126626 ], [ 672476.458779327338561, 7192100.719324639067054 ], [ 672478.444132358883508, 7192105.274135020561516 ], [ 672480.662944851908833, 7192109.478542428463697 ], [ 672482.181378621375188, 7192113.09896544739604 ], [ 672483.699568273383193, 7192116.836148753762245 ], [ 672485.568160635069944, 7192119.522123208269477 ], [ 672487.319992757053114, 7192122.441923433914781 ], [ 672488.487779073184356, 7192124.193754715844989 ], [ 672490.122789660003036, 7192126.062346188351512 ], [ 672493.74315245624166, 7192128.514921781606972 ], [ 672497.013356372248381, 7192130.500334234908223 ], [ 672499.816152840387076, 7192132.018522539176047 ], [ 672503.31975527969189, 7192134.120756264775991 ], [ 672507.536980891251005, 7192135.913175308145583 ], [ 672510.143366105621681, 7192137.097928503528237 ], [ 672511.802180243073963, 7192138.164334697648883 ], [ 672514.764156422112137, 7192139.585965324193239 ], [ 672517.015377941192128, 7192140.652371395379305 ], [ 672519.621763206669129, 7192142.074124166741967 ], [ 672521.63598522671964, 7192143.495938097126782 ], [ 672524.361206118948758, 7192145.628567500039935 ], [ 672526.612183670164086, 7192147.524136390537024 ], [ 672528.626405763207003, 7192149.301358129829168 ], [ 672531.351382490713149, 7192151.315518261864781 ], [ 672534.432011386263184, 7192154.395962787792087 ], [ 672536.722600781009533, 7192156.370755324140191 ], [ 672538.104803583351895, 7192157.752957558259368 ], [ 672539.684577302308753, 7192159.451138839125633 ], [ 672542.014595437794924, 7192161.504727774299681 ], [ 672544.107797092408873, 7192163.518949072808027 ], [ 672546.605783983482979, 7192165.394925622269511 ], [ 672549.093761147232726, 7192167.468350956216455 ], [ 672550.337780146161094, 7192168.021146258339286 ], [ 672552.272961696609855, 7192169.818143410608172 ], [ 672554.484571656677872, 7192172.167936063371599 ], [ 672556.005202372092754, 7192174.241544703952968 ], [ 672557.11097710696049, 7192176.729521216824651 ], [ 672557.80220092041418, 7192179.079375219531357 ], [ 672557.940385094610974, 7192181.705718668177724 ], [ 672557.940385694848374, 7192184.608551478013396 ], [ 672681.562253668089397, 7192227.934343186207116 ], [ 672726.618665390065871, 7192243.7251095790416 ], [ 672765.348471642006189, 7192236.96289271581918 ], [ 672848.425442019128241, 7192154.784691844135523 ], [ 672907.652270539896563, 7192184.472248569130898 ], [ 672902.37868389848154, 7192060.607836565934122 ], [ 672901.210653253132477, 7192057.956652013584971 ], [ 672898.105854654917493, 7192055.972826442681253 ], [ 672894.191668985993601, 7192055.686022978276014 ], [ 672892.725238207727671, 7192057.008045120164752 ], [ 672891.665484477998689, 7192056.862842665053904 ], [ 672884.12947143742349, 7192055.427052825689316 ], [ 672880.610243911040016, 7192052.923818020150065 ], [ 672876.687451149569824, 7192047.169666900299489 ], [ 672875.038035433040932, 7192041.302844381891191 ], [ 672874.863229556707665, 7192035.7890489930287 ], [ 672877.412057006033137, 7192029.264022301882505 ], [ 672881.342049902887084, 7192025.300458412617445 ], [ 672890.989450866007246, 7192018.055642461404204 ], [ 672891.190073481644504, 7192018.078835784457624 ], [ 672891.592844582046382, 7192018.064248295500875 ], [ 672891.791025779210031, 7192018.02683369256556 ], [ 672891.984446228248999, 7192017.969460589811206 ], [ 672892.349436524207704, 7192017.798439961858094 ], [ 672892.517039085039869, 7192017.686257280409336 ], [ 672892.67286185361445, 7192017.557839244604111 ], [ 672892.814646530547179, 7192017.41440655849874 ], [ 672893.052073282538913, 7192017.088661794550717 ], [ 672893.219431649893522, 7192016.722023477777839 ], [ 672893.310251904884353, 7192016.329445227980614 ], [ 672893.325632726307958, 7192016.128212261013687 ], [ 672893.544442082755268, 7192007.743627449497581 ], [ 672893.531075263395905, 7192007.183019392192364 ], [ 672893.461678156629205, 7192006.626439666375518 ], [ 672893.337044221581891, 7192006.079625581391156 ], [ 672893.158272091415711, 7192005.548009265214205 ], [ 672892.927253857371397, 7192005.037022847682238 ], [ 672892.646247823722661, 7192004.551610177382827 ], [ 672892.318244712310843, 7192004.096837176010013 ], [ 672891.946235248586163, 7192003.67703733406961 ], [ 672891.534247755538672, 7192003.296422084793448 ], [ 672891.086432625539601, 7192002.959019742906094 ], [ 672890.607062321621925, 7192002.66800413839519 ], [ 672890.100836550584063, 7192002.426610136404634 ], [ 672889.573065375443548, 7192002.236851894296706 ], [ 672889.02905885479413, 7192002.100804606452584 ], [ 672888.07123387278989, 7192002.001805755309761 ], [ 672888.184636324527673, 7191997.660618045367301 ], [ 672887.446415910380892, 7191997.64664114266634 ], [ 672887.480473163537681, 7191995.847019072622061 ], [ 672887.862856509396806, 7191986.151215613819659 ], [ 672887.361452570185065, 7191986.161225485615432 ], [ 672886.525270705576986, 7191986.146821357309818 ], [ 672885.658449176000431, 7191986.104646233841777 ], [ 672884.607667629839852, 7191986.015657169744372 ], [ 672883.527650225907564, 7191985.88101380225271 ], [ 672882.424012199277058, 7191985.697237126529217 ], [ 672881.62805248121731, 7191985.535433049313724 ], [ 672880.703857854707167, 7191985.315645584836602 ], [ 672879.609253008617088, 7191985.010225806385279 ], [ 672878.704467552248389, 7191984.719637537375093 ], [ 672877.567260132869706, 7191984.303622037172318 ], [ 672876.763609949150123, 7191983.973849166184664 ], [ 672875.97802617191337, 7191983.621615346521139 ], [ 672875.126829569227993, 7191983.205416681244969 ], [ 672874.288450348656625, 7191982.758029039949179 ], [ 672873.423215640359558, 7191982.255648713558912 ], [ 672872.608823227579705, 7191981.742037904448807 ], [ 672871.885068051982671, 7191981.250399739481509 ], [ 672871.115414410480298, 7191980.688632169738412 ], [ 672870.540646097273566, 7191980.236849942244589 ], [ 672870.142025322536938, 7191979.924655116163194 ], [ 672867.943415911518969, 7191977.857638416811824 ], [ 672865.974054564256221, 7191975.571200223639607 ], [ 672864.28142664313782, 7191973.072237502783537 ], [ 672862.879204038647003, 7191970.399446548894048 ], [ 672861.78502591943834, 7191967.586640847846866 ], [ 672861.01280831254553, 7191964.668854581192136 ], [ 672860.57201167952735, 7191961.683014027774334 ], [ 672860.468251259648241, 7191958.666411679238081 ], [ 672860.703052944270894, 7191955.657438656315207 ], [ 672861.273242911673151, 7191952.693448485806584 ], [ 672862.181445680558681, 7191949.815823014825583 ], [ 672863.396228146972135, 7191947.054042237810791 ], [ 672864.904040505061857, 7191944.440027553588152 ], [ 672865.464038046309724, 7191943.641626344993711 ], [ 672859.955429190886207, 7191936.706994280219078 ], [ 672859.64445490622893, 7191936.315392677672207 ], [ 672858.251815239433199, 7191935.651391323655844 ], [ 672856.24461237876676, 7191934.786828519776464 ], [ 672854.138837692793459, 7191933.813012776896358 ], [ 672854.098249299218878, 7191933.793420494534075 ], [ 672852.36161536059808, 7191932.936425995081663 ], [ 672850.813030798221007, 7191932.130395827814937 ], [ 672849.236247974215075, 7191931.268030199222267 ], [ 672847.57322243321687, 7191930.311243180185556 ], [ 672845.866007409989834, 7191929.276636321097612 ], [ 672844.177408107207157, 7191928.198633452877402 ], [ 672842.453591491095722, 7191927.039820023812354 ], [ 672840.751625457662158, 7191925.834619858302176 ], [ 672838.757789169205353, 7191924.341638914309442 ], [ 672824.128205187618732, 7191912.445825769566 ], [ 672823.181183328619227, 7191911.854212037287652 ], [ 672821.838409401476383, 7191911.201807356439531 ], [ 672820.252593439305201, 7191910.666834395378828 ], [ 672818.58419693284668, 7191910.339442076161504 ], [ 672813.561002103611827, 7191909.675014227628708 ], [ 672812.312588656553999, 7191909.533229781314731 ], [ 672810.493435317534022, 7191909.412624655291438 ], [ 672808.35097869252786, 7191909.403652929700911 ], [ 672806.17818761698436, 7191909.54183701146394 ], [ 672804.238978170789778, 7191909.7916543725878 ], [ 672801.914575792499818, 7191910.248808298259974 ], [ 672777.214985254104249, 7191914.949009984731674 ], [ 672775.430988273350522, 7191915.308446485549212 ], [ 672773.63100005663, 7191915.571020171046257 ], [ 672771.550005888915621, 7191915.75162367708981 ], [ 672769.362200143514201, 7191915.801611937582493 ], [ 672769.237017004750669, 7191915.800025049597025 ], [ 672766.879594480618834, 7191915.686255974695086 ], [ 672766.758195522241294, 7191915.676246231421828 ], [ 672764.961014825501479, 7191915.467018032446504 ], [ 672762.764786136569455, 7191915.089027663692832 ], [ 672756.916578690288588, 7191913.501809211447835 ], [ 672748.441417226102203, 7191910.965860580094159 ], [ 672741.498177624191158, 7191908.770854106172919 ], [ 672733.620367375668138, 7191906.150249565951526 ], [ 672724.021365105407313, 7191902.76701089926064 ], [ 672716.007568409666419, 7191899.751020540483296 ], [ 672709.195004844223149, 7191896.261458028107882 ] ] ] ] } },
{ "type": "Feature", "properties": { "CODIGO": null, "CODIGO_SMM": "1219", "TIPO": "PARQUE", "NOME": "NATURAL MUNICIPAL CAMBUÍ", "TEXTO_MAPA": "PARQUE NATURAL MUNICIPAL CAMBUÍ" }, "geometry": { "type": "MultiPolygon", "coordinates": [ [ [ [ 667323.750290788826533, 7180704.456045184284449 ], [ 667368.439528195071034, 7180789.969607766717672 ], [ 667403.217564010876231, 7180849.314647620543838 ], [ 667410.59952851163689, 7180872.386612458154559 ], [ 667416.288559677312151, 7180891.568623032420874 ], [ 667421.050588443991728, 7180909.692650126293302 ], [ 667426.871576427249238, 7180922.78963715583086 ], [ 667431.237545812735334, 7180930.198634746484458 ], [ 667441.820558154024184, 7180939.45864474400878 ], [ 667452.668584889965132, 7180947.131679184734821 ], [ 667467.220591839286499, 7180953.746668180450797 ], [ 667483.88960345252417, 7180959.037620768882334 ], [ 667499.49977629550267, 7180961.286824747920036 ], [ 667518.946986108436249, 7180962.875017045065761 ], [ 667534.027983721578494, 7180963.668044000864029 ], [ 667555.195042785955593, 7180966.182017438113689 ], [ 667575.965007076389156, 7180968.960029106587172 ], [ 667587.953047336894087, 7180969.600041508674622 ], [ 667609.649037142517045, 7180971.834046503528953 ], [ 667629.431025128695183, 7180974.705014936625957 ], [ 667652.430054352851585, 7180974.649041058495641 ], [ 667673.780035717179999, 7180976.619984531775117 ], [ 667691.647045259014703, 7180979.809984192252159 ], [ 667704.553055356256664, 7180984.702988211065531 ], [ 667721.397055209497921, 7180991.993025741539896 ], [ 667736.435085578821599, 7181000.313032158650458 ], [ 667748.626069365767762, 7181008.809980111196637 ], [ 667771.049052736256272, 7181029.098005668260157 ], [ 667778.225874948548153, 7181036.823836268857121 ], [ 667790.493699402431957, 7181032.323832654394209 ], [ 667791.717882511205971, 7181035.660991459153593 ], [ 667803.113880655029789, 7181031.571998866274953 ], [ 667815.2482823592145, 7181027.743626308627427 ], [ 667823.603081386419944, 7181025.543794966302812 ], [ 667824.966118781128898, 7181025.251619324088097 ], [ 667826.638482414186001, 7181024.906404055655003 ], [ 667828.369867058936507, 7181024.564606743864715 ], [ 667830.50689144374337, 7181024.163788340985775 ], [ 667832.755121911410242, 7181023.767974799498916 ], [ 667834.741084259934723, 7181023.439788280986249 ], [ 667836.737666731467471, 7181023.130400592461228 ], [ 667838.710506526753306, 7181022.844389380887151 ], [ 667840.580685171415098, 7181022.591581323184073 ], [ 667842.76727014023345, 7181022.318570558913052 ], [ 667844.660886295838282, 7181022.10140703804791 ], [ 667846.363279267447069, 7181021.921597077511251 ], [ 667848.537901356001385, 7181021.712978420779109 ], [ 667850.625670400913805, 7181021.534816335886717 ], [ 667852.684325675014406, 7181021.3803969360888 ], [ 667854.651123019400984, 7181021.252588890492916 ], [ 667856.870728046633303, 7181021.131189486011863 ], [ 667858.843873057398014, 7181021.043786723166704 ], [ 667861.018495173193514, 7181020.969994762912393 ], [ 667863.412904946831986, 7181020.91536780167371 ], [ 667866.206728887395002, 7181020.887413131073117 ], [ 667868.601321777212434, 7181020.894004445523024 ], [ 667871.365909886080772, 7181020.93697265163064 ], [ 667873.707280118251219, 7181021.002768095582724 ], [ 667875.735723028192297, 7181021.081564093008637 ], [ 667877.890508750104345, 7181021.187581752426922 ], [ 667880.037909219041467, 7181021.315999321639538 ], [ 667882.729133081855252, 7181021.509358203969896 ], [ 667884.972908099880442, 7181021.698200574144721 ], [ 667887.553108995198272, 7181021.946185957640409 ], [ 667890.225289903581142, 7181022.238177680410445 ], [ 667892.916696898639202, 7181022.568560523912311 ], [ 667895.734324639081024, 7181022.95375292468816 ], [ 667897.974132401519455, 7181023.288591425865889 ], [ 667900.051098324358463, 7181023.621965115889907 ], [ 667902.232312326785177, 7181023.995988210663199 ], [ 667903.978528653969988, 7181024.313187645748258 ], [ 667906.073499964666553, 7181024.714371407404542 ], [ 667907.869520998792723, 7181025.07655375637114 ], [ 667910.126296566100791, 7181025.555801469832659 ], [ 667912.380508662667125, 7181026.06117223855108 ], [ 667914.895096818683669, 7181026.656997079029679 ], [ 667917.512102006003261, 7181027.313185684382915 ], [ 667919.824297536863014, 7181027.923781076446176 ], [ 667922.365741189802065, 7181028.628797834739089 ], [ 667924.251117752632126, 7181029.17475706525147 ], [ 667926.164692569058388, 7181029.749158681370318 ], [ 667927.972310325596482, 7181030.310803970322013 ], [ 667929.869710830156691, 7181030.92036184668541 ], [ 667931.659750462276861, 7181031.514172673225403 ], [ 667933.433737847954035, 7181032.117993270047009 ], [ 667935.535911375656724, 7181032.835583362728357 ], [ 667937.931725133094005, 7181033.653149005025625 ], [ 667939.905541683314368, 7181034.32679379824549 ], [ 667941.625146726961248, 7181034.913585593923926 ], [ 667943.440515961963683, 7181035.533153257332742 ], [ 667945.493556172237732, 7181036.233775580301881 ], [ 667947.483730150037445, 7181036.912974571809173 ], [ 667949.392544238828123, 7181037.564585680142045 ], [ 667951.550137706333771, 7181038.300791488960385 ], [ 667954.032926588319242, 7181039.148203313350677 ], [ 667955.93594233575277, 7181039.797556122764945 ], [ 667957.957549430197105, 7181040.487558333203197 ], [ 667959.556732071680017, 7181041.033395551145077 ], [ 667962.33413774962537, 7181041.981149138882756 ], [ 667965.412935124360956, 7181043.03199107106775 ], [ 667968.134127403376624, 7181043.960579626262188 ], [ 667970.609958276501857, 7181044.805550046265125 ], [ 667972.801548334304243, 7181045.553352531045675 ], [ 667978.001745315850712, 7181047.326545292511582 ], [ 668008.931931025581434, 7181057.882388915866613 ], [ 668011.563950906391256, 7181058.745975031517446 ], [ 668014.648363491985947, 7181059.671389684081078 ], [ 668017.157946783001535, 7181060.356753122992814 ], [ 668020.188160099787638, 7181061.105165788903832 ], [ 668024.079762812703848, 7181061.941774103790522 ], [ 668026.972769020940177, 7181062.474793677218258 ], [ 668029.895743483444676, 7181062.937378654256463 ], [ 668032.851554856402799, 7181063.328552474267781 ], [ 668035.865959977381863, 7181063.648742377758026 ], [ 668038.830743488157168, 7181063.886962056159973 ], [ 668041.661127533530816, 7181064.043943947181106 ], [ 668044.696772849187255, 7181064.135740233585238 ], [ 668052.000180449336767, 7181064.120541003532708 ], [ 668060.306151704397053, 7181063.731379073113203 ], [ 668068.518738895189017, 7181062.098137255758047 ], [ 668076.761538457940333, 7181060.271169796586037 ], [ 668084.068790852790698, 7181058.165149720385671 ], [ 668006.610919012804516, 7180921.237518163397908 ], [ 667881.343851536163129, 7180886.010544688440859 ], [ 667863.000095875235274, 7180880.851977733895183 ], [ 667776.424019377212971, 7180856.629943100735545 ], [ 667773.311838356778026, 7180868.456545857712626 ], [ 667674.653238839120604, 7180842.002396379597485 ], [ 667671.074196596629918, 7180837.956375561654568 ], [ 667660.336826166370884, 7180827.997207708656788 ], [ 667460.722568069584668, 7180773.093425271101296 ], [ 667444.550321909133345, 7180768.734235517680645 ], [ 667393.154127818765119, 7180759.038442593067884 ], [ 667379.330515608424321, 7180757.394401980563998 ], [ 667355.871089228545316, 7180713.311021456494927 ], [ 667323.750290788826533, 7180704.456045184284449 ] ] ] ] } },
{ "type": "Feature", "properties": { "CODIGO": null, "CODIGO_SMM": "0284", "TIPO": "PARQUE", "NOME": "MUNICIPAL MANÉ GARRINCHA", "TEXTO_MAPA": "PQ. MUN. MANÉ GARRINCHA" }, "geometry": { "type": "MultiPolygon", "coordinates": [ [ [ [ 667236.195676385774277, 7177832.602310122922063 ], [ 667230.260919433902018, 7177822.330885397270322 ], [ 667217.531908761360683, 7177804.362499657087028 ], [ 667212.077071744715795, 7177795.99769152328372 ], [ 667202.558084024582058, 7177778.937691597267985 ], [ 667195.798252877080813, 7177764.938910147175193 ], [ 667187.229704449186102, 7177745.892093126662076 ], [ 667174.32686431822367, 7177721.481689204461873 ], [ 667164.194291055202484, 7177709.576903096400201 ], [ 667155.200638084905222, 7177717.581667648628354 ], [ 667133.225050497567281, 7177736.550121635198593 ], [ 667131.479078756063245, 7177738.402295300737023 ], [ 667128.65003814350348, 7177741.482679941691458 ], [ 667125.662672349601053, 7177744.822280988097191 ], [ 667123.569654734572396, 7177747.230118924751878 ], [ 667122.414259211043827, 7177748.581315785646439 ], [ 667122.397474538302049, 7177748.578508170321584 ], [ 667121.091444251593202, 7177750.128130402415991 ], [ 667119.118482805439271, 7177752.467730994336307 ], [ 667116.188673225929961, 7177756.047688534483314 ], [ 667112.947645407402888, 7177760.129904561676085 ], [ 667111.064466719515622, 7177762.575340123847127 ], [ 667110.129286065930501, 7177763.789696085266769 ], [ 667107.640638656332158, 7177767.121545562520623 ], [ 667105.947645533829927, 7177769.428919529542327 ], [ 667101.330641392152756, 7177776.401517417281866 ], [ 667102.950637811445631, 7177780.89150845259428 ], [ 667104.740434035193175, 7177785.171538464725018 ], [ 667117.460656252806075, 7177806.191499680280685 ], [ 667124.380460327258334, 7177818.91153322160244 ], [ 667129.140657313168049, 7177833.541540819220245 ], [ 667135.740453967591748, 7177846.181557313539088 ], [ 667141.660502195823938, 7177860.201518139801919 ], [ 667148.200668210163713, 7177876.441511136479676 ], [ 667151.240283607738093, 7177890.531357811763883 ], [ 667170.073112830403261, 7177889.724163890816271 ], [ 667184.794919571955688, 7177896.33011962659657 ], [ 667193.840709599200636, 7177953.221550542861223 ], [ 667197.170551321702078, 7177987.671570729464293 ], [ 667197.940513956244104, 7178007.341558422893286 ], [ 667198.950711635989137, 7178030.061778766103089 ], [ 667198.610569920623675, 7178066.421590209938586 ], [ 667196.920571097638458, 7178086.551356345415115 ], [ 667194.034339913865551, 7178086.564601557329297 ], [ 667194.449139151023701, 7178107.564179502427578 ], [ 667194.833725674077868, 7178127.039587149396539 ], [ 667195.050341596943326, 7178137.501564830541611 ], [ 667195.868583033792675, 7178157.090986091643572 ], [ 667196.062739808345214, 7178176.502184776589274 ], [ 667196.060361542040482, 7178186.991384189575911 ], [ 667186.925959846936166, 7178186.951224878430367 ], [ 667187.059999892720953, 7178220.888000956736505 ], [ 667186.836185885942541, 7178230.696841357275844 ], [ 667183.252994094626047, 7178230.786441707983613 ], [ 667183.063976191333495, 7178270.775404432788491 ], [ 667183.382398548536003, 7178280.091629856266081 ], [ 667183.642782678478397, 7178320.410853805951774 ], [ 667183.463768458692357, 7178330.070463203825057 ], [ 667183.574616372585297, 7178370.16165978461504 ], [ 667184.045993002247997, 7178380.137065031565726 ], [ 667183.986182547756471, 7178400.142685309052467 ], [ 667195.093790270504542, 7178400.023237250745296 ], [ 667195.153608726570383, 7178419.909655814990401 ], [ 667195.220017011510208, 7178429.966237919405103 ], [ 667191.629806171869859, 7178430.040640514343977 ], [ 667192.048208362772129, 7178460.398863399401307 ], [ 667194.556448756135069, 7178460.518247691914439 ], [ 667194.377251386176795, 7178469.95385801140219 ], [ 667194.377255492727272, 7178490.427495975978673 ], [ 667184.583429907215759, 7178490.905098158866167 ], [ 667184.583433854742907, 7178510.582471273839474 ], [ 667194.568238552776165, 7178510.40351414680481 ], [ 667194.400638174964115, 7178521.381483251228929 ], [ 667184.823243228485808, 7178521.47529623284936 ], [ 667184.503850250737742, 7178541.785482072271407 ], [ 667194.658821010612883, 7178541.62568995449692 ], [ 667194.914867582265288, 7178561.701683726161718 ], [ 667194.974439910030924, 7178571.674708684906363 ], [ 667194.914877609116957, 7178611.686132343485951 ], [ 667194.855431292322464, 7178621.351295921951532 ], [ 667195.154084522859193, 7178661.908496014773846 ], [ 667195.216037124861032, 7178671.397756205871701 ], [ 667195.552654150524177, 7178711.552307266741991 ], [ 667195.7310619156342, 7178721.31573742441833 ], [ 667195.347097748192027, 7178761.677319934591651 ], [ 667195.452690503327176, 7178771.187942426651716 ], [ 667195.883114661206491, 7178791.76613355986774 ], [ 667197.94146479445044, 7178791.819172711111605 ], [ 667196.294495664886199, 7178811.44417798705399 ], [ 667196.29669489338994, 7178821.222561798989773 ], [ 667184.210693373344839, 7178821.381560845300555 ], [ 667184.780706929508597, 7178851.741553733125329 ], [ 667185.480477127479389, 7178861.491556050255895 ], [ 667186.555491684935987, 7178871.867168801836669 ], [ 667186.816732021514326, 7178920.740777262486517 ], [ 667210.327114822925068, 7178925.503774234093726 ], [ 667223.530549724819139, 7178932.63158099912107 ], [ 667245.770912825362757, 7178938.132005169987679 ], [ 667246.100917692063376, 7178876.801972553133965 ], [ 667245.740929187042639, 7178861.54195901285857 ], [ 667246.920909523032606, 7178798.581920935772359 ], [ 667248.460863699670881, 7178677.811931707896292 ], [ 667246.840853616246022, 7178605.241906435228884 ], [ 667244.960833380115218, 7178531.071905233897269 ], [ 667244.350833852076903, 7178461.181873122230172 ], [ 667244.270814828807488, 7178451.651841444894671 ], [ 667243.880857087322511, 7178431.561870647594333 ], [ 667246.710797355161048, 7178349.381856737658381 ], [ 667243.500822620117106, 7178284.611821566708386 ], [ 667242.960779760964215, 7178266.361817087046802 ], [ 667243.570762065239251, 7178250.421810518018901 ], [ 667244.250811698264442, 7178229.251822151243687 ], [ 667245.250805713585578, 7178198.191816587001085 ], [ 667245.35077666467987, 7178174.971778995357454 ], [ 667245.800781420199201, 7178137.281766994856298 ], [ 667248.500782866613008, 7178080.311781441792846 ], [ 667250.680765906232409, 7178029.601746298372746 ], [ 667251.030739920213819, 7178021.331724620424211 ], [ 667251.670751742785797, 7178006.461725642904639 ], [ 667241.780726145370863, 7177964.151719449087977 ], [ 667241.110742472810671, 7177961.181748135015368 ], [ 667235.300738296005875, 7177935.391764800995588 ], [ 667235.300733358832076, 7177910.791722007095814 ], [ 667236.280706552322954, 7177873.32174170576036 ], [ 667236.195676385774277, 7177832.602310122922063 ] ] ] ] } },
{ "type": "Feature", "properties": { "CODIGO": null, "CODIGO_SMM": "0343", "TIPO": "PARQUE", "NOME": "CAIUÁ", "TEXTO_MAPA": "PARQUE CAIUÁ" }, "geometry": { "type": "MultiPolygon", "coordinates": [ [ [ [ 665833.666122832102701, 7179826.715702768415213 ], [ 665832.114547403063625, 7179825.044682146981359 ], [ 665772.664769201306626, 7179849.022910494357347 ], [ 665761.270113673992455, 7179852.29250587336719 ], [ 665751.361908556660637, 7179854.769742358475924 ], [ 665741.849943577079102, 7179856.255889646708965 ], [ 665734.51772791473195, 7179858.931123714894056 ], [ 665726.293727519223467, 7179862.399143805727363 ], [ 665714.998315830249339, 7179868.9385153837502 ], [ 665707.269921322120354, 7179873.892741808667779 ], [ 665699.24410287651699, 7179881.125716426409781 ], [ 665689.93032071297057, 7179890.736926767975092 ], [ 665680.022118136286736, 7179905.995721664279699 ], [ 665673.878929596859962, 7179913.426938146352768 ], [ 665668.726524405414239, 7179917.88574156910181 ], [ 665662.187156033935025, 7179922.641725519672036 ], [ 665556.564523157314397, 7179989.324807832017541 ], [ 665532.784492834238335, 7180014.194569834508002 ], [ 665515.841316325240768, 7180034.407591016963124 ], [ 665516.63391955581028, 7180036.884825374931097 ], [ 665563.339925489737652, 7180039.701772379688919 ], [ 665580.199915379518643, 7180041.251818250864744 ], [ 665594.439909270149656, 7180041.661788670346141 ], [ 665618.539951967308298, 7180041.801798566244543 ], [ 665629.979957369156182, 7180042.251808615401387 ], [ 665639.03995616408065, 7180037.031773751601577 ], [ 665641.959938178304583, 7180028.831758886575699 ], [ 665645.949927187059075, 7180017.63180408347398 ], [ 665648.979955614544451, 7180009.431789197027683 ], [ 665652.879918283084407, 7180000.931786267086864 ], [ 665657.599949522991665, 7179992.461751444265246 ], [ 665662.719944455544464, 7179985.071794942952693 ], [ 665669.989964138832875, 7179976.661757185123861 ], [ 665679.379918478429317, 7179968.461741033941507 ], [ 665690.586523993872106, 7179961.922125333920121 ], [ 665703.680337069672532, 7179955.667177297174931 ], [ 665735.882368678459898, 7179941.399161910638213 ], [ 665793.367180237430148, 7179915.720127858221531 ], [ 665799.12993716110941, 7179911.351717403158545 ], [ 665801.64995669410564, 7179908.181733189150691 ], [ 665808.639945101342164, 7179890.181727238930762 ], [ 665833.666122832102701, 7179826.715702768415213 ] ] ] ] } },
{ "type": "Feature", "properties": { "CODIGO": "PW10A", "CODIGO_SMM": "1391", "TIPO": "BOSQUE", "NOME": "GOMM", "TEXTO_MAPA": "PARQUE GOMM" }, "geometry": { "type": "MultiPolygon", "coordinates": [ [ [ [ 671917.364152163732797, 7185012.101358914747834 ], [ 671924.37153579085134, 7184995.47501038108021 ], [ 671949.528329262742773, 7184935.784743121825159 ], [ 671928.621705836849287, 7184926.843949215486646 ], [ 671905.279549064580351, 7184986.557775674387813 ], [ 671894.458133688312955, 7184979.461157411336899 ], [ 671886.5205084834015, 7184974.140173779800534 ], [ 671814.18808680830989, 7184946.828597126528621 ], [ 671805.900307588977739, 7184964.643178652971983 ], [ 671794.06290117953904, 7184959.672171503305435 ], [ 671772.167324798181653, 7184950.416375270113349 ], [ 671752.747284838580526, 7184993.982247510924935 ], [ 671774.122536380891688, 7185003.25000674277544 ], [ 671758.743694083066657, 7185036.598041027784348 ], [ 671777.491928994306363, 7185037.144424024969339 ], [ 671780.645311106927693, 7185036.922011209651828 ], [ 671798.482900881790556, 7185035.665049200877547 ], [ 671802.368703529820777, 7185028.030036651529372 ], [ 671808.111744328751229, 7185015.073611207306385 ], [ 671826.112910289433785, 7185023.162232644855976 ], [ 671848.080139479017816, 7185020.35900473408401 ], [ 671862.032352717011236, 7185021.230584114789963 ], [ 671874.877327136462554, 7185023.244803180918097 ], [ 671887.881725590792485, 7185026.061390588060021 ], [ 671896.832162623642944, 7185003.168194324709475 ], [ 671917.364152163732797, 7185012.101358914747834 ] ] ] ] } },
{ "type": "Feature", "properties": { "CODIGO": null, "CODIGO_SMM": "1390", "TIPO": "PARQUE", "NOME": "NATURAL MUNICIPAL YBERÊ", "TEXTO_MAPA": "PQ. NAT. MUN. YBERÊ" }, "geometry": { "type": "MultiPolygon", "coordinates": [ [ [ [ 666404.864822409464978, 7169481.497824037447572 ], [ 666366.834997690282762, 7169328.809379367157817 ], [ 666380.206744558177888, 7169221.420373821631074 ], [ 666338.525126601452939, 7169078.991759052500129 ], [ 666341.158090159762651, 7168915.411519048735499 ], [ 666339.237922445405275, 7168909.18587096594274 ], [ 666328.729307187371887, 7168875.113477190956473 ], [ 666279.982247271342203, 7168679.498083558864892 ], [ 666260.48741841071751, 7168618.281825217418373 ], [ 666189.545612050686032, 7168532.75062991771847 ], [ 666094.465375819476321, 7168465.127036496065557 ], [ 666007.53930617403239, 7168346.502635778859258 ], [ 665993.983085896004923, 7168328.002817160449922 ], [ 665987.220509212929755, 7168318.774056533351541 ], [ 665921.401082999887876, 7168250.279607459902763 ], [ 665903.163647763314657, 7168229.402408834546804 ], [ 665871.960445468546823, 7168184.861022559925914 ], [ 665826.487395109143108, 7168098.818408504128456 ], [ 665818.689230599324219, 7168069.055219350382686 ], [ 665804.950192198739387, 7167961.17995216883719 ], [ 665799.424181276699528, 7167917.791393101215363 ], [ 665631.617930416483432, 7167928.809190355241299 ], [ 665632.814161781570874, 7167944.163380797021091 ], [ 665636.162126937648281, 7167958.934440787881613 ], [ 665636.538165370584466, 7167962.687432331964374 ], [ 665641.328148915432394, 7167984.739438600838184 ], [ 665643.524136511376128, 7168000.776429300196469 ], [ 665645.608184577315114, 7168011.649417322129011 ], [ 665645.376130825607106, 7168021.546453425660729 ], [ 665644.450168778537773, 7168034.246407816186547 ], [ 665644.45017196261324, 7168050.253430685028434 ], [ 665645.773173770168796, 7168067.583451652899384 ], [ 665648.578170934342779, 7168086.809468873776495 ], [ 665649.488145384821109, 7168092.299460239708424 ], [ 665650.428149507613853, 7168099.629417859017849 ], [ 665651.31816582614556, 7168106.96944629214704 ], [ 665652.398184670135379, 7168114.499416139908135 ], [ 665656.521174969733693, 7168132.020476637408137 ], [ 665659.485167435370386, 7168144.613435601815581 ], [ 665669.275214372202754, 7168172.552466213703156 ], [ 665681.558181013097055, 7168196.418436273932457 ], [ 665687.27223472087644, 7168206.781474724411964 ], [ 665693.006185851292685, 7168216.928448667749763 ], [ 665695.132224700646475, 7168220.690473070368171 ], [ 665712.895235650008544, 7168252.125474613159895 ], [ 665736.916245001368225, 7168290.158498952165246 ], [ 665786.075266609084792, 7168357.375485233962536 ], [ 665808.828267914708704, 7168383.450499152764678 ], [ 665819.775294124032371, 7168394.150450706481934 ], [ 665837.521273300633766, 7168410.683471148833632 ], [ 665844.617284433334135, 7168416.45648137293756 ], [ 665857.846293767332099, 7168427.965453661978245 ], [ 665866.445296357618645, 7168435.63848845474422 ], [ 665876.658313584048301, 7168446.232483097352087 ], [ 665885.098319947719574, 7168455.879456383176148 ], [ 665896.381284139119089, 7168468.589479152113199 ], [ 665899.598326964536682, 7168473.850466100499034 ], [ 665903.75128316169139, 7168479.427492975257337 ], [ 665908.871342151309364, 7168487.577457284554839 ], [ 665912.009344702586532, 7168494.199467523954809 ], [ 665914.798347881762311, 7168499.479497529566288 ], [ 665918.568308496614918, 7168505.629461631178856 ], [ 665921.678295593708754, 7168510.689459782093763 ], [ 665925.698317393660545, 7168517.289497183635831 ], [ 665929.068314587580971, 7168523.699471190571785 ], [ 665932.588336168089882, 7168529.799508572556078 ], [ 665935.258320776745677, 7168535.149484908208251 ], [ 665939.208335074712522, 7168540.939463537186384 ], [ 665942.688317578285933, 7168547.009471620433033 ], [ 665946.238307415507734, 7168553.039501654915512 ], [ 665949.91836318699643, 7168558.999463287182152 ], [ 665960.504366698092781, 7168571.370496857911348 ], [ 665966.987340587656945, 7168577.190504283644259 ], [ 665976.348366790334694, 7168582.377515381202102 ], [ 665978.099343920708634, 7168583.144482987932861 ], [ 665987.227337547345087, 7168586.848461547866464 ], [ 665986.037335324566811, 7168589.361462876200676 ], [ 665994.37138402974233, 7168595.976514069363475 ], [ 666007.600331780035049, 7168604.707470556721091 ], [ 666053.500373190967366, 7168635.338511228561401 ], [ 666067.132397669833153, 7168646.379465745761991 ], [ 666077.980363570153713, 7168655.90449027903378 ], [ 666086.579366587568074, 7168665.694468938745558 ], [ 666097.162379495566711, 7168678.658520230092108 ], [ 666107.878388544544578, 7168694.137464675121009 ], [ 666113.558384942240082, 7168706.039504969492555 ], [ 666119.387429414317012, 7168718.875505420379341 ], [ 666124.017438589246012, 7168734.882527377456427 ], [ 666127.45744496001862, 7168750.493492349982262 ], [ 666128.647450851975009, 7168766.368495920673013 ], [ 666130.514397262013517, 7168779.435515284538269 ], [ 666130.958428517449647, 7168781.389495154842734 ], [ 666131.408441429724917, 7168784.389495785348117 ], [ 666132.398432503920048, 7168787.419525612145662 ], [ 666133.188411329640076, 7168790.479523747228086 ], [ 666133.748409631545655, 7168793.539521927945316 ], [ 666134.278439680463634, 7168796.679537223652005 ], [ 666134.98840139771346, 7168799.739535374566913 ], [ 666135.658446154207923, 7168803.009494521655142 ], [ 666136.408446970395744, 7168806.209507346153259 ], [ 666136.998413544963114, 7168809.289525058120489 ], [ 666137.898438714211807, 7168811.999486465938389 ], [ 666138.848451784229837, 7168815.199499251320958 ], [ 666139.428408559411764, 7168818.119543781504035 ], [ 666139.588443465414457, 7168821.569495748728514 ], [ 666139.74841730389744, 7168824.859535568393767 ], [ 666139.898442370933481, 7168827.949502101168036 ], [ 666140.018438175786287, 7168831.259500429034233 ], [ 666140.218451076070778, 7168834.489542668685317 ], [ 666140.378424936207011, 7168837.889506830833852 ], [ 666140.52844999183435, 7168840.929546592757106 ], [ 666140.66846528230235, 7168843.979535089805722 ], [ 666140.828439121018164, 7168847.269513875246048 ], [ 666140.988412969978526, 7168850.609541499987245 ], [ 666141.138438037247397, 7168853.709517800249159 ], [ 666141.288463093922473, 7168856.749496527016163 ], [ 666141.448436925769784, 7168859.999497275799513 ], [ 666141.588452213210985, 7168863.039537039585412 ], [ 666141.748426034348086, 7168866.239549981430173 ], [ 666142.208448714925908, 7168869.239550610072911 ], [ 666142.898451965884306, 7168872.47954148426652 ], [ 666143.378433178178966, 7168875.629505522549152 ], [ 666143.798477833392099, 7168878.689503732137382 ], [ 666143.948441904271021, 7168881.979543555527925 ], [ 666144.098466961877421, 7168885.029532049782574 ], [ 666144.248430993175134, 7168888.119559617713094 ], [ 666144.398456049151719, 7168891.159538343548775 ], [ 666144.548481148085557, 7168894.40953909419477 ], [ 666144.728474591160193, 7168898.049554579891264 ], [ 666144.878438614774495, 7168901.099543076008558 ], [ 666145.418478399165906, 7168904.069514383561909 ], [ 666146.138449902879074, 7168907.229549177922308 ], [ 666146.468467688187957, 7168910.31951567530632 ], [ 666146.778465954470448, 7168913.499509051442146 ], [ 666146.88845192710869, 7168916.479551248252392 ], [ 666146.91848185332492, 7168919.599547109566629 ], [ 666146.958460489171557, 7168922.599547820165753 ], [ 666146.888453795807436, 7168925.849548615515232 ], [ 666146.888454452622682, 7168929.139527431689203 ], [ 666146.848477129125968, 7168932.719545390456915 ], [ 666146.858487547375262, 7168935.969546167179942 ], [ 666146.778471071156673, 7168939.149539622478187 ], [ 666146.9584644024726, 7168942.219547647982836 ], [ 666147.138457867316902, 7168945.95953874476254 ], [ 666147.28848295356147, 7168949.149541922844946 ], [ 666147.448456794489175, 7168952.449530474841595 ], [ 666147.59848187060561, 7168955.589545846916735 ], [ 666147.75845569150988, 7168958.789558790624142 ], [ 666148.058444296359085, 7168962.499520558863878 ], [ 666148.428440101444721, 7168965.509530973620713 ], [ 666148.888462847680785, 7168968.839548770338297 ], [ 666149.038487934391014, 7168972.029551947489381 ], [ 666149.198461772873998, 7168975.319530734792352 ], [ 666149.358496639062651, 7168978.569531481713057 ], [ 666149.528480296838097, 7168982.109571360051632 ], [ 666149.678444349323399, 7168985.309584306553006 ], [ 666152.857464438886382, 7169001.451555320993066 ], [ 666157.88450814015232, 7169021.16255758702755 ], [ 666162.77947067655623, 7169035.582542983815074 ], [ 666166.351495333248749, 7169047.224573875777423 ], [ 666168.378475630073808, 7169058.629544472321868 ], [ 666169.408505750354379, 7169061.529569378122687 ], [ 666170.108518756111152, 7169064.699552910402417 ], [ 666170.868468338157982, 7169068.05959995277226 ], [ 666171.578491121414118, 7169071.279571287333965 ], [ 666172.208496719831601, 7169074.109588930383325 ], [ 666172.948487744433805, 7169077.189545578323305 ], [ 666173.748476312262937, 7169080.119599834084511 ], [ 666174.438479480799288, 7169082.939546661451459 ], [ 666175.648502385360189, 7169086.169588699936867 ], [ 666177.128483760519885, 7169088.949557334184647 ], [ 666178.708501779590733, 7169091.719577216543257 ], [ 666180.23847101861611, 7169094.79959474131465 ], [ 666181.468513479572721, 7169098.129551351070404 ], [ 666182.168526446330361, 7169101.09958366304636 ], [ 666182.758492999826558, 7169104.069554962217808 ], [ 666183.378488986636512, 7169107.689550824463367 ], [ 666184.268504425417632, 7169110.589575758203864 ], [ 666185.388500497676432, 7169114.039588570594788 ], [ 666186.198498920537531, 7169117.4095843359828 ], [ 666186.518506958847865, 7169120.599587479606271 ], [ 666186.648512475891039, 7169123.629556444473565 ], [ 666186.808486305992119, 7169126.869608459994197 ], [ 666187.008499186253175, 7169130.009562786668539 ], [ 666187.158524326863699, 7169133.469585562124848 ], [ 666187.258500552619807, 7169136.559613140299916 ], [ 666187.458513384568505, 7169139.449567407369614 ], [ 666187.608538451371714, 7169142.539594976231456 ], [ 666187.758502493728884, 7169145.689559080637991 ], [ 666187.928486111108214, 7169149.029586706310511 ], [ 666188.078511196887121, 7169152.219589883461595 ], [ 666188.2384850285016, 7169155.469590632244945 ], [ 666188.388510124292225, 7169158.70958161726594 ], [ 666188.548545001540333, 7169162.009570170193911 ], [ 666188.708518859930336, 7169165.399585602805018 ], [ 666188.858543925802223, 7169168.489613169804215 ], [ 666189.008507959078997, 7169171.589589470997453 ], [ 666189.178491597180255, 7169175.029592705890536 ], [ 666189.338526492472738, 7169178.429617904126644 ], [ 666189.518519927980378, 7169182.01958455145359 ], [ 666189.658535226597451, 7169185.109612122178078 ], [ 666189.838528683641925, 7169188.809625182300806 ], [ 666189.888517086277716, 7169191.809625893831253 ], [ 666189.878507927409373, 7169194.859614422544837 ], [ 666190.038542800582945, 7169198.149593207985163 ], [ 666190.198516642907634, 7169201.449581762775779 ], [ 666190.348541708546691, 7169204.539609329774976 ], [ 666190.558503408101387, 7169208.109617471694946 ], [ 666190.628511381684802, 7169211.279601128771901 ], [ 666191.089513429207727, 7169228.331607090309262 ], [ 666190.163551625446416, 7169242.222601825371385 ], [ 666188.708537092199549, 7169256.774607568047941 ], [ 666187.253523564315401, 7169276.353592058643699 ], [ 666183.788561377557926, 7169298.699606424197555 ], [ 666183.338549707899801, 7169301.929648794233799 ], [ 666182.748523346730508, 7169305.10964235290885 ], [ 666182.148548231460154, 7169308.189599268138409 ], [ 666181.568531648954377, 7169311.419641664251685 ], [ 666181.308522447478026, 7169314.55965712107718 ], [ 666181.148549975361675, 7169318.119655566290021 ], [ 666181.038565264549106, 7169321.459622213616967 ], [ 666180.508536449866369, 7169324.509610844776034 ], [ 666180.118522277334705, 7169327.359648229554296 ], [ 666179.718559408327565, 7169330.38961729966104 ], [ 666179.008537861402147, 7169333.369659662246704 ], [ 666178.058526099543087, 7169336.739655779674649 ], [ 666177.018548451829702, 7169339.879610355943441 ], [ 666175.918573222821578, 7169342.989657710306346 ], [ 666175.078546822187491, 7169346.25961715914309 ], [ 666174.65856438560877, 7169349.13962281960994 ], [ 666174.218562467722222, 7169352.289648078382015 ], [ 666173.678523919777945, 7169355.519629431888461 ], [ 666172.888546361704357, 7169358.809669444337487 ], [ 666172.098568817018531, 7169362.16965576261282 ], [ 666171.378537459881045, 7169364.939615067094564 ], [ 666170.718564745155163, 7169367.879618347622454 ], [ 666170.118528575985692, 7169370.859660687856376 ], [ 666169.458555860212073, 7169373.799663968384266 ], [ 666168.898558764136396, 7169376.77964526694268 ], [ 666168.138549402938224, 7169379.719648566097021 ], [ 666167.538574270321988, 7169382.709639640524983 ], [ 666166.878540528123267, 7169385.689620958641171 ], [ 666166.068543365574442, 7169388.639634037390351 ], [ 666165.388551234034821, 7169392.179674085229635 ], [ 666164.738527269335464, 7169395.209643207490444 ], [ 666164.038576537161134, 7169398.249622104689479 ], [ 666163.588564719539136, 7169400.739674063399434 ], [ 666163.238528755493462, 7169404.449635963886976 ], [ 666162.828556125983596, 7169407.519644107669592 ], [ 666162.178532173740678, 7169410.609671836718917 ], [ 666161.238530147820711, 7169413.809685001149774 ], [ 666160.32855739351362, 7169416.859673710539937 ], [ 666159.518560397671536, 7169420.649652810767293 ], [ 666158.698553554830141, 7169424.039668438956141 ], [ 666158.118536913883872, 7169426.979671703651547 ], [ 666157.848578902892768, 7169429.729672418907285 ], [ 666157.418586782645434, 7169433.029661091044545 ], [ 666157.418587355175987, 7169435.899656900204718 ], [ 666157.418587990920059, 7169439.08966010902077 ], [ 666157.738535037031397, 7169442.499634010717273 ], [ 666157.948557717958465, 7169445.799683591350913 ], [ 666158.318553507793695, 7169448.729676897637546 ], [ 666158.698559115407988, 7169451.909670263528824 ], [ 666159.338574591092765, 7169455.289675831794739 ], [ 666160.398573022102937, 7169458.399661721661687 ], [ 666161.188551872968674, 7169461.589664771221578 ], [ 666161.798599048517644, 7169464.809697164222598 ], [ 666162.448563235346228, 7169468.079656317830086 ], [ 666163.058549370151013, 7169471.279669173061848 ], [ 666163.798601403133944, 7169474.219672175124288 ], [ 666164.968585258116946, 7169477.559699600562453 ], [ 666170.572593099670485, 7169490.594674765132368 ], [ 666172.291588811669499, 7169496.415659709833562 ], [ 666173.879602598724887, 7169499.987681737169623 ], [ 666177.186549504520372, 7169501.574656557291746 ], [ 666181.023587080300786, 7169504.220652522519231 ], [ 666185.318571801995859, 7169508.169688261114061 ], [ 666185.289152848650701, 7169508.167857211083174 ], [ 666185.315764185623266, 7169508.181895295158029 ], [ 666191.980804936378263, 7169508.678842326626182 ], [ 666198.667756912996992, 7169507.178840631619096 ], [ 666205.91775744385086, 7169501.178837740793824 ], [ 666217.730809076223522, 7169498.678834781050682 ], [ 666223.355809918488376, 7169496.178833056241274 ], [ 666234.605811001849361, 7169488.178828885778785 ], [ 666241.667762571480125, 7169484.178826512768865 ], [ 666249.480813849251717, 7169484.678825073875487 ], [ 666264.667767553008161, 7169481.678821319714189 ], [ 666270.417768523679115, 7169479.678819689899683 ], [ 666278.355818833690137, 7169475.178817022591829 ], [ 666281.605819508084096, 7169474.678816253319383 ], [ 666294.105822786106728, 7169476.178814118728042 ], [ 666308.917777798138559, 7169480.178812123835087 ], [ 666318.355830961605534, 7169488.17881216481328 ], [ 666326.917785682831891, 7169498.178812861442566 ], [ 666338.667790580540895, 7169508.678813043050468 ], [ 666347.355843764613383, 7169517.678813476115465 ], [ 666353.417797290487215, 7169524.678813949227333 ], [ 666356.355848606093787, 7169531.178814927116036 ], [ 666358.29280015185941, 7169533.178815023973584 ], [ 666370.042803850257769, 7169537.678813759237528 ], [ 666378.417807844816707, 7169547.678814494051039 ], [ 666383.730859226314351, 7169551.678814396262169 ], [ 666396.355862736236304, 7169554.17881247587502 ], [ 666406.980866467347369, 7169560.178811796940863 ], [ 666413.417819683905691, 7169565.178811715915799 ], [ 666415.230869532795623, 7169565.67881147377193 ], [ 666417.042820549104363, 7169565.178810991346836 ], [ 666423.667820828850381, 7169558.67880810238421 ], [ 666404.864822409464978, 7169481.497824037447572 ] ] ] ] } },
{ "type": "Feature", "properties": { "CODIGO": null, "CODIGO_SMM": "1427", "TIPO": "BOSQUE", "NOME": "DA COLINA", "TEXTO_MAPA": "BOSQUE DA COLINA" }, "geometry": { "type": "MultiPolygon", "coordinates": [ [ [ [ 671769.083488723030314, 7190712.163130227476358 ], [ 671762.054867786588147, 7190743.278740551322699 ], [ 671751.253656076733023, 7190741.513544552028179 ], [ 671739.090688591008075, 7190739.525753557682037 ], [ 671728.298693192191422, 7190737.762144468724728 ], [ 671716.893294293200597, 7190735.898132648319006 ], [ 671704.124857876216993, 7190733.811525833792984 ], [ 671691.667090498376638, 7190731.775517113506794 ], [ 671691.396643965505064, 7190733.306157225742936 ], [ 671691.828468043357134, 7190734.438115445896983 ], [ 671695.712258977699094, 7190738.559941915795207 ], [ 671698.021098194178194, 7190742.041753891855478 ], [ 671701.291058619623072, 7190747.223761435598135 ], [ 671702.629072610288858, 7190751.797370778396726 ], [ 671703.976852234336548, 7190756.408516747877002 ], [ 671707.208849252085201, 7190763.867929693311453 ], [ 671708.937305383617058, 7190769.143931719474494 ], [ 671712.671865579090081, 7190774.5079460516572 ], [ 671717.311455365037546, 7190780.141735661774874 ], [ 671721.748285399051383, 7190781.352367395535111 ], [ 671725.908076564781368, 7190781.490367063321173 ], [ 671731.528072942630388, 7190780.41095888055861 ], [ 671736.851316117914394, 7190778.384529022499919 ], [ 671742.67889290698804, 7190776.288763104006648 ], [ 671748.984314234461635, 7190775.033939693123102 ], [ 671755.101076194085181, 7190775.472964430227876 ], [ 671763.274296105722897, 7190775.384705888107419 ], [ 671771.030279704369605, 7190775.905334311537445 ], [ 671776.34009558823891, 7190776.049315189942718 ], [ 671782.002511612139642, 7190775.942502474412322 ], [ 671787.435130193363875, 7190775.754146812483668 ], [ 671790.934276626212522, 7190775.760310644283891 ], [ 671793.253490582224913, 7190773.219538005068898 ], [ 671795.275524130556732, 7190769.931939057074487 ], [ 671796.346324716927484, 7190767.610710188746452 ], [ 671797.474498534807935, 7190766.117301356047392 ], [ 671798.881297970772721, 7190764.893912067636847 ], [ 671799.638927523745224, 7190764.699697993695736 ], [ 671800.252086834050715, 7190764.542715404182673 ], [ 671801.499706829665229, 7190764.724538926035166 ], [ 671803.191479819826782, 7190765.125112414360046 ], [ 671809.087721779127605, 7190765.956532320939004 ], [ 671814.925125784240663, 7190766.534900413826108 ], [ 671821.193315874086693, 7190766.33592445962131 ], [ 671825.59749150229618, 7190764.687912859022617 ], [ 671831.540729728061706, 7190761.551741365343332 ], [ 671836.74971467780415, 7190757.664898436516523 ], [ 671841.343525985954329, 7190753.102518345229328 ], [ 671850.921102887950838, 7190746.756323274224997 ], [ 671859.597129093133844, 7190739.596285399980843 ], [ 671866.519493203377351, 7190734.754302702844143 ], [ 671874.509545718319714, 7190730.563931288197637 ], [ 671880.047693643253297, 7190728.096705367788672 ], [ 671885.630091928411275, 7190724.942284431308508 ], [ 671891.547329643159173, 7190724.108115511015058 ], [ 671896.335294323740527, 7190721.919088061898947 ], [ 671902.323149436386302, 7190719.633502721786499 ], [ 671906.312713086022995, 7190717.734270436689258 ], [ 671910.807098778197542, 7190716.475113902240992 ], [ 671914.090912645100616, 7190714.167495422996581 ], [ 671916.122345829382539, 7190711.948683377355337 ], [ 671917.830902891466394, 7190709.436292219907045 ], [ 671919.597747962339781, 7190704.101878812536597 ], [ 671921.017913666320965, 7190700.778086131438613 ], [ 671921.544891090015881, 7190699.545053467154503 ], [ 671924.758331250399351, 7190696.495491445064545 ], [ 671926.276702366536483, 7190692.28528493270278 ], [ 671929.174712791689672, 7190689.411870484240353 ], [ 671932.940521210664883, 7190686.109683769755065 ], [ 671935.745331206358969, 7190684.590883959084749 ], [ 671938.68472369806841, 7190682.774049373343587 ], [ 671939.496308293426409, 7190682.332886978983879 ], [ 671940.67434802337084, 7190681.692444670945406 ], [ 671942.238129663513973, 7190679.214050134643912 ], [ 671942.459931088844314, 7190677.317076925188303 ], [ 671941.670745925046504, 7190675.452086359262466 ], [ 671938.457915213191882, 7190674.114501215517521 ], [ 671934.507291676243767, 7190674.42608658503741 ], [ 671931.544705618056469, 7190675.264283219352365 ], [ 671925.800502360332757, 7190674.868898555636406 ], [ 671922.92489077791106, 7190672.570680763572454 ], [ 671921.988305587205105, 7190670.289247242733836 ], [ 671923.494530737982132, 7190666.24609399959445 ], [ 671926.65889844042249, 7190662.326292498968542 ], [ 671930.373925505089574, 7190658.58507979940623 ], [ 671933.550744664273225, 7190656.035884128883481 ], [ 671937.3684938341612, 7190651.860467191785574 ], [ 671940.580895898863673, 7190646.391837142407894 ], [ 671944.344140428933315, 7190641.101856931112707 ], [ 671947.170128835365176, 7190635.723864194005728 ], [ 671951.309899453655817, 7190630.96043433714658 ], [ 671954.560509025584906, 7190623.022870518267155 ], [ 671958.217308347811922, 7190618.372661005705595 ], [ 671960.107322550727986, 7190613.788430880755186 ], [ 671962.363120728521608, 7190610.122841060161591 ], [ 671967.092124745249748, 7190604.606053947471082 ], [ 671969.72908768709749, 7190601.486667808145285 ], [ 671973.765709405997768, 7190599.350863182917237 ], [ 671976.518517615972087, 7190598.705232561565936 ], [ 671979.351892461185344, 7190599.065827777609229 ], [ 671981.850306253647432, 7190599.299836113117635 ], [ 671982.255701833637431, 7190599.134857959114015 ], [ 671984.223109414568171, 7190598.333465738222003 ], [ 671985.456507643917575, 7190595.748015576973557 ], [ 671987.494288399931975, 7190593.1176433628425 ], [ 671989.011927638552152, 7190591.546841848641634 ], [ 671987.754113756818697, 7190586.460414974018931 ], [ 671980.119285637745634, 7190589.14504861086607 ], [ 671966.190083755296655, 7190594.042635791935027 ], [ 671955.078509364509955, 7190597.949621547013521 ], [ 671942.470718868309632, 7190602.382669759914279 ], [ 671934.907729140250012, 7190605.041851714253426 ], [ 671925.19672874873504, 7190608.456283335573971 ], [ 671922.689892331254669, 7190609.337631743401289 ], [ 671916.53931826853659, 7190615.588855378329754 ], [ 671908.119090760592371, 7190624.146659686230123 ], [ 671900.226084961555898, 7190632.168452999554574 ], [ 671891.054514637915418, 7190641.489868504926562 ], [ 671884.105722756008618, 7190648.55224974732846 ], [ 671875.567087039118633, 7190657.230293368920684 ], [ 671866.729073862778023, 7190666.212475316599011 ], [ 671857.982125145150349, 7190675.102494135499001 ], [ 671849.401497236685827, 7190683.823323421180248 ], [ 671841.368904026341625, 7190691.987084574997425 ], [ 671832.97748511377722, 7190700.515530958771706 ], [ 671824.646124795428477, 7190708.982881122268736 ], [ 671816.392523272428662, 7190717.371495896019042 ], [ 671800.329717220854945, 7190733.696698866784573 ], [ 671785.133480802760459, 7190712.423136757686734 ], [ 671769.083488723030314, 7190712.163130227476358 ] ] ] ] } },
{ "type": "Feature", "properties": { "CODIGO": null, "CODIGO_SMM": "1446", "TIPO": "BOSQUE", "NOME": "MARIA DE LOURDES BESERRA DE SOUSA (VEREADORA DONA LOURDES)", "TEXTO_MAPA": "BQ. VERA. DA. LOURDES" }, "geometry": { "type": "MultiPolygon", "coordinates": [ [ [ [ 668834.990407416480593, 7182161.960262786597013 ], [ 668831.251576000126079, 7182162.445859372615814 ], [ 668826.980151644675061, 7182162.768064909614623 ], [ 668823.064196043764241, 7182162.686461677774787 ], [ 668819.097947374801151, 7182162.167907660827041 ], [ 668815.201950109098107, 7182161.26165821775794 ], [ 668803.854168038582429, 7182156.947694566100836 ], [ 668799.947184402728453, 7182155.843691169284284 ], [ 668796.339578113984317, 7182153.895510248839855 ], [ 668792.892372198984958, 7182151.67590588517487 ], [ 668792.119178499677218, 7182150.963076269254088 ], [ 668788.211157817044295, 7182152.581668784841895 ], [ 668786.436194362584502, 7182154.427677918225527 ], [ 668785.325171929900534, 7182158.371709913015366 ], [ 668811.02020229655318, 7182239.988730007782578 ], [ 668824.383190388791263, 7182282.598723569884896 ], [ 668836.990198787068948, 7182334.790750993415713 ], [ 668854.919231228530407, 7182392.947744689881802 ], [ 668924.150633954326622, 7182397.268105306662619 ], [ 668944.103642226313241, 7182398.640904350206256 ], [ 669003.964253951678984, 7182402.726098341867328 ], [ 669020.160852432018146, 7182403.371297860518098 ], [ 669127.586723515996709, 7182410.918885432183743 ], [ 669128.008902214001864, 7182403.103270548395813 ], [ 669127.408498406060971, 7182399.047666603699327 ], [ 669124.285693318583071, 7182391.357662823051214 ], [ 669120.332871059537865, 7182384.298884961754084 ], [ 669114.655073037138209, 7182378.521907093003392 ], [ 669108.071085999486968, 7182373.634089793078601 ], [ 669101.160499892546795, 7182369.408687280490994 ], [ 668963.208239937433973, 7182293.072880256921053 ], [ 668952.969649532111362, 7182286.256718477234244 ], [ 668940.201211558654904, 7182275.811100712046027 ], [ 668934.017798223881982, 7182270.274479454383254 ], [ 668921.901398807647638, 7182258.927494138479233 ], [ 668906.706200893037021, 7182241.006105907261372 ], [ 668854.107359891058877, 7182183.031309233978391 ], [ 668834.990407416480593, 7182161.960262786597013 ] ] ] ] } },
{ "type": "Feature", "properties": { "CODIGO": null, "CODIGO_SMM": "1081", "TIPO": "PARQUE LINEAR", "NOME": "CAJURU", "TEXTO_MAPA": "PARQUE LINEAR CAJURU" }, "geometry": { "type": "MultiPolygon", "coordinates": [ [ [ [ 681162.293242887943052, 7183689.124083496630192 ], [ 681168.16665797715541, 7183691.436887992545962 ], [ 681194.920267953420989, 7183700.945673696696758 ], [ 681211.282029426191002, 7183709.784661678597331 ], [ 681221.249440793762915, 7183717.119256133213639 ], [ 681226.327080649207346, 7183725.582086804322898 ], [ 681229.712275693658739, 7183731.600276097655296 ], [ 681237.799071591813117, 7183740.063106114976108 ], [ 681244.005251040449366, 7183745.140864865854383 ], [ 681258.25507313630078, 7183752.319269384257495 ], [ 681259.98206281720195, 7183749.987908542156219 ], [ 681261.905097589828074, 7183748.210869091562927 ], [ 681265.200079336413182, 7183738.983876246958971 ], [ 681271.505071971914731, 7183731.387864613905549 ], [ 681277.620060704648495, 7183717.296856229193509 ], [ 681284.675051895785145, 7183702.179846398532391 ], [ 681297.559083960484713, 7183681.80483833886683 ], [ 681311.915039053186774, 7183656.016864694654942 ], [ 681322.878050281084143, 7183636.400829415768385 ], [ 681330.556088453973643, 7183621.044805716723204 ], [ 681339.512081046239473, 7183605.658813470974565 ], [ 681357.909052670700476, 7183579.315846131183207 ], [ 681368.509088044054806, 7183561.135785423219204 ], [ 681375.988030128763057, 7183548.742775229737163 ], [ 681386.755057203350589, 7183528.137787103652954 ], [ 681389.536062664235942, 7183523.041776882484555 ], [ 681390.987051225965843, 7183520.383816899731755 ], [ 681393.745046435506083, 7183515.330775443464518 ], [ 681397.420033701462671, 7183508.597801716998219 ], [ 681398.58604915975593, 7183506.462791146710515 ], [ 681403.97203471546527, 7183496.593768874183297 ], [ 681405.764026646036655, 7183493.310808654874563 ], [ 681418.959033309714869, 7183474.797800521366298 ], [ 681428.311083288164809, 7183460.139774687588215 ], [ 681433.014024778734893, 7183452.766785923391581 ], [ 681446.60307422594633, 7183432.946770531125367 ], [ 681448.81504912825767, 7183429.456778915598989 ], [ 681468.507064920966513, 7183402.652751607820392 ], [ 681488.047041596961208, 7183373.54074033908546 ], [ 681510.380047349375673, 7183337.91572629660368 ], [ 681522.988017024705186, 7183316.179695001803339 ], [ 681525.924845407484099, 7183311.679510097950697 ], [ 681526.674845489673316, 7183311.179509805515409 ], [ 681527.862833747407421, 7183309.679509159177542 ], [ 681529.862833604915068, 7183306.679507951252162 ], [ 681531.612833505729213, 7183304.179506925866008 ], [ 681532.174845042172819, 7183302.679506417363882 ], [ 681532.924845015862957, 7183301.679505996406078 ], [ 681533.930826297029853, 7183299.752686433494091 ], [ 681538.889017234672792, 7183294.028684856370091 ], [ 681547.066018885467201, 7183283.071710037067533 ], [ 681551.477029312867671, 7183276.456717139109969 ], [ 681562.502052966272458, 7183260.055709535256028 ], [ 681574.906043355236761, 7183239.520667366683483 ], [ 681592.822057784884237, 7183213.059658112935722 ], [ 681595.027013620943762, 7183209.476648898795247 ], [ 681612.603062178590335, 7183183.185683710500598 ], [ 681627.09201349876821, 7183160.188665353693068 ], [ 681639.189057961339131, 7183139.451657868921757 ], [ 681648.363007074804045, 7183123.753653781488538 ], [ 681651.257049820385873, 7183119.343617836013436 ], [ 681653.553253422025591, 7183116.605823662132025 ], [ 681652.260833054897375, 7183113.829639146104455 ], [ 681649.614835229236633, 7183108.980639452114701 ], [ 681647.040614907979034, 7183104.781420182436705 ], [ 681645.260645614005625, 7183102.122606407850981 ], [ 681642.056603316916153, 7183097.746629417873919 ], [ 681639.636008781846613, 7183094.733811786398292 ], [ 681637.409445153665729, 7183092.157029382884502 ], [ 681634.227802975801751, 7183088.754258202388883 ], [ 681631.992999677779153, 7183086.538804018869996 ], [ 681628.955034426180646, 7183083.734421635046601 ], [ 681625.448441091459244, 7183080.772812749259174 ], [ 681622.651015580864623, 7183078.563828414306045 ], [ 681619.916639450355433, 7183076.571640998125076 ], [ 681617.063000606372952, 7183074.635605964809656 ], [ 681613.872020352515392, 7183072.63041815534234 ], [ 681613.190623607020825, 7183072.234239002689719 ], [ 681611.130444158334285, 7183080.221607230603695 ], [ 681610.489819537615404, 7183082.705250586383045 ], [ 681608.129225226002745, 7183091.85643753875047 ], [ 681607.488417498301715, 7183094.340019860304892 ], [ 681596.69484476139769, 7183136.184271264821291 ], [ 681596.188009158242494, 7183138.313849559053779 ], [ 681594.365622501354665, 7183145.213632006198168 ], [ 681593.884604694438167, 7183146.966684320010245 ], [ 681593.082603090908378, 7183149.511668059974909 ], [ 681592.41640459606424, 7183151.371043683961034 ], [ 681591.67745217634365, 7183153.235668349079788 ], [ 681591.056053407490253, 7183154.675854401662946 ], [ 681590.203819699585438, 7183156.498853103257716 ], [ 681589.413231460493989, 7183158.059888833202422 ], [ 681588.559838028741069, 7183159.628065692260861 ], [ 681588.377648108988069, 7183159.941664446145296 ], [ 681578.459435797762126, 7183174.199665882624686 ], [ 681566.604822146240622, 7183190.861476954072714 ], [ 681537.441432254156098, 7183230.608502818271518 ], [ 681534.805018723127432, 7183233.893904629163444 ], [ 681533.250026036985219, 7183235.66569497436285 ], [ 681531.400233522988856, 7183237.682114355266094 ], [ 681529.750025954213925, 7183239.381089759990573 ], [ 681527.896632316056639, 7183241.171312792226672 ], [ 681521.915430844062939, 7183246.794667594134808 ], [ 681521.896815119660459, 7183246.812123658135533 ], [ 681518.668055176152848, 7183249.771109497174621 ], [ 681516.423243011813611, 7183251.699699349701405 ], [ 681513.784815075574443, 7183253.86589921452105 ], [ 681513.765222788671963, 7183253.881707327440381 ], [ 681511.285242118523456, 7183255.864679569378495 ], [ 681508.6058595495997, 7183257.870906256139278 ], [ 681497.856835090089589, 7183265.767089828848839 ], [ 681496.415428719366901, 7183266.904480571858585 ], [ 681495.010033128433861, 7183268.16668823454529 ], [ 681494.052025280660018, 7183269.129335175268352 ], [ 681493.263817261438817, 7183269.994325803592801 ], [ 681492.137047252384946, 7183271.364931870251894 ], [ 681491.182030204683542, 7183272.676089642569423 ], [ 681490.285423832945526, 7183274.065738634206355 ], [ 681489.747643138514832, 7183275.006534893065691 ], [ 681488.731835218379274, 7183277.043706047348678 ], [ 681487.366601267363876, 7183280.594732651486993 ], [ 681486.827844213228673, 7183282.465704930014908 ], [ 681485.958826233865693, 7183286.126289558596909 ], [ 681485.334009966347367, 7183289.738290136680007 ], [ 681485.098658750299364, 7183291.607736469246447 ], [ 681484.934657617355697, 7183293.324106575921178 ], [ 681484.760219793301076, 7183296.528514178469777 ], [ 681484.559659787686542, 7183303.728528283536434 ], [ 681484.503813041024841, 7183305.730909184552729 ], [ 681483.929842771729454, 7183326.339740302413702 ], [ 681483.805453586392105, 7183328.615924997255206 ], [ 681483.575412494479679, 7183330.775532537139952 ], [ 681483.264438726124354, 7183332.761128822341561 ], [ 681482.45944662427064, 7183336.346334998495877 ], [ 681481.751439145067707, 7183338.70473419688642 ], [ 681481.073216728516854, 7183340.596946746110916 ], [ 681480.555638779536821, 7183342.015526325441897 ], [ 681479.180822146241553, 7183344.821313479915261 ], [ 681478.123815460363403, 7183346.752344481647015 ], [ 681477.062047988525592, 7183348.483729436062276 ], [ 681475.881445037550293, 7183350.217128578573465 ], [ 681474.464635999174789, 7183352.081936496309936 ], [ 681473.010046157171018, 7183353.790921627543867 ], [ 681471.821630606427789, 7183355.073514990508556 ], [ 681470.582433779258281, 7183356.301542920060456 ], [ 681468.87644002691377, 7183357.839934800751507 ], [ 681467.527013654471375, 7183358.946319656446576 ], [ 681412.722443605074659, 7183401.966362203471363 ], [ 681411.067841414129362, 7183403.264763777144253 ], [ 681410.304657756816596, 7183403.863763120025396 ], [ 681408.820648852386512, 7183405.07976717595011 ], [ 681407.168427075259387, 7183406.564570163376629 ], [ 681405.821442157612182, 7183407.891963376663625 ], [ 681404.416840076795779, 7183409.403987998142838 ], [ 681402.793243896681815, 7183411.360592858865857 ], [ 681401.583832315169275, 7183412.957761502824724 ], [ 681401.272430959157646, 7183413.37914839759469 ], [ 681400.076447158004157, 7183415.170958202332258 ], [ 681398.907440937124193, 7183417.124938452616334 ], [ 681397.648407934000716, 7183419.52233924716711 ], [ 681396.666230418486521, 7183421.681153493002057 ], [ 681395.762666237191297, 7183423.991151843219995 ], [ 681395.225434999563731, 7183425.576967800036073 ], [ 681394.626253164955415, 7183427.630557326599956 ], [ 681394.133821842609905, 7183429.671573584899306 ], [ 681393.905245382804424, 7183430.85834151878953 ], [ 681393.554842934478074, 7183433.031376823782921 ], [ 681393.403048695065081, 7183434.105595882982016 ], [ 681391.252051270101219, 7183452.948984997346997 ], [ 681390.881446338957176, 7183455.856395496055484 ], [ 681390.318458736059256, 7183459.633801378309727 ], [ 681389.811867454554886, 7183462.594373540952802 ], [ 681389.245034460327588, 7183465.56678653974086 ], [ 681388.62705398327671, 7183468.504165360704064 ], [ 681387.84525520214811, 7183471.87776259239763 ], [ 681387.106058870442212, 7183474.796769853681326 ], [ 681386.650675819255412, 7183476.472795775160193 ], [ 681384.579448793199845, 7183483.509785344824195 ], [ 681369.863024972029962, 7183532.228429039940238 ], [ 681369.145068725687452, 7183534.433629959821701 ], [ 681368.252673996379599, 7183536.817786043509841 ], [ 681367.142872029682621, 7183539.400001306086779 ], [ 681365.748463107272983, 7183542.222023822367191 ], [ 681364.178028739872389, 7183544.994790991768241 ], [ 681362.342640704009682, 7183547.834025521762669 ], [ 681360.558461092994548, 7183550.276409352198243 ], [ 681358.433461112901568, 7183552.863812824711204 ], [ 681356.502674945164472, 7183554.965620428323746 ], [ 681354.467884821351618, 7183556.965987598523498 ], [ 681351.949268938042223, 7183559.183029733598232 ], [ 681349.859486047527753, 7183560.831590183079243 ], [ 681347.092640061862767, 7183562.782824198715389 ], [ 681344.338428305112757, 7183564.491199261508882 ], [ 681341.780078347190283, 7183565.890003889799118 ], [ 681339.411852892255411, 7183567.036428040824831 ], [ 681336.074083789717406, 7183568.42882414534688 ], [ 681333.317430463153869, 7183569.394828412681818 ], [ 681331.088670274126343, 7183570.060234342701733 ], [ 681328.593674656236544, 7183570.68822576943785 ], [ 681325.841049563023262, 7183571.242242624051869 ], [ 681306.381450603017583, 7183574.62463298253715 ], [ 681303.796244960976765, 7183575.074035516008735 ], [ 681298.475626127561554, 7183575.998658493161201 ], [ 681296.11246644530911, 7183576.458436958491802 ], [ 681293.714272591285408, 7183577.004641234874725 ], [ 681292.558266499312595, 7183577.287844683974981 ], [ 681290.838844776386395, 7183577.762820767238736 ], [ 681288.83823404693976, 7183578.375248115509748 ], [ 681286.195228199125268, 7183579.284611718729138 ], [ 681283.813452889211476, 7183580.205449875444174 ], [ 681281.907263613073155, 7183581.014654602855444 ], [ 681279.949255497311242, 7183581.915839340537786 ], [ 681277.992223958484828, 7183582.890266288071871 ], [ 681277.092870807508007, 7183583.374641608446836 ], [ 681275.23886665108148, 7183584.403450869955122 ], [ 681271.587865227367729, 7183586.63703378289938 ], [ 681258.673435059492476, 7183595.102248737588525 ], [ 681256.896213189465925, 7183596.314041426405311 ], [ 681255.290866356692277, 7183597.496232021600008 ], [ 681253.83725295367185, 7183598.647050506435335 ], [ 681251.905856335884891, 7183600.3052544798702 ], [ 681250.359225397231057, 7183601.749835265800357 ], [ 681248.74344164901413, 7183603.385028909891844 ], [ 681247.265048067318276, 7183605.007832385599613 ], [ 681245.719210673472844, 7183606.853231146931648 ], [ 681244.434054457466118, 7183608.52083439566195 ], [ 681243.058444176334888, 7183610.459067616611719 ], [ 681227.256626328220591, 7183633.624238161370158 ], [ 681226.127842217450961, 7183635.276460512541234 ], [ 681223.167820433620363, 7183639.618259151466191 ], [ 681219.774021771387197, 7183644.370641485787928 ], [ 681217.939060885459185, 7183646.758093673735857 ], [ 681216.274632195127197, 7183648.812476890161633 ], [ 681214.288243038929068, 7183651.165871483273804 ], [ 681213.533238155534491, 7183652.046242967247963 ], [ 681211.487827969132923, 7183654.313272806815803 ], [ 681211.455662440974265, 7183654.348062861710787 ], [ 681209.519444129429758, 7183656.394267423078418 ], [ 681198.33365277631674, 7183667.986069720238447 ], [ 681196.377842146903276, 7183669.912889491766691 ], [ 681194.157444059266709, 7183671.885058452375233 ], [ 681192.922641713405028, 7183672.876453019678593 ], [ 681191.213046832475811, 7183674.175648061558604 ], [ 681189.904025708441623, 7183675.122670074924827 ], [ 681187.764865309116431, 7183676.520253906957805 ], [ 681187.68722858093679, 7183676.56847171112895 ], [ 681185.717440732521936, 7183677.730703883804381 ], [ 681185.645846485625952, 7183677.77086504176259 ], [ 681183.826632365002297, 7183678.745658170431852 ], [ 681183.756014678743668, 7183678.781852042302489 ], [ 681181.791231669601984, 7183679.735893242061138 ], [ 681165.293243226245977, 7183687.151914366520941 ], [ 681162.293242887943052, 7183689.124083496630192 ] ] ] ] } },
{ "type": "Feature", "properties": { "CODIGO": null, "CODIGO_SMM": "1081", "TIPO": "PARQUE LINEAR", "NOME": "CAJURU", "TEXTO_MAPA": "PARQUE LINEAR CAJURU" }, "geometry": { "type": "MultiPolygon", "coordinates": [ [ [ [ 681956.129916541045532, 7182217.656308004632592 ], [ 681961.15689217869658, 7182203.104362259618938 ], [ 681968.168913552886806, 7182183.260300466790795 ], [ 681973.724942838889547, 7182172.280315971001983 ], [ 681981.000697102048434, 7182152.03909825719893 ], [ 681987.482689764699899, 7182135.502105299383402 ], [ 681992.906698819249868, 7182119.231103854253888 ], [ 681995.684713014052249, 7182111.69008569046855 ], [ 681998.595479052746668, 7182105.736897494643927 ], [ 682008.120503167272545, 7182093.30091810785234 ], [ 682015.363484407076612, 7182086.179881986230612 ], [ 682025.663533120765351, 7182073.697881911881268 ], [ 682037.470479337498546, 7182061.890869472175837 ], [ 682055.924520600121468, 7182043.832877419888973 ], [ 682068.426535458886065, 7182032.521836635656655 ], [ 682085.492515322403051, 7182016.646828841418028 ], [ 682098.589500514557585, 7182002.954866908490658 ], [ 682111.586510983877815, 7181993.329861603677273 ], [ 682129.64449581631925, 7181978.943867648951709 ], [ 682136.292505911784247, 7181970.509843040257692 ], [ 682140.558497077552602, 7181965.350844205357134 ], [ 682151.07552588370163, 7181953.146798254922032 ], [ 682162.982325485209003, 7181940.644595187157393 ], [ 682173.896327027003281, 7181928.341611137613654 ], [ 682183.222316034836695, 7181918.618584149517119 ], [ 682189.473292534356005, 7181911.077626261860132 ], [ 682201.677332596387714, 7181894.805585738271475 ], [ 682211.004297690000385, 7181882.899574793875217 ], [ 682216.46132876095362, 7181875.755589839071035 ], [ 682226.978296052198857, 7181861.368559932336211 ], [ 682236.503320514806546, 7181850.553552640601993 ], [ 682243.34932859800756, 7181841.624593782238662 ], [ 682251.683313305024058, 7181833.488603549078107 ], [ 682259.224328561802395, 7181823.070569450035691 ], [ 682268.253320486634038, 7181813.644539673812687 ], [ 682281.251306342659518, 7181798.662538369186223 ], [ 682293.355310318991542, 7181784.970576653257012 ], [ 682310.421288914280012, 7181763.34056250564754 ], [ 682321.037316548405215, 7181750.144511886872351 ], [ 682330.56227942625992, 7181736.832555714994669 ], [ 682339.029319807887077, 7181724.132538408041 ], [ 682344.982322363764979, 7181715.53353588283062 ], [ 682348.819297101697885, 7181709.448511514812708 ], [ 682352.655295334639959, 7181703.627525301650167 ], [ 682359.799277542857453, 7181696.615498019382358 ], [ 682366.678305896464735, 7181688.810501841828227 ], [ 682372.896323282504454, 7181680.740491094067693 ], [ 682377.923300501890481, 7181673.464487157762051 ], [ 682382.818319766782224, 7181666.585517042316496 ], [ 682389.035299294861034, 7181657.325503549538553 ], [ 682395.91530400805641, 7181648.593505183234811 ], [ 682405.837300433777273, 7181634.173516415059566 ], [ 682412.8485308525851, 7181625.839711481705308 ], [ 682416.609333517146297, 7181618.941088289022446 ], [ 682417.769916842808016, 7181616.816270597279072 ], [ 682414.126116865314543, 7181615.782457654364407 ], [ 682399.131910827592947, 7181613.110280076041818 ], [ 682387.700694491504692, 7181612.813285430893302 ], [ 682367.213506528409198, 7181612.071102224290371 ], [ 682360.681278313393705, 7181612.071103652007878 ], [ 682343.757079696049914, 7181612.071107354015112 ], [ 682336.327878477051854, 7181611.523684523068368 ], [ 682336.76629583130125, 7181619.372502351179719 ], [ 682344.524113730061799, 7181635.07611795142293 ], [ 682302.668280110810883, 7181689.638702088966966 ], [ 682302.81567984749563, 7181688.714141273871064 ], [ 682291.432684803265147, 7181704.449133139103651 ], [ 682289.909918789868243, 7181706.670142339542508 ], [ 682283.479682396166027, 7181716.046549952588975 ], [ 682267.244087170809507, 7181737.026722442358732 ], [ 682253.186470814282075, 7181757.109982606954873 ], [ 682239.920663225580938, 7181774.835575978271663 ], [ 682217.919685952248983, 7181797.063980028033257 ], [ 682206.708869993686676, 7181807.639363603666425 ], [ 682196.443061694619246, 7181818.6469980571419 ], [ 682183.519477952504531, 7181834.731172477826476 ], [ 682173.183907143305987, 7181848.905372699722648 ], [ 682149.948495123418979, 7181878.476979582570493 ], [ 682109.429696173290722, 7181924.911204421892762 ], [ 682101.048286513541825, 7181930.192030359059572 ], [ 682083.946480010868981, 7181950.671653594821692 ], [ 682033.323677319567651, 7182009.610278374515474 ], [ 682010.759281939361244, 7182020.739497577771544 ], [ 681998.500311876530759, 7182044.617863303050399 ], [ 681974.3615214638412, 7182088.833272965624928 ], [ 681943.31708087772131, 7182092.864530773833394 ], [ 681939.953683996922337, 7182126.277320830151439 ], [ 681932.244092325097881, 7182149.234115505591035 ], [ 681920.4417276912136, 7182179.127314218319952 ], [ 681910.109699526801705, 7182205.273563409224153 ], [ 681909.445881277089939, 7182206.55652286671102 ], [ 681908.587116664508358, 7182207.718144446611404 ], [ 681907.512531659798697, 7182208.76392131485045 ], [ 681906.280475869309157, 7182209.618719166144729 ], [ 681904.924701740499586, 7182210.259161520749331 ], [ 681903.481891404371709, 7182210.667731276713312 ], [ 681901.991717721801251, 7182210.833564164116979 ], [ 681900.494524942478165, 7182210.751960464753211 ], [ 681899.031084557529539, 7182210.424934333190322 ], [ 681897.64131357439328, 7182209.86151896417141 ], [ 681896.363297942094505, 7182209.077339354902506 ], [ 681895.231705643818714, 7182208.09357470087707 ], [ 681894.277298411703669, 7182206.936958402395248 ], [ 681893.52632137411274, 7182205.639167707413435 ], [ 681892.999099255190231, 7182204.235358867794275 ], [ 681892.709914289880544, 7182202.764167146757245 ], [ 681892.666701060486957, 7182201.26514333486557 ], [ 681892.870680280844681, 7182199.779547207057476 ], [ 681893.35072157648392, 7182198.264165854081511 ], [ 681894.087720968294889, 7182196.85571806691587 ], [ 681895.058912346372381, 7182195.597355715930462 ], [ 681896.234693660633639, 7182194.527347860857844 ], [ 681897.578871063189581, 7182193.678958678618073 ], [ 681899.050489957327954, 7182193.07794502004981 ], [ 681900.604506392148323, 7182192.742739516310394 ], [ 681902.192092231009156, 7182192.683351946994662 ], [ 681902.192519476404414, 7182192.678713275119662 ], [ 681902.2888939488912, 7182192.386965131387115 ], [ 681887.629709540866315, 7182187.803348992019892 ], [ 681883.975902363541536, 7182198.540962403640151 ], [ 681879.74110112991184, 7182208.104137166403234 ], [ 681876.001905246404931, 7182216.54774366132915 ], [ 681871.500318936887197, 7182224.554765739478171 ], [ 681860.094314546207897, 7182244.554163003340364 ], [ 681875.786702294950373, 7182248.928367245011032 ], [ 681904.694121527019888, 7182259.142352813854814 ], [ 681900.068940674886107, 7182274.848778748884797 ], [ 681904.308688496239483, 7182277.835961206816137 ], [ 681885.788303636712953, 7182303.420749640092254 ], [ 681896.499916003085673, 7182306.909151518717408 ], [ 681909.473736136686057, 7182311.135590201243758 ], [ 681923.648545430507511, 7182315.75478995218873 ], [ 681925.525131578790024, 7182310.0605742149055 ], [ 681928.612898333463818, 7182298.221337107941508 ], [ 681931.655926002073102, 7182284.992329144850373 ], [ 681933.639933968428522, 7182278.907366213388741 ], [ 681936.418924466939643, 7182270.176345301792026 ], [ 681940.892922427156009, 7182260.102367133833468 ], [ 681944.861915669869632, 7182251.370369398966432 ], [ 681948.03690236271359, 7182242.639348402619362 ], [ 681951.499913457897492, 7182231.282350106164813 ], [ 681956.129916541045532, 7182217.656308004632592 ] ] ] ] } },
{ "type": "Feature", "properties": { "CODIGO": null, "CODIGO_SMM": "1081", "TIPO": "PARQUE LINEAR", "NOME": "CAJURU", "TEXTO_MAPA": "PARQUE LINEAR CAJURU" }, "geometry": { "type": "MultiPolygon", "coordinates": [ [ [ [ 681752.867198406020179, 7182909.43777996301651 ], [ 681759.224191708141007, 7182895.923737015575171 ], [ 681759.615243905340321, 7182895.244781678542495 ], [ 681764.275216471054591, 7182887.150723405182362 ], [ 681768.95819863199722, 7182876.01271903142333 ], [ 681769.19422151951585, 7182875.45272127725184 ], [ 681769.265205373056233, 7182875.215721689164639 ], [ 681771.98523582611233, 7182866.147725599817932 ], [ 681778.523195870453492, 7182840.980725517496467 ], [ 681783.904234114568681, 7182815.273747520521283 ], [ 681786.893184079090133, 7182799.529724266380072 ], [ 681787.152216420741752, 7182795.275511691346765 ], [ 681787.888969343388453, 7182783.188533326610923 ], [ 681790.879016157705337, 7182759.275501625612378 ], [ 681798.65098496794235, 7182732.571513576433063 ], [ 681804.629009312135167, 7182711.845493763685226 ], [ 681812.600014165043831, 7182686.73647678643465 ], [ 681818.97696469607763, 7182667.406453339383006 ], [ 681823.161959319142625, 7182649.072463341057301 ], [ 681825.353974870522507, 7182641.698498567566276 ], [ 681827.545988508383743, 7182625.556465134955943 ], [ 681828.940945011680014, 7182614.795475738123059 ], [ 681830.733791093574837, 7182609.963259750977159 ], [ 681841.098781415028498, 7182598.283261815086007 ], [ 681843.580774605390616, 7182588.794245164841413 ], [ 681849.128744488582015, 7182565.14226034283638 ], [ 681854.822772811050527, 7182547.331219371408224 ], [ 681857.450759616796859, 7182526.308264182880521 ], [ 681862.268750564428046, 7182510.540253711864352 ], [ 681865.434764331090264, 7182498.331204476766288 ], [ 681869.289743342902511, 7182487.164208582602441 ], [ 681874.239752414869145, 7182467.033220891840756 ], [ 681879.057742821401916, 7182448.784191719256341 ], [ 681882.269776585861109, 7182434.184211686253548 ], [ 681893.18273617210798, 7182401.864193689078093 ], [ 681898.657771149766631, 7182387.958183066919446 ], [ 681906.650749166263267, 7182365.183212101459503 ], [ 681910.763723605428822, 7182352.905192917212844 ], [ 681915.201710246270522, 7182340.224158424884081 ], [ 681918.174914329894818, 7182329.968967156484723 ], [ 681904.702131630270742, 7182325.573949436657131 ], [ 681872.934543180279434, 7182315.210367283783853 ], [ 681852.197304219240323, 7182360.849177459254861 ], [ 681844.601544125471264, 7182388.329593880102038 ], [ 681835.656541466363706, 7182420.133986314758658 ], [ 681826.545706318691373, 7182452.269616667181253 ], [ 681823.067314299987629, 7182463.368008945137262 ], [ 681808.655761418980546, 7182513.062421814538538 ], [ 681804.680359888938256, 7182523.664048938080668 ], [ 681799.213929858058691, 7182532.940236593596637 ], [ 681792.397526579443365, 7182554.504635706543922 ], [ 681786.559333783807233, 7182575.095279473811388 ], [ 681783.126779400045052, 7182587.201850713230669 ], [ 681779.104564674198627, 7182601.387646249495447 ], [ 681777.895764025393873, 7182605.650892237201333 ], [ 681777.07777128345333, 7182608.535658781416714 ], [ 681775.376966495299712, 7182614.534073777496815 ], [ 681791.665546051226556, 7182620.024672221392393 ], [ 681786.17494929744862, 7182643.999655162915587 ], [ 681776.109158303355798, 7182678.223665172234178 ], [ 681770.252590229036286, 7182681.884067780338228 ], [ 681745.362403980572708, 7182763.692321766167879 ], [ 681737.721410391735844, 7182761.699341963045299 ], [ 681741.725198775413446, 7182776.312320919707417 ], [ 681746.353994192089885, 7182822.456924056634307 ], [ 681724.21360545232892, 7182812.146745569072664 ], [ 681717.909773881430738, 7182826.100974163971841 ], [ 681705.098802284453996, 7182852.638337293639779 ], [ 681700.706408381112851, 7182862.887181218713522 ], [ 681698.157582428655587, 7182875.830788617022336 ], [ 681696.3140172297135, 7182885.76414118334651 ], [ 681694.483818841981702, 7182896.196151100099087 ], [ 681670.142562575172633, 7182884.666185176931322 ], [ 681640.859958600602113, 7182867.462573853321373 ], [ 681639.944980858825147, 7182869.841786090284586 ], [ 681636.195162668824196, 7182868.282155157998204 ], [ 681627.645171844633296, 7182864.355398198589683 ], [ 681625.841400279430673, 7182868.333182817324996 ], [ 681621.454987677861936, 7182877.913996782153845 ], [ 681618.937593232723884, 7182883.500180409289896 ], [ 681616.826204602955841, 7182888.396788573823869 ], [ 681615.098971176194027, 7182892.529785618185997 ], [ 681613.785006697522476, 7182895.739381456747651 ], [ 681610.339390059234574, 7182904.530400091782212 ], [ 681609.619602684979327, 7182906.396611666306853 ], [ 681608.637974572833627, 7182908.942388903349638 ], [ 681607.918370303348638, 7182910.808600476011634 ], [ 681604.541357190581039, 7182919.566171824000776 ], [ 681603.273596354527399, 7182922.854014743119478 ], [ 681598.0597918194253, 7182936.37422199267894 ], [ 681594.974404406733811, 7182943.517229871824384 ], [ 681600.734782217536122, 7182945.204973192885518 ], [ 681621.13340927020181, 7182950.960585463792086 ], [ 681614.221972717554308, 7182965.629780195653439 ], [ 681598.424611220951192, 7182992.287993619218469 ], [ 681579.56341143057216, 7183043.10063287243247 ], [ 681581.281002307543531, 7183043.599045713432133 ], [ 681593.713806554325856, 7183047.206832019612193 ], [ 681597.011598141398281, 7183048.216230974532664 ], [ 681600.587832226650789, 7183049.432233925908804 ], [ 681607.912602791795507, 7183052.329632978886366 ], [ 681615.103828511666507, 7183055.749798307195306 ], [ 681618.583444065181538, 7183057.625652525573969 ], [ 681621.766611783765256, 7183059.477031702175736 ], [ 681625.495617149979807, 7183061.82041528262198 ], [ 681628.699231721460819, 7183063.993999128229916 ], [ 681631.969008463784121, 7183066.376628424040973 ], [ 681635.038223640993237, 7183068.800395468249917 ], [ 681636.010819270974025, 7183069.568400824442506 ], [ 681639.155840189661831, 7183072.260600540786982 ], [ 681642.605609828955494, 7183075.44523195642978 ], [ 681645.241597397602163, 7183078.05802502296865 ], [ 681648.82741457526572, 7183081.893596517853439 ], [ 681651.430443239980377, 7183084.905620651319623 ], [ 681654.238855362404138, 7183088.401409514248371 ], [ 681657.836635669809766, 7183093.31522835418582 ], [ 681659.967007998959161, 7183096.497235545888543 ], [ 681662.903838404570706, 7183101.288251763209701 ], [ 681663.953216531313956, 7183103.209028396755457 ], [ 681667.376250849221833, 7183097.597820151597261 ], [ 681670.122222032397985, 7183092.1088044680655 ], [ 681674.300261187134311, 7183085.411841385066509 ], [ 681678.802214171737432, 7183079.498813980259001 ], [ 681682.784208487370051, 7183073.404817403294146 ], [ 681692.134244115324691, 7183057.923793315887451 ], [ 681695.721218986669555, 7183052.692834155634046 ], [ 681708.445216867374256, 7183032.575821811333299 ], [ 681719.079249272821471, 7183016.491769945248961 ], [ 681725.726220956770703, 7183004.261784880422056 ], [ 681735.164206599118188, 7182981.131771991029382 ], [ 681743.937212886055931, 7182952.684802310541272 ], [ 681750.052199170459062, 7182927.42875200137496 ], [ 681752.976208275998943, 7182914.268774833530188 ], [ 681752.867198406020179, 7182909.43777996301651 ] ] ] ] } },
{ "type": "Feature", "properties": { "CODIGO": "PW93Y", "CODIGO_SMM": "1479", "TIPO": "PARQUE", "NOME": "PINHAL DE SANTANA", "TEXTO_MAPA": "PQ. PINHAL DE SANTANA" }, "geometry": { "type": "MultiPolygon", "coordinates": [ [ [ [ 667834.350441902177408, 7167000.699763506650925 ], [ 667858.769273174577393, 7167012.029351122677326 ], [ 667890.809078047866933, 7167023.989308444783092 ], [ 667920.179082182934508, 7167034.429307445883751 ], [ 667952.479079301119782, 7167042.969342024996877 ], [ 667984.509117671987042, 7167050.579322726465762 ], [ 668012.599152480019256, 7167057.219333286397159 ], [ 668018.532931169611402, 7167059.387118248268962 ], [ 668018.552950706682168, 7167059.394320394843817 ], [ 668204.77569414395839, 7166669.691370386630297 ], [ 668162.96927713311743, 7166616.68160062469542 ], [ 668172.044042415567674, 7166592.347547608427703 ], [ 668180.762668284354731, 7166572.005744148045778 ], [ 668183.297636500676163, 7166544.66198714915663 ], [ 668323.155481392866932, 7166361.305103892460465 ], [ 668347.80764313635882, 7166338.136087071150541 ], [ 668398.012848661513999, 7166306.26784426998347 ], [ 668360.72163762524724, 7166288.656275373883545 ], [ 668317.791813994990662, 7166268.896269606426358 ], [ 668200.707608043449, 7166214.351663649082184 ], [ 667834.350441902177408, 7167000.699763506650925 ] ] ] ] } },
{ "type": "Feature", "properties": { "CODIGO": null, "CODIGO_SMM": "1285", "TIPO": "PARQUE", "NOME": "NATURAL MUNICIPAL DO  CENTENÁRIO DA IMIGRAÇÃO JAPONESA", "TEXTO_MAPA": "PARQUE NATURAL MUNICIPAL DO CENTENÁRIO DA IMIGRAÇÃO JAPONESA" }, "geometry": { "type": "MultiPolygon", "coordinates": [ [ [ [ 680887.409591368865222, 7178177.624570035375655 ], [ 680885.185774504207075, 7178175.817563228309155 ], [ 680884.236738485167734, 7178175.178525188006461 ], [ 680880.236736730090342, 7178171.678525175899267 ], [ 680876.04874664649833, 7178168.17852520570159 ], [ 680872.173744923435152, 7178164.678525166586041 ], [ 680868.423743230989203, 7178161.178525099530816 ], [ 680864.736729833646677, 7178157.678525019437075 ], [ 680861.111728172865696, 7178154.178524926304817 ], [ 680857.42373821453657, 7178150.678524846211076 ], [ 680853.61172478669323, 7178147.178524794057012 ], [ 680850.048734751297161, 7178143.178524560295045 ], [ 680846.236721325432882, 7178139.678524507209659 ], [ 680842.048731241724454, 7178136.178524537011981 ], [ 680838.548729394562542, 7178131.678524164482951 ], [ 680835.173727687099017, 7178127.678523892536759 ], [ 680831.611714323167689, 7178124.178523785434663 ], [ 680827.736712598707527, 7178120.678523747250438 ], [ 680824.361710891244002, 7178116.678523473441601 ], [ 680820.986709183314815, 7178112.678523199632764 ], [ 680817.423719148384407, 7178108.678522968664765 ], [ 680813.861705783405341, 7178105.178522860631347 ], [ 680810.423715779790655, 7178101.178522600792348 ], [ 680807.236702399211936, 7178097.178522286936641 ], [ 680803.611700630746782, 7178093.178522067144513 ], [ 680800.298710656468756, 7178089.17852178029716 ], [ 680796.798708918271586, 7178085.178521536290646 ], [ 680793.048707117442973, 7178081.178521343506873 ], [ 680789.423705347930081, 7178077.178521124646068 ], [ 680785.673703547916375, 7178073.178520932793617 ], [ 680781.798701607971452, 7178068.678520641289651 ], [ 680778.173699837876484, 7178064.678520423360169 ], [ 680774.673698209458962, 7178061.178520302288234 ], [ 680771.298696610610932, 7178057.67852015607059 ], [ 680767.611683106166311, 7178053.678519949316978 ], [ 680764.048693179269321, 7178050.178519843146205 ], [ 680760.361679784255102, 7178046.678519763052464 ], [ 680756.611678092740476, 7178043.178519695997238 ], [ 680753.173688197974116, 7178039.678519561886787 ], [ 680749.673686459776945, 7178035.678519317880273 ], [ 680746.111672987462953, 7178031.678519085049629 ], [ 680742.486671327380463, 7178028.178518991917372 ], [ 680738.861669557751156, 7178024.178518773056567 ], [ 680734.861667803721502, 7178020.678518760949373 ], [ 680731.361666066688485, 7178016.678518514148891 ], [ 680727.798676139791496, 7178013.178518407046795 ], [ 680723.986662605777383, 7178009.178518230095506 ], [ 680720.486660976661369, 7178005.678518109023571 ], [ 680717.361659332294948, 7178001.678517781198025 ], [ 680714.173669281532057, 7177997.178517342545092 ], [ 680710.42366748303175, 7177993.178517149761319 ], [ 680706.923665853100829, 7177989.67851703055203 ], [ 680703.111652319319546, 7177985.678516851738095 ], [ 680699.73665061313659, 7177981.678516577929258 ], [ 680695.861648781341501, 7177977.678516414016485 ], [ 680691.73664699785877, 7177974.178516428917646 ], [ 680688.611645352677442, 7177970.1785161010921 ], [ 680685.173655349295586, 7177966.178515842184424 ], [ 680681.236641676980071, 7177961.678515566512942 ], [ 680677.861639971379191, 7177957.678515292704105 ], [ 680674.861638249829412, 7177953.178514812141657 ], [ 680670.923648230498657, 7177949.67851478792727 ], [ 680667.236634727567434, 7177945.678514581173658 ], [ 680663.73663298971951, 7177941.678514336235821 ], [ 680660.04864303371869, 7177938.17851425614208 ], [ 680656.423641372704878, 7177934.678514163941145 ], [ 680652.611627948703244, 7177931.178514109924436 ], [ 680649.048637914471328, 7177927.178513878956437 ], [ 680645.798636239720508, 7177923.178513579070568 ], [ 680642.486622831551358, 7177919.178513292223215 ], [ 680638.673632950754836, 7177916.178513364866376 ], [ 680634.986619557719678, 7177912.678513284772635 ], [ 680631.54862955538556, 7177908.678513025864959 ], [ 680627.923627894720994, 7177905.178512931801379 ], [ 680624.173626205301844, 7177901.678512865677476 ], [ 680619.986612686538137, 7177898.178512893617153 ], [ 680616.548622683971189, 7177894.1785126356408 ], [ 680598.494659500312991, 7177877.476547023281455 ], [ 680578.992636735900305, 7177860.14054835960269 ], [ 680560.573621938470751, 7177842.263533703051507 ], [ 680539.446599124930799, 7177826.553512364625931 ], [ 680533.798586520832032, 7177822.178512489423156 ], [ 680529.923584907664917, 7177819.178512575104833 ], [ 680525.986571453860961, 7177815.678512549959123 ], [ 680521.673581450711936, 7177812.678512731567025 ], [ 680517.673579698777758, 7177809.178512718528509 ], [ 680513.173577930545434, 7177806.178512940183282 ], [ 680508.986564522259869, 7177803.178513094782829 ], [ 680504.8615627377294, 7177799.678513108752668 ], [ 680500.736561064026318, 7177796.678513250313699 ], [ 680496.361559218959883, 7177793.178513318300247 ], [ 680492.423569310223684, 7177790.178513418883085 ], [ 680488.548567590885796, 7177786.678513379767537 ], [ 680484.298565885052085, 7177783.678513547405601 ], [ 680480.111552476300858, 7177780.678513702005148 ], [ 680475.986550801200792, 7177777.678513841703534 ], [ 680471.736549096414819, 7177774.678514009341598 ], [ 680467.673559156246483, 7177771.678514136001468 ], [ 680463.548557482310571, 7177768.678514276631176 ], [ 680459.798555792775005, 7177765.178514210507274 ], [ 680455.736542416037992, 7177762.178514337167144 ], [ 680451.486540709855035, 7177759.178514504805207 ], [ 680447.361538928933442, 7177755.678514518775046 ], [ 680443.673548972117715, 7177752.178514439612627 ], [ 680439.673547221696936, 7177748.678514427505434 ], [ 680435.298545378143899, 7177745.178514495491982 ], [ 680417.918533853255212, 7177734.437548766843975 ], [ 680410.330579924397171, 7177732.661915197968483 ], [ 680407.522535836673342, 7177737.482717797160149 ], [ 680368.438190361252055, 7177805.938737087883055 ], [ 680340.649558775243349, 7177854.786777824163437 ], [ 680307.778347288956866, 7177912.569209113717079 ], [ 680283.537383685354143, 7177955.181041466072202 ], [ 680194.621563477441669, 7178114.346078715287149 ], [ 680132.406178827164695, 7178224.902943692170084 ], [ 680090.108822182868607, 7178304.334735509008169 ], [ 680074.35522326733917, 7178332.479582419618964 ], [ 680097.196239977609366, 7178367.672152258455753 ], [ 680104.826005162904039, 7178379.427585696801543 ], [ 680105.900222089258023, 7178369.757783226668835 ], [ 680110.763807690003887, 7178360.334745137020946 ], [ 680113.955641192966141, 7178356.686977416276932 ], [ 680166.694616230204701, 7178399.547145260497928 ], [ 680227.793090659659356, 7178443.470971233211458 ], [ 680256.974255172768608, 7178466.116966716013849 ], [ 680263.50965811253991, 7178470.372581609524786 ], [ 680336.31107538798824, 7178505.177323159761727 ], [ 680344.540937073528767, 7178510.883316466584802 ], [ 680352.401529947295785, 7178488.757149526849389 ], [ 680356.418922380777076, 7178472.18493989482522 ], [ 680376.255526227178052, 7178426.046313146129251 ], [ 680393.01590068556834, 7178399.744117837399244 ], [ 680403.122468982939608, 7178392.336887223646045 ], [ 680410.027682996587828, 7178391.834688337519765 ], [ 680414.421720877056941, 7178363.272668479010463 ], [ 680413.668484766501933, 7178358.376488210633397 ], [ 680411.094691547565162, 7178353.417320039123297 ], [ 680412.726892825681716, 7178347.516683435067534 ], [ 680431.684474280220456, 7178329.814465405419469 ], [ 680439.229882354382426, 7178311.516058288514614 ], [ 680459.722073733340949, 7178305.863098327070475 ], [ 680473.148100861231796, 7178298.443659959360957 ], [ 680483.747467203764245, 7178291.377249635756016 ], [ 680492.93368675885722, 7178286.784228913486004 ], [ 680510.599279535235837, 7178286.784225087612867 ], [ 680543.810898452298716, 7178294.910440641455352 ], [ 680596.454714141436853, 7178312.22281152009964 ], [ 680624.719736824510619, 7178316.815824128687382 ], [ 680662.170917336363345, 7178313.636005641892552 ], [ 680689.376124000991695, 7178312.222791381180286 ], [ 680714.108186284080148, 7178314.342598563060164 ], [ 680731.648352345451713, 7178316.930608106777072 ], [ 680735.66037739883177, 7178317.522404260002077 ], [ 680754.032573744188994, 7178314.695983548648655 ], [ 680783.710984750185162, 7178304.803213391453028 ], [ 680799.963367176009342, 7178295.616989293135703 ], [ 680816.922596619464457, 7178280.424354839138687 ], [ 680831.476184663595632, 7178259.931182462722063 ], [ 680874.247543286415748, 7178193.906742513179779 ], [ 680887.409591368865222, 7178177.624570035375655 ] ] ] ] } },
{ "type": "Feature", "properties": { "CODIGO": null, "CODIGO_SMM": null, "TIPO": "PARQUE", "NOME": "NÁUTICO", "TEXTO_MAPA": "PARQUE NÁUTICO" }, "geometry": { "type": "MultiPolygon", "coordinates": [ [ [ [ 679366.881842517643236, 7177486.438506912440062 ], [ 679432.947858188999817, 7177580.632119814865291 ], [ 679437.472884978633374, 7177586.450113464146852 ], [ 679440.414657510700636, 7177583.385109621100128 ], [ 679456.554672459373251, 7177566.187103787437081 ], [ 679473.487655158853158, 7177543.433066116645932 ], [ 679508.148664184496738, 7177495.544069597497582 ], [ 679545.719708335702308, 7177448.712079554796219 ], [ 679585.833660305710509, 7177399.460044412873685 ], [ 679617.065654692705721, 7177362.413031332194805 ], [ 679648.906656830455177, 7177319.859974262304604 ], [ 679680.127664653700776, 7177281.759982405230403 ], [ 679705.527688400121406, 7177249.480977149680257 ], [ 679725.476295564789325, 7177220.844124859198928 ], [ 679718.322056828998029, 7177215.627938574180007 ], [ 679699.048245311132632, 7177201.575571050867438 ], [ 679666.276626791106537, 7177183.214733676984906 ], [ 679645.887642320478335, 7177172.21974020358175 ], [ 679542.438202427816577, 7177114.582785187289119 ], [ 679536.53439169737976, 7177111.452597688883543 ], [ 679513.035970110795461, 7177098.993981469422579 ], [ 679496.067762914928608, 7177088.262781269848347 ], [ 679486.094610039610416, 7177060.992940170690417 ], [ 679467.438344481633976, 7177010.186535000801086 ], [ 679461.506149912602268, 7176995.514962785877287 ], [ 679453.031533010187559, 7176970.303166316822171 ], [ 679442.290739304153249, 7176936.133726495318115 ], [ 679433.918113457621075, 7176916.876948582939804 ], [ 679422.301344786770642, 7176891.131522287614644 ], [ 679415.707895312109031, 7176877.107533385977149 ], [ 679411.312322966055945, 7176865.909350382164121 ], [ 679404.718933535623364, 7176847.280318828299642 ], [ 679395.404532991698943, 7176818.709146703593433 ], [ 679388.28788734972477, 7176792.231114278547466 ], [ 679382.217874198802747, 7176772.137116426602006 ], [ 679368.50790216808673, 7176736.344507900997996 ], [ 679353.855853914050385, 7176708.191916135139763 ], [ 679359.088642165763304, 7176702.959125617519021 ], [ 679367.565876345499419, 7176694.586502073332667 ], [ 679351.283093430334702, 7176680.584304815158248 ], [ 679314.85522144229617, 7176650.179275769740343 ], [ 679294.622241788776591, 7176634.084122298285365 ], [ 679272.333230192889459, 7176612.581680321134627 ], [ 679263.167027116171084, 7176602.903884467668831 ], [ 679258.467622418189421, 7176595.084120344370604 ], [ 679251.564600936602801, 7176573.512705313041806 ], [ 679243.453814890934154, 7176549.17987628094852 ], [ 679234.531993180513382, 7176523.406678412109613 ], [ 679225.416812494047917, 7176499.716855127364397 ], [ 679266.098208516021259, 7176450.889685763977468 ], [ 679332.7791769875912, 7176370.85681455116719 ], [ 679376.341798547422513, 7176318.571391753852367 ], [ 679374.021790336933918, 7176317.113200971856713 ], [ 679366.234372682054527, 7176311.616192001849413 ], [ 679351.575797709752806, 7176302.225628852844238 ], [ 679346.307790053775534, 7176297.644635191187263 ], [ 679338.291367894969881, 7176289.628216463141143 ], [ 679338.145371734979562, 7176289.491375640034676 ], [ 679323.632791985874064, 7176275.885784553363919 ], [ 679316.761573189869523, 7176269.930584354326129 ], [ 679307.599765204591677, 7176262.830425864085555 ], [ 679300.041351218242198, 7176255.959209958091378 ], [ 679291.108730300096795, 7176248.858807280659676 ], [ 679281.030967548722401, 7176241.987591916695237 ], [ 679272.55635470408015, 7176235.5743841342628 ], [ 679252.171763218007982, 7176217.251019697636366 ], [ 679234.764529160922393, 7176202.363385457545519 ], [ 679228.351318193366751, 7176195.950177231803536 ], [ 679218.502497287467122, 7176184.040020134299994 ], [ 679212.089347453089431, 7176178.085002940148115 ], [ 679208.979909955523908, 7176174.850994014181197 ], [ 679206.363331577624194, 7176172.12980249337852 ], [ 679199.033921013120562, 7176162.739176731556654 ], [ 679194.224104192922823, 7176157.24222815502435 ], [ 679183.917091664858162, 7176142.583413245156407 ], [ 679160.481471137958579, 7176110.766027551144361 ], [ 679148.24550022254698, 7176082.918977351859212 ], [ 679136.64246017858386, 7176037.139976754784584 ], [ 679134.533444973523729, 7176009.714982591569424 ], [ 679137.275439840042964, 7175962.247990212403238 ], [ 679139.947433923487552, 7175945.300963938236237 ], [ 679137.879433274967596, 7175912.853934828191996 ], [ 679135.35947184485849, 7175902.088979079388082 ], [ 679132.15341410250403, 7175891.552966406568885 ], [ 679128.717864215373993, 7175881.475755167193711 ], [ 679123.908229173626751, 7175869.794967164285481 ], [ 679119.556419294676743, 7175859.716962665319443 ], [ 679114.746601048740558, 7175847.577739488333464 ], [ 679109.937026352854446, 7175832.68955322727561 ], [ 679104.210642250138335, 7175817.344335800036788 ], [ 679100.546027316828258, 7175807.037327189929783 ], [ 679098.026615648414008, 7175798.333956426940858 ], [ 679096.194215961848386, 7175790.088349304161966 ], [ 679095.278015580028296, 7175783.446135936304927 ], [ 679093.445615845383145, 7175774.971524848602712 ], [ 679093.216610751580447, 7175769.703518216498196 ], [ 679092.758601841283962, 7175765.122706630267203 ], [ 679091.613398086978123, 7175761.229151220992208 ], [ 679082.222582994843833, 7175739.470114629715681 ], [ 679075.122418668470345, 7175721.375934413634241 ], [ 679070.99900240264833, 7175711.297502620145679 ], [ 679062.587557110469788, 7175686.935132652521133 ], [ 679052.655603473773226, 7175661.834115368314087 ], [ 679039.62055870576296, 7175627.468081802129745 ], [ 679036.871533115743659, 7175620.597109006717801 ], [ 679032.411935109063052, 7175610.437683613970876 ], [ 679028.626959182438441, 7175601.815673007629812 ], [ 679026.107364655006677, 7175594.257688274607062 ], [ 679021.9845588398166, 7175584.637874759733677 ], [ 679017.861935934633948, 7175574.102106427773833 ], [ 679013.280938400654122, 7175561.275688212364912 ], [ 679004.806504538049921, 7175535.623095775023103 ], [ 679000.912702391389757, 7175524.629075326956809 ], [ 678999.800335399806499, 7175519.994064649567008 ], [ 678996.79013909434434, 7175507.45091032795608 ], [ 678987.170317683834583, 7175474.697852509096265 ], [ 678983.505518911057152, 7175460.955479280091822 ], [ 678978.46669562254101, 7175443.77725344337523 ], [ 678973.88588094979059, 7175429.805876448750496 ], [ 678967.014476351789199, 7175411.253444123081863 ], [ 678964.495126014109701, 7175403.924036107957363 ], [ 678956.936707905842923, 7175377.813252447172999 ], [ 678954.051879098056816, 7175371.113666444085538 ], [ 678952.547666796599515, 7175368.75007975474 ], [ 678949.396297635976225, 7175363.163042912259698 ], [ 678947.605464061489329, 7175360.298052350990474 ], [ 678945.891290779458359, 7175357.983232809230685 ], [ 678917.053701646742411, 7175373.792263919487596 ], [ 678883.51768774818629, 7175397.438089973293245 ], [ 678808.732277268427424, 7175435.979497423395514 ], [ 678785.053256960702129, 7175443.532116683200002 ], [ 678491.4855924367439, 7175604.675591197796166 ], [ 678427.417042360291816, 7175642.734025015495718 ], [ 678415.93400884908624, 7175649.91505953297019 ], [ 678404.618028656812385, 7175657.356225911527872 ], [ 678393.4750221951399, 7175665.053862046450377 ], [ 678382.510604697628878, 7175673.004061680287123 ], [ 678371.730391399469227, 7175681.202491316944361 ], [ 678361.140607887995429, 7175689.645061599090695 ], [ 678350.746014905977063, 7175698.327072815969586 ], [ 678340.552593898028135, 7175707.244252506643534 ], [ 678330.565410783165134, 7175716.391900959424675 ], [ 678320.78959251428023, 7175725.765074325725436 ], [ 678311.230632255901583, 7175735.359317036345601 ], [ 678301.892985574202612, 7175745.169074889272451 ], [ 678292.78202356363181, 7175755.189709210768342 ], [ 678283.902018685126677, 7175765.415726836770773 ], [ 678275.258036855608225, 7175775.841695632785559 ], [ 678267.16379876981955, 7175786.062525099143386 ], [ 678338.443258496001363, 7175894.678503643721342 ], [ 678512.520140991546214, 7176162.735356796532869 ], [ 678956.950391822494566, 7176854.810629388317466 ], [ 679189.049769839039072, 7177215.048096345737576 ], [ 679366.881842517643236, 7177486.438506912440062 ] ] ] ] } },
{ "type": "Feature", "properties": { "CODIGO": null, "CODIGO_SMM": "1487", "TIPO": "PARQUE", "NOME": "RIO BONITO DO TATUQUARA", "TEXTO_MAPA": "PQ. RIO BONITO DO TATUQUARA" }, "geometry": { "type": "MultiPolygon", "coordinates": [ [ [ [ 667220.606814738595858, 7169365.179456390440464 ], [ 667223.856815412407741, 7169364.679455616511405 ], [ 667226.856816326733679, 7169365.679455256089568 ], [ 667256.231821315130219, 7169355.67944695148617 ], [ 667265.668834880227223, 7169353.67944457475096 ], [ 667278.606826142407954, 7169353.179441855289042 ], [ 667287.106827362556942, 7169349.179439186118543 ], [ 667302.793839602963999, 7169333.179432187229395 ], [ 667317.856829060940072, 7169321.179426273331046 ], [ 667323.356829666416161, 7169317.679424326866865 ], [ 667330.16884170146659, 7169311.1794213950634 ], [ 667335.606830674456432, 7169308.179419580847025 ], [ 667342.731831164681353, 7169302.17941670678556 ], [ 667348.293842700659297, 7169294.679413784295321 ], [ 667350.793842091574334, 7169288.679411839693785 ], [ 667352.231829509371892, 7169282.679410106502473 ], [ 667355.981828694697469, 7169274.179407309740782 ], [ 667356.418838607729413, 7169264.679404937662184 ], [ 667355.293836430995725, 7169255.179402878507972 ], [ 667350.35682132630609, 7169244.179401227273047 ], [ 667349.356820084387437, 7169239.179400224238634 ], [ 667349.981819729902782, 7169236.679399497807026 ], [ 667351.731819645036012, 7169234.179398545995355 ], [ 667353.793831351795234, 7169231.679397529922426 ], [ 667360.856820208835416, 7169226.179394789040089 ], [ 667362.918831715360284, 7169222.679393532685935 ], [ 667363.168830568902194, 7169216.679392038844526 ], [ 667360.981813808553852, 7169194.17938707023859 ], [ 667363.106810596305877, 7169175.67938219755888 ], [ 667366.106810205150396, 7169170.179380270652473 ], [ 667367.793821118888445, 7169164.179378489032388 ], [ 667374.606808810844086, 7169153.179374476894736 ], [ 667376.543819685117342, 7169146.679372525773942 ], [ 667376.418818850535899, 7169142.679371589794755 ], [ 667375.418818010715768, 7169139.679371068254113 ], [ 667374.043817179626785, 7169137.179370744153857 ], [ 667367.731802653404884, 7169130.679370451718569 ], [ 667366.168813398340717, 7169127.679370043799281 ], [ 667365.981800930574536, 7169124.179369240999222 ], [ 667366.981800666311756, 7169121.679368438199162 ], [ 667382.668811191804707, 7169097.179359399713576 ], [ 667397.231799519737251, 7169080.179352387785912 ], [ 667408.293810653383844, 7169064.179346321150661 ], [ 667419.168810626957566, 7169051.17934101074934 ], [ 667423.543811666546389, 7169051.17934013158083 ], [ 667432.543814510339871, 7169054.679339163936675 ], [ 667438.606804434093647, 7169055.679338185116649 ], [ 667444.856805618503131, 7169054.179336568340659 ], [ 667450.043817969039083, 7169051.179334804415703 ], [ 667454.293817973346449, 7169046.179332749918103 ], [ 667458.168816985562444, 7169036.6793296886608 ], [ 667461.543816681136377, 7169031.179327689111233 ], [ 667467.918816789635457, 7169024.179324723780155 ], [ 667471.66881657531485, 7169018.679322649724782 ], [ 667478.168815305340104, 7169004.679317981004715 ], [ 667482.356802169466391, 7168992.679314255714417 ], [ 667485.418813610216603, 7168987.679312439635396 ], [ 667492.043813877971843, 7168981.179309546016157 ], [ 667494.779775342787616, 7168975.710252506658435 ], [ 667497.768786039552651, 7168957.389263620600104 ], [ 667493.331771603552625, 7168949.125285478308797 ], [ 667494.561750633758493, 7168940.513283651322126 ], [ 667508.093795656692237, 7168932.312290191650391 ], [ 667524.799368146341294, 7168942.814852829091251 ], [ 667556.720395722659305, 7168940.234889732673764 ], [ 667589.931401305831969, 7168936.043842006474733 ], [ 667605.08539706049487, 7168938.300858540460467 ], [ 667632.169389884453267, 7168948.295850606635213 ], [ 667658.286217770539224, 7168950.230660267174244 ], [ 667682.146208791062236, 7168950.230655463412404 ], [ 667707.61923626891803, 7168945.071652513928711 ], [ 667735.025245913304389, 7168931.528613957576454 ], [ 667755.661235327948816, 7168922.500592496246099 ], [ 667774.362228411948308, 7168921.85660664178431 ], [ 667793.063222210621461, 7168924.757604546844959 ], [ 667804.99327986035496, 7168930.239598087966442 ], [ 667817.246273560565896, 7168930.56161718070507 ], [ 667824.867246742011048, 7168929.031585982069373 ], [ 667835.590270437067375, 7168922.504604713991284 ], [ 667843.515257951570675, 7168911.781578082591295 ], [ 667855.636229599011131, 7168897.329606838524342 ], [ 667865.426268920651637, 7168887.073559922166169 ], [ 667888.73626863444224, 7168870.290592210367322 ], [ 667904.060244715423323, 7168859.531553337350488 ], [ 667910.647037339978851, 7168854.906367793679237 ], [ 667922.768069736426696, 7168839.055348360911012 ], [ 667936.530276787932962, 7168822.938337325118482 ], [ 667936.526492607430555, 7168822.938581465743482 ], [ 667936.527835380169563, 7168822.93595695309341 ], [ 667901.866448418120854, 7168814.12993155606091 ], [ 667845.548862514668144, 7168781.335135236382484 ], [ 667783.843669015681371, 7168887.300199951976538 ], [ 667739.798434113385156, 7168900.276835473254323 ], [ 667673.80519725382328, 7168919.744260663166642 ], [ 667664.9995926565025, 7168922.333862666971982 ], [ 667655.738603729056194, 7168920.35565360635519 ], [ 667658.009225745219737, 7168878.601004455238581 ], [ 667690.210214180173352, 7168838.942236013710499 ], [ 667691.096014332957566, 7168822.654207024723291 ], [ 667691.816775995772332, 7168809.398222253657877 ], [ 667692.72418251959607, 7168792.71401396766305 ], [ 667692.113220066414215, 7168790.756188912317157 ], [ 667679.328968060668558, 7168749.796220723539591 ], [ 667653.972395890858024, 7168755.928368411958218 ], [ 667591.138582852319814, 7168771.579019578173757 ], [ 667587.079745544586331, 7168779.266033958643675 ], [ 667274.635608121054247, 7169225.377593070268631 ], [ 667262.353992161573842, 7169241.184972383081913 ], [ 667032.794787792605348, 7169512.291712103411555 ], [ 667016.687179778353311, 7169516.305693350732327 ], [ 667020.113574953866191, 7169530.055329761467874 ], [ 667022.76476132357493, 7169538.305331217125058 ], [ 667026.491997667122632, 7169546.131687335669994 ], [ 667032.101986592402682, 7169557.278539480641484 ], [ 667044.770813292358071, 7169559.463535023853183 ], [ 667049.713807293330319, 7169557.759493095800281 ], [ 667076.043827033718117, 7169539.679527404718101 ], [ 667087.481815132312477, 7169525.179521618410945 ], [ 667097.418827513931319, 7169516.679517580196261 ], [ 667119.043826548149809, 7169486.17950589582324 ], [ 667123.668825242784806, 7169474.179502080194652 ], [ 667124.856811900623143, 7169464.679499555379152 ], [ 667127.106811131583527, 7169458.179497539065778 ], [ 667141.918822265812196, 7169437.679489631205797 ], [ 667145.856809679302387, 7169428.679486676119268 ], [ 667147.168819903861731, 7169419.679484246298671 ], [ 667148.668819559388794, 7169416.179483102634549 ], [ 667162.48180681548547, 7169394.679475156590343 ], [ 667165.29381860292051, 7169391.679473870433867 ], [ 667177.6688205471728, 7169386.679470183327794 ], [ 667184.106808955548331, 7169379.679467206820846 ], [ 667189.543821368017234, 7169376.679465393535793 ], [ 667195.356810630764812, 7169374.679463746026158 ], [ 667207.606813046964817, 7169372.179460684768856 ], [ 667220.606814738595858, 7169365.179456390440464 ] ] ] ] } },
{ "type": "Feature", "properties": { "CODIGO": null, "CODIGO_SMM": null, "TIPO": "PARQUE", "NOME": "OLÍMPICO DO CAJURU", "TEXTO_MAPA": "PQ. OLÍMPICO DO CAJURU" }, "geometry": { "type": "MultiPolygon", "coordinates": [ [ [ [ 681678.82287180214189, 7180406.295310437679291 ], [ 681465.538844759343192, 7180512.821018742397428 ], [ 681470.647429931908846, 7180523.582800151780248 ], [ 681537.060255641932599, 7180653.214227356947958 ], [ 681549.511252841097303, 7180677.517209344543517 ], [ 681555.49306841311045, 7180689.193053297698498 ], [ 681741.346221668412909, 7181051.959462621249259 ], [ 681831.304425175301731, 7181005.615864295512438 ], [ 681888.074207651428878, 7180972.450010939501226 ], [ 681946.25762680999469, 7180944.227212729863822 ], [ 681773.975516993901692, 7180559.28495261259377 ], [ 681769.820302270585671, 7180553.438333379104733 ], [ 681755.877917145844549, 7180558.933332934975624 ], [ 681681.414060285431333, 7180412.290123406797647 ], [ 681678.82287180214189, 7180406.295310437679291 ] ] ] ] } },
{ "type": "Feature", "properties": { "CODIGO": null, "CODIGO_SMM": "1381", "TIPO": "PARQUE", "NOME": "NATURAL MUNICIPAL MAIRI", "TEXTO_MAPA": "PARQUE NATURAL MUNICIPAL MAIRI" }, "geometry": { "type": "MultiPolygon", "coordinates": [ [ [ [ 667515.851420450024307, 7181043.372474689036608 ], [ 667516.664830376743339, 7181014.480072148144245 ], [ 667525.109412652091123, 7181014.822477765381336 ], [ 667528.19558981701266, 7180988.678671658039093 ], [ 667517.888824070803821, 7180986.42287481483072 ], [ 667498.970788691542111, 7180982.321864388883114 ], [ 667495.466209970763884, 7180981.32723593339324 ], [ 667470.130814058124088, 7180974.648833562619984 ], [ 667458.357799826539122, 7180969.621857108548284 ], [ 667448.063789722276852, 7180963.836884559132159 ], [ 667442.349798379000276, 7180960.625886354595423 ], [ 667440.461797129712068, 7180959.208833150565624 ], [ 667427.532775808125734, 7180949.51284939236939 ], [ 667422.12377656227909, 7180943.032868360169232 ], [ 667415.494744976866059, 7180935.092865228652954 ], [ 667409.408742941101082, 7180925.303862493485212 ], [ 667405.845752211287618, 7180917.580838782712817 ], [ 667401.338790768408217, 7180906.130824565887451 ], [ 667401.074752481188625, 7180905.459864975884557 ], [ 667400.896773768472485, 7180904.699855053797364 ], [ 667396.973734756233171, 7180887.996848658658564 ], [ 667393.004736958537251, 7180874.767842183820903 ], [ 667385.99374559673015, 7180858.495866794139147 ], [ 667374.622766014072113, 7180833.403821676969528 ], [ 667340.163700563833117, 7180776.823858146555722 ], [ 667309.108688624342903, 7180719.818844999186695 ], [ 667304.706708315992728, 7180711.542842801660299 ], [ 667297.40171104343608, 7180697.807611282914877 ], [ 667233.990863841958344, 7180679.862001768313348 ], [ 667228.9908624405507, 7180679.152041653171182 ], [ 667226.550859602168202, 7180680.232059507630765 ], [ 667225.780901128891855, 7180681.322025759145617 ], [ 667225.340899067930877, 7180683.762028909288347 ], [ 667225.710894692805596, 7180685.832036685198545 ], [ 667236.720911093289033, 7180705.092049140483141 ], [ 667249.910860358504578, 7180727.70203759521246 ], [ 667261.84092129743658, 7180748.752028346993029 ], [ 667273.280930557986721, 7180768.372026158496737 ], [ 667284.380912862485275, 7180787.922016697004437 ], [ 667293.190915805171244, 7180803.69203847181052 ], [ 667300.860903505701572, 7180817.932030790485442 ], [ 667308.560920550022274, 7180832.372035359963775 ], [ 667316.940930692944676, 7180848.062040111981332 ], [ 667324.920916344621219, 7180863.862030323594809 ], [ 667335.410913373110816, 7180884.542087191715837 ], [ 667345.740937222028151, 7180905.242041558027267 ], [ 667353.640966864186339, 7180921.362039191648364 ], [ 667360.110941899940372, 7180934.822063292376697 ], [ 667368.200974229956046, 7180951.932051375508308 ], [ 667372.38096981565468, 7180961.182052890770137 ], [ 667375.400991426897235, 7180967.74205151386559 ], [ 667377.680961275589652, 7180972.782091401517391 ], [ 667380.650994916679338, 7180978.532092269510031 ], [ 667384.340999531093985, 7180984.722095545381308 ], [ 667388.790953180752695, 7180991.472096370533109 ], [ 667393.450989774311893, 7180997.642079916782677 ], [ 667399.180973055073991, 7181004.452078059315681 ], [ 667404.260992488125339, 7181009.742056412622333 ], [ 667409.5609826563159, 7181014.912100611254573 ], [ 667415.151011846610345, 7181019.522086014039814 ], [ 667420.620984763838351, 7181023.682059118524194 ], [ 667426.190994330914691, 7181027.852103007957339 ], [ 667431.800981817999855, 7181031.442068615928292 ], [ 667437.891010898514651, 7181034.872060941532254 ], [ 667444.800986474961974, 7181038.302053103223443 ], [ 667449.920983345247805, 7181040.602101488038898 ], [ 667451.430993628455326, 7181041.282094033434987 ], [ 667458.401027659885585, 7181043.952076222747564 ], [ 667464.941007797257043, 7181046.242053519934416 ], [ 667471.261017170501873, 7181048.512072361074388 ], [ 667473.881013081641868, 7181049.172045147046447 ], [ 667476.891023710835725, 7181049.692064205184579 ], [ 667478.381197452777997, 7181049.822251927107573 ], [ 667481.667392141651362, 7181049.880661927163601 ], [ 667484.571384582901374, 7181049.93248020298779 ], [ 667494.681433228310198, 7181048.482465596869588 ], [ 667505.741433033486828, 7181045.78245047852397 ], [ 667515.851420450024307, 7181043.372474689036608 ] ] ] ] } },
{ "type": "Feature", "properties": { "CODIGO": null, "CODIGO_SMM": "336", "TIPO": "PARQUE", "NOME": "NATURAL MUNICIPAL DO IGUAÇU", "TEXTO_MAPA": "PARQUE NATURAL MUNICIPAL DO IGUAÇU" }, "geometry": { "type": "MultiPolygon", "coordinates": [ [ [ [ 678478.734306387836114, 7173319.849040979519486 ], [ 678490.264334522769786, 7173301.3480574041605 ], [ 678499.112355370423757, 7173283.785062916576862 ], [ 678505.72331621858757, 7173271.316064298152924 ], [ 678521.172349373227917, 7173242.17805334739387 ], [ 678529.360335142817348, 7173221.178046438843012 ], [ 678534.485332851763815, 7173204.678041290491819 ], [ 678536.785316320252605, 7173181.895015185698867 ], [ 678535.176306048408151, 7173176.799982544034719 ], [ 678534.102330312365666, 7173172.760003754869103 ], [ 678529.973297661170363, 7173157.228018406778574 ], [ 678529.545318695949391, 7173155.618032751604915 ], [ 678529.423309316276573, 7173155.277029276825488 ], [ 678522.047326550236903, 7173134.678026780486107 ], [ 678517.345296919811517, 7173124.783005828969181 ], [ 678508.095291972160339, 7173112.179977376013994 ], [ 678492.543283774633892, 7173100.650986180640757 ], [ 678487.735298250569031, 7173096.178024686872959 ], [ 678478.547306239022873, 7173089.178024938330054 ], [ 678469.985290407086723, 7173079.67802444472909 ], [ 678454.047292686882429, 7173053.678021483123302 ], [ 678438.422284076339565, 7173031.178019311279058 ], [ 678425.110265270806849, 7173013.178017750382423 ], [ 678412.485258032102138, 7172993.678015671670437 ], [ 678401.306235365686007, 7172975.741978513076901 ], [ 678390.126236663549207, 7172960.27298297546804 ], [ 678374.504219431895763, 7172940.822969346307218 ], [ 678362.047243597335182, 7172928.678010540083051 ], [ 678350.154232173110358, 7172913.884003113023937 ], [ 678342.047233713790774, 7172905.178009063005447 ], [ 678333.883227999205701, 7172894.568999421782792 ], [ 678326.077193906530738, 7172885.572966173291206 ], [ 678315.047220102744177, 7172872.178006757050753 ], [ 678310.335181391914375, 7172865.464993424713612 ], [ 678305.04318582394626, 7172855.674953097477555 ], [ 678299.613189634750597, 7172845.409998130984604 ], [ 678296.841152201872319, 7172831.068991793319583 ], [ 678290.491171452216804, 7172814.134968008846045 ], [ 678281.6271515263943, 7172794.95295837149024 ], [ 678277.406139955855906, 7172784.454970864579082 ], [ 678272.764168491470627, 7172772.462964527308941 ], [ 678268.39813637372572, 7172757.38196811452508 ], [ 678267.340149237308651, 7172741.109930666163564 ], [ 678266.811154974857345, 7172729.732974868267775 ], [ 678267.472162904916331, 7172715.842956678941846 ], [ 678268.699150647385977, 7172705.089169602841139 ], [ 678269.289176537888125, 7172699.915950438007712 ], [ 678274.956165805109777, 7172679.852956032380462 ], [ 678280.701159456046298, 7172666.497910030186176 ], [ 678290.888170074438676, 7172649.828958458267152 ], [ 678301.604111645370722, 7172633.906955197453499 ], [ 678307.27116463391576, 7172626.40292382799089 ], [ 678310.37712159473449, 7172622.556913921609521 ], [ 678319.860152582055889, 7172606.039940076880157 ], [ 678327.665143919410184, 7172590.958880028687418 ], [ 678336.430157017777674, 7172573.803905693814158 ], [ 678336.925152046838775, 7172572.834911210462451 ], [ 678348.009134080959484, 7172549.367923116311431 ], [ 678355.973121366463602, 7172531.142880333587527 ], [ 678359.189123593852855, 7172521.952874954789877 ], [ 678364.090121559798717, 7172502.349902803078294 ], [ 678366.847139336401597, 7172493.313889259472489 ], [ 678374.96414129959885, 7172472.791848814114928 ], [ 678378.639127128990367, 7172459.467870157212019 ], [ 678386.144128384650685, 7172434.043851105496287 ], [ 678389.202110058162361, 7172422.539880352094769 ], [ 678389.360129990149289, 7172421.944848434068263 ], [ 678390.521140476223081, 7172419.440880288369954 ], [ 678399.16212978772819, 7172400.810869000852108 ], [ 678404.791094121756032, 7172380.67383894789964 ], [ 678407.242081844480708, 7172373.016854129731655 ], [ 678409.729079349432141, 7172360.837834508158267 ], [ 678413.674082658486441, 7172337.638853384181857 ], [ 678413.833323206403293, 7172336.641416582278907 ], [ 678415.971077200723812, 7172323.241815682500601 ], [ 678423.312076719012111, 7172296.741807635873556 ], [ 678425.620118266670033, 7172280.665814445354044 ], [ 678425.911071678739972, 7172274.839824190363288 ], [ 678426.079100784379989, 7172271.476786223240197 ], [ 678426.384093232802115, 7172270.071817552670836 ], [ 678428.836117770406418, 7172258.764807429164648 ], [ 678429.755060385446995, 7172245.134799022227526 ], [ 678432.20610674819909, 7172226.296781199984252 ], [ 678434.043079075170681, 7172211.287804973311722 ], [ 678436.034106043516658, 7172205.008811313658953 ], [ 678436.647079280228354, 7172191.071796061471105 ], [ 678437.672101608710364, 7172180.177811248227954 ], [ 678436.67209911707323, 7172169.677808897569776 ], [ 678436.37509923405014, 7172156.879771168343723 ], [ 678436.672093119937927, 7172141.677802059799433 ], [ 678437.172087883460335, 7172116.677795853465796 ], [ 678433.28603428392671, 7172091.935786250047386 ], [ 678431.340043602278456, 7172062.414783369749784 ], [ 678430.604013761971146, 7172031.069744139909744 ], [ 678428.325017148861662, 7172010.691748935729265 ], [ 678424.571044734562747, 7171990.984713681042194 ], [ 678419.343012625700794, 7171974.628753780387342 ], [ 678412.735035458113998, 7171954.177761437371373 ], [ 678409.422042201273143, 7171934.677757391706109 ], [ 678403.297037403448485, 7171919.177754923701286 ], [ 678398.735021585365757, 7171905.177752485498786 ], [ 678394.672028897679411, 7171889.177749454975128 ], [ 678393.423980203922838, 7171882.090711861848831 ], [ 678391.819973774603568, 7171872.121715634129941 ], [ 678393.652980312239379, 7171864.100717192515731 ], [ 678393.652978717116639, 7171856.65271732956171 ], [ 678393.310017403564416, 7171834.766725739464164 ], [ 678391.785965704475529, 7171818.512693784199655 ], [ 678391.590957887237892, 7171816.43371382728219 ], [ 678390.560010876040906, 7171807.381709888577461 ], [ 678387.579966959427111, 7171799.474726177752018 ], [ 678382.539006933569908, 7171779.766714641824365 ], [ 678378.143982419045642, 7171761.441698910668492 ], [ 678376.46594096464105, 7171754.443711724132299 ], [ 678372.913995215320028, 7171735.880719682201743 ], [ 678368.609975771862082, 7171725.177715066820383 ], [ 678366.038989705499262, 7171717.890665501356125 ], [ 678358.704937717993744, 7171695.432714823633432 ], [ 678350.729956439347006, 7171677.825656577944756 ], [ 678349.881933373631909, 7171675.953708061948419 ], [ 678345.298921586247161, 7171662.546662321314216 ], [ 678341.181912171072327, 7171643.734646903350949 ], [ 678337.352931132772937, 7171640.824673870578408 ], [ 678327.704918357310817, 7171639.905669363215566 ], [ 678303.353899337234907, 7171640.058689750730991 ], [ 678273.948924022959545, 7171640.211711217649281 ], [ 678257.10193506651558, 7171640.058699648827314 ], [ 678242.0469384676544, 7171638.677721088752151 ], [ 678227.921934849233367, 7171637.677723867818713 ], [ 678219.609920591581613, 7171635.177725036628544 ], [ 678208.234917316702195, 7171632.677726861089468 ], [ 678194.171925324946642, 7171631.177729504182935 ], [ 678179.234909793362021, 7171630.177732456475496 ], [ 678178.832077645813115, 7171630.095884377136827 ], [ 678171.859907694743015, 7171628.677733669057488 ], [ 678159.609904314624146, 7171626.677735801786184 ], [ 678144.859900224255398, 7171624.177738348022103 ], [ 678128.546907371841371, 7171621.177741105668247 ], [ 678115.484892077278346, 7171619.177743412554264 ], [ 678103.60988889541477, 7171617.677745585329831 ], [ 678096.87789278710261, 7171618.346692499704659 ], [ 678093.841697840020061, 7171616.626722027547657 ], [ 678088.328878900269046, 7171615.554701460525393 ], [ 678084.040852833655663, 7171614.941726153716445 ], [ 678058.310865574283525, 7171612.185749539174139 ], [ 678047.896861437475309, 7171611.419760366901755 ], [ 678030.590826633502729, 7171609.734705062583089 ], [ 678010.06787168525625, 7171606.059720759280026 ], [ 677995.212826012051664, 7171603.302765255793929 ], [ 677976.527823230368085, 7171599.933749872259796 ], [ 677959.680833850172348, 7171597.788733419030905 ], [ 677943.446820987039246, 7171597.023722050711513 ], [ 677919.248816618230194, 7171594.725753027945757 ], [ 677914.19479935336858, 7171595.032761018723249 ], [ 677904.086825105012394, 7171592.122728288173676 ], [ 677899.032807576470077, 7171591.203783832490444 ], [ 677888.312834356096573, 7171591.509755433537066 ], [ 677862.123801383771934, 7171587.834772339090705 ], [ 677841.754777266527526, 7171584.771787661127746 ], [ 677823.376782312523574, 7171585.689760558307171 ], [ 677809.752206276752986, 7171585.689763465896249 ], [ 677809.132821361301467, 7171585.689763598144054 ], [ 677796.727788846590556, 7171584.617805535905063 ], [ 677785.700808357913047, 7171583.239755796268582 ], [ 677775.899780277977698, 7171581.707775093615055 ], [ 677771.378966058604419, 7171581.043164080008864 ], [ 677767.7653786491137, 7171580.511792650446296 ], [ 677760.277766746818088, 7171579.410780796781182 ], [ 677747.565788358217105, 7171578.338761764578521 ], [ 677730.719775051577017, 7171573.8977852743119 ], [ 677725.969956726301461, 7171572.55977326631546 ], [ 677719.84574833966326, 7171570.834798566997051 ], [ 677709.124797837692313, 7171567.771811828948557 ], [ 677693.656776043353602, 7171565.473779899999499 ], [ 677681.706150318612345, 7171564.125576553866267 ], [ 677663.792571352561936, 7171562.104583790525794 ], [ 677647.404566754586995, 7171561.338595887646079 ], [ 677635.544151133159176, 7171560.560827231034636 ], [ 677623.228535200934857, 7171559.753212474286556 ], [ 677619.378558634081855, 7171559.500588720664382 ], [ 677613.734515409683809, 7171564.677593138068914 ], [ 677612.271562606561929, 7171560.970622332766652 ], [ 677604.647536693839356, 7171557.975628111511469 ], [ 677568.980535449692979, 7171555.797595635056496 ], [ 677546.035521834390238, 7171552.209647992625833 ], [ 677525.819513007998466, 7171549.682613110169768 ], [ 677506.23149501287844, 7171546.95764103718102 ], [ 677488.851485172868706, 7171543.339662902057171 ], [ 677471.277505834586918, 7171541.013616275042295 ], [ 677459.970495944842696, 7171539.463630514219403 ], [ 677455.356725187390111, 7171538.921822283416986 ], [ 677446.208529395051301, 7171537.847666256129742 ], [ 677436.451507657417096, 7171536.232616672292352 ], [ 677423.012478115735576, 7171534.22962832543999 ], [ 677410.0904775201343, 7171532.29164232313633 ], [ 677400.076497851172462, 7171531.322650080546737 ], [ 677383.664506152155809, 7171529.254659907892346 ], [ 677373.004469185485505, 7171528.220665344037116 ], [ 677361.244456352898851, 7171527.122645121067762 ], [ 677352.587471707724035, 7171526.476650713011622 ], [ 677336.30548503564205, 7171524.925689446739852 ], [ 677321.832458826713264, 7171523.697664884850383 ], [ 677317.826476334361359, 7171523.310641717165709 ], [ 677307.036434384761378, 7171521.953649054281414 ], [ 677296.311455968767405, 7171520.790687186643481 ], [ 677289.979484048904851, 7171519.950661474838853 ], [ 677282.032460416899994, 7171518.852701473049819 ], [ 677266.13743670086842, 7171517.1726507358253 ], [ 677256.18742158729583, 7171514.781661060638726 ], [ 677248.692424625623971, 7171514.587692881934345 ], [ 677242.425455162883736, 7171513.747667156159878 ], [ 677235.74405692552682, 7171513.073657182976604 ], [ 677227.694433232303709, 7171512.26170801371336 ], [ 677219.941440298338421, 7171510.646658000536263 ], [ 677212.510407631285489, 7171507.803702346980572 ], [ 677200.105436038575135, 7171506.188714358955622 ], [ 677193.127407000167295, 7171506.123713385313749 ], [ 677182.208458921639249, 7171505.477719457820058 ], [ 677163.535419880761765, 7171506.059693785384297 ], [ 677154.231401196448132, 7171504.508669996634126 ], [ 677138.595410758745857, 7171502.893682694062591 ], [ 677123.477425570599735, 7171500.115670096129179 ], [ 677113.397405557800084, 7171497.78968290425837 ], [ 677105.192386107868515, 7171495.979686649516225 ], [ 677097.503418684471399, 7171492.555676220916212 ], [ 677089.362425073282793, 7171490.488721881993115 ], [ 677087.259397054323927, 7171489.694715788587928 ], [ 677085.421383769134991, 7171489.001722846180201 ], [ 677083.628414302598685, 7171487.662733644247055 ], [ 677079.800409843213856, 7171484.802687374874949 ], [ 677077.474419854348525, 7171481.700697368942201 ], [ 677071.982413753634319, 7171479.891677100211382 ], [ 677069.203421246958897, 7171479.245681440457702 ], [ 677065.714406227576546, 7171476.855727987363935 ], [ 677063.453419093508273, 7171475.627700824290514 ], [ 677058.131395570468158, 7171472.062698647379875 ], [ 677056.798387247254141, 7171471.169693341478705 ], [ 677049.239362713764422, 7171463.093704214319587 ], [ 677047.950360477669165, 7171460.926711773499846 ], [ 677044.781413270393386, 7171455.598708221688867 ], [ 677036.833411717321724, 7171448.103712968528271 ], [ 677033.634374114102684, 7171442.511732310056686 ], [ 677033.213353331200778, 7171441.692091086879373 ], [ 677024.577361348783597, 7171424.874706018716097 ], [ 677018.85738582466729, 7171408.667672042734921 ], [ 677014.843342793988995, 7171389.944706916809082 ], [ 677014.8809397702571, 7171386.706913150846958 ], [ 677014.963335741078481, 7171379.601686798036098 ], [ 677013.128372676786967, 7171371.669678422622383 ], [ 677008.87037381133996, 7171361.152708997018635 ], [ 677007.338329204940237, 7171357.476683037355542 ], [ 677004.428354481235147, 7171353.341672884300351 ], [ 677000.599372472963296, 7171345.837704587727785 ], [ 676997.230351871345192, 7171340.017696565017104 ], [ 676990.491333974408917, 7171327.76568085886538 ], [ 676987.122312851133756, 7171319.495660033077002 ], [ 676981.762323900475167, 7171308.621696125715971 ], [ 676976.0953278435627, 7171296.828664677217603 ], [ 676973.338305077748373, 7171282.432665670290589 ], [ 676968.744307327317074, 7171270.639695029705763 ], [ 676959.708353884750977, 7171263.288681978359818 ], [ 676952.204321678029373, 7171253.48667923733592 ], [ 676944.546297798631713, 7171243.991683440282941 ], [ 676931.988308452535421, 7171230.207686176523566 ], [ 676916.979330235393718, 7171218.72166362311691 ], [ 676900.132277325261384, 7171204.784652097150683 ], [ 676894.312267170636915, 7171198.045699059963226 ], [ 676889.258309934288263, 7171193.604659013450146 ], [ 676880.682317019673064, 7171183.802656501531601 ], [ 676872.412293646833859, 7171175.073652230203152 ], [ 676866.439268059562892, 7171167.109662305563688 ], [ 676859.394281277665868, 7171156.848674980923533 ], [ 676852.808279792778194, 7171150.41569141857326 ], [ 676843.160264585516416, 7171138.010661156848073 ], [ 676839.0242764177965, 7171134.028666439466178 ], [ 676834.736250581103377, 7171134.487651836127043 ], [ 676830.650251238956116, 7171135.305646065622568 ], [ 676828.602277199272066, 7171135.714704217389226 ], [ 676824.781292557832785, 7171136.478682262822986 ], [ 676821.259258571546525, 7171139.082687550224364 ], [ 676819.574261908885092, 7171145.208665958605707 ], [ 676815.745284681790508, 7171160.217703620903194 ], [ 676813.484238358330913, 7171167.677666849456728 ], [ 676811.215073633473366, 7171171.722712259739637 ], [ 676803.493272940628231, 7171185.487670855596662 ], [ 676793.538256577448919, 7171200.189702907577157 ], [ 676780.98027298762463, 7171213.514721018262208 ], [ 676768.728259456926025, 7171230.360736011527479 ], [ 676759.692249173647724, 7171242.766685768030584 ], [ 676752.494252548087388, 7171257.621732410043478 ], [ 676745.296255240682513, 7171269.261751415207982 ], [ 676735.953300056629814, 7171286.261757528409362 ], [ 676725.923272855114192, 7171307.508713062852621 ], [ 676719.553461996722035, 7171320.170765832066536 ], [ 676717.290704848594032, 7171318.967152738012373 ], [ 676715.296685543260537, 7171317.690724628977478 ], [ 676709.935663382522762, 7171327.482171018607914 ], [ 676669.233704149024561, 7171402.410176386125386 ], [ 676614.656686123460531, 7171503.7012282256037 ], [ 676586.905715035041794, 7171561.054214374162257 ], [ 676573.492693176493049, 7171590.655237605795264 ], [ 676552.216695112292655, 7171628.581276739947498 ], [ 676531.865682122297585, 7171652.63225126452744 ], [ 676513.827723219059408, 7171696.571291666477919 ], [ 676504.114713474409655, 7171721.547312990762293 ], [ 676497.63974240468815, 7171750.223285702988505 ], [ 676499.952737711020745, 7171780.749293627217412 ], [ 676502.264757239259779, 7171814.976291224360466 ], [ 676512.902768526109867, 7171853.827311621978879 ], [ 676550.829798941151239, 7171944.94335363060236 ], [ 676556.841768085374497, 7171967.606321749277413 ], [ 676557.766761689912528, 7171993.97034165635705 ], [ 676550.366801327909343, 7172016.633373655378819 ], [ 676541.578778126975521, 7172034.67134378477931 ], [ 676535.406782351084985, 7172047.812339510768652 ], [ 676518.833791756420396, 7172101.866372326388955 ], [ 676514.541617382434197, 7172111.094769041985273 ], [ 676493.336787934880704, 7172156.684384270571172 ], [ 676488.747802916448563, 7172181.926395799964666 ], [ 676482.88379009719938, 7172192.63538403250277 ], [ 676477.018800227669999, 7172201.049388794228435 ], [ 676474.563783166697249, 7172203.988232806324959 ], [ 676458.915834135026671, 7172222.721394991502166 ], [ 676456.747988461283967, 7172229.948203855194151 ], [ 676456.351015990832821, 7172231.271202309057117 ], [ 676474.90558790252544, 7172240.700644041411579 ], [ 676514.928857443039306, 7172266.521991966292262 ], [ 676555.597450068453327, 7172283.951430963352323 ], [ 676582.064437132328749, 7172287.179209345951676 ], [ 676602.721484625479206, 7172282.660405034199357 ], [ 676645.3266543939244, 7172263.294363439083099 ], [ 676666.62945426790975, 7172260.066574929282069 ], [ 676680.1856718827039, 7172264.585371986031532 ], [ 676707.298108343034983, 7172279.432781971991062 ], [ 676731.828268654295243, 7172293.634379358030856 ], [ 676744.271694087656215, 7172303.12778724078089 ], [ 676747.365871716756374, 7172301.412393098697066 ], [ 676751.32589421630837, 7172299.382362466305494 ], [ 676775.026093242457137, 7172289.882355115376413 ], [ 676809.925879364833236, 7172277.682332523167133 ], [ 676828.805888026719913, 7172273.982376439496875 ], [ 676831.825907672289759, 7172271.082350675016642 ], [ 676832.825907128164545, 7172267.38233735319227 ], [ 676831.466103098588064, 7172260.522350614890456 ], [ 676829.596106517128646, 7172255.762340081855655 ], [ 676822.896090704598464, 7172246.402353867888451 ], [ 676816.90609688020777, 7172236.312569960951805 ], [ 676811.745876486529596, 7172227.542366276495159 ], [ 676810.786097259959206, 7172222.062567779794335 ], [ 676812.026085740420967, 7172212.39233810454607 ], [ 676816.755880760611035, 7172195.972350182011724 ], [ 676824.175862412084825, 7172181.582330443896353 ], [ 676835.885884558781981, 7172169.082324907183647 ], [ 676848.906087936949916, 7172157.752546426840127 ], [ 676863.315879541682079, 7172148.732338530011475 ], [ 676881.324671081267297, 7172139.906893098726869 ], [ 676884.34872081852518, 7172145.350131088867784 ], [ 676883.322475586668588, 7172145.978915641084313 ], [ 676865.722497808514163, 7172155.678933952003717 ], [ 676853.092674916028045, 7172164.798933978192508 ], [ 676841.222495966590941, 7172174.878895012661815 ], [ 676830.222495812224224, 7172186.678949058055878 ], [ 676821.022668287740089, 7172204.578918758779764 ], [ 676819.172512083314359, 7172218.398929851129651 ], [ 676821.822478644899093, 7172230.378912682645023 ], [ 676828.932529352372512, 7172242.638923931866884 ], [ 676838.222512329812162, 7172255.378915306180716 ], [ 676841.72251544718165, 7172266.078929384239018 ], [ 676839.422529013943858, 7172275.098951606079936 ], [ 676833.332685160450637, 7172281.548966682516038 ], [ 676818.972513976856135, 7172285.059163458645344 ], [ 676793.882482611341402, 7172292.388943523168564 ], [ 676762.522675156709738, 7172303.578955354169011 ], [ 676752.122465908294544, 7172307.27897067181766 ], [ 676748.122465217486024, 7172308.578959630802274 ], [ 676736.702664122800343, 7172315.508956422097981 ], [ 676726.472499701660126, 7172323.179004410281777 ], [ 676716.822474761167541, 7172331.698967035859823 ], [ 676709.152675029356033, 7172340.788997739553452 ], [ 676702.37289011629764, 7172349.663574100472033 ], [ 676701.772670411504805, 7172350.448974810540676 ], [ 676698.072475348133594, 7172355.838991560041904 ], [ 676692.112516464781947, 7172372.318977320566773 ], [ 676689.552520814817399, 7172384.239024722017348 ], [ 676687.142671659006737, 7172396.029006140306592 ], [ 676687.422520447988063, 7172407.959001673385501 ], [ 676690.83268192014657, 7172428.689047520980239 ], [ 676691.972516269190237, 7172440.619042870588601 ], [ 676692.822494530817494, 7172452.269008917734027 ], [ 676691.122485709027387, 7172470.159028301015496 ], [ 676688.56249150459189, 7172488.899023659527302 ], [ 676687.712701260694303, 7172500.409036420285702 ], [ 676689.132503754808567, 7172511.479046150110662 ], [ 676693.962708314880729, 7172526.539046367630363 ], [ 676700.492559700622223, 7172543.579027176834643 ], [ 676704.752512232633308, 7172556.639027027413249 ], [ 676708.722547161858529, 7172567.149038521572948 ], [ 676711.562516078702174, 7172578.509026048704982 ], [ 676712.70271627837792, 7172588.729060044512153 ], [ 676712.982565037440509, 7172600.519040897488594 ], [ 676712.982567086932249, 7172610.179077440872788 ], [ 676711.852564461994916, 7172622.109073273837566 ], [ 676704.462736489484087, 7172647.379039522260427 ], [ 676699.072541105793789, 7172664.709061995148659 ], [ 676697.652744692517444, 7172682.319051958620548 ], [ 676700.492591390153393, 7172692.969078376889229 ], [ 676705.882548115332611, 7172701.489098850637674 ], [ 676714.122543598059565, 7172716.819056909531355 ], [ 676725.762565345969051, 7172736.98910332378 ], [ 676730.882564565166831, 7172750.479095773771405 ], [ 676734.002561945002526, 7172757.579072437249124 ], [ 676743.09277633856982, 7172768.089082846418023 ], [ 676754.732613233150914, 7172780.019075974822044 ], [ 676764.392774415900931, 7172792.22909888625145 ], [ 676775.472613616613671, 7172804.159092132002115 ], [ 676785.412621238850988, 7172817.2190907811746 ], [ 676796.772795584518462, 7172831.989111519418657 ], [ 676812.532812065444887, 7172845.629065128974617 ], [ 676827.302654240629636, 7172855.849096235819161 ], [ 676838.092819376965053, 7172862.379063807427883 ], [ 676859.962822931120172, 7172877.149082314223051 ], [ 676873.592832898255438, 7172885.529086355119944 ], [ 676884.952823175000958, 7172895.749301292002201 ], [ 676897.742685008794069, 7172908.819064961746335 ], [ 676908.242690208018757, 7172921.309300167486072 ], [ 676915.912677091197111, 7172931.259069044142962 ], [ 676921.092855960596353, 7172939.889074940234423 ], [ 676924.522851000539958, 7172947.099097952246666 ], [ 676927.102687307051383, 7172955.089089596644044 ], [ 676928.262661780929193, 7172960.019083234481514 ], [ 676929.742705102660693, 7172966.889079720713198 ], [ 676930.482697060098872, 7172974.159100877121091 ], [ 676930.862703270511702, 7172979.969099778681993 ], [ 676930.852694755652919, 7172985.879074374213815 ], [ 676930.712864383822307, 7172991.549119738861918 ], [ 676930.112707060412504, 7172998.679126497358084 ], [ 676929.162695925915614, 7173004.809316189028323 ], [ 676927.952858485281467, 7173012.909110913053155 ], [ 676925.722696120385081, 7173021.159113409928977 ], [ 676924.532877107150853, 7173024.029109481722116 ], [ 676921.282877691672184, 7173030.499326601624489 ], [ 676918.242716956185177, 7173035.839111272245646 ], [ 676914.002665842184797, 7173041.41913063172251 ], [ 676909.272868481581099, 7173046.839115875773132 ], [ 676902.052714713849127, 7173055.279121918603778 ], [ 676899.812663724529557, 7173059.159128228202462 ], [ 676899.622661431087181, 7173060.079111404716969 ], [ 676900.292705564410426, 7173060.189157675951719 ], [ 676905.422711413586512, 7173058.879097672179341 ], [ 676910.852705294732004, 7173058.349128125235438 ], [ 676939.002674977295101, 7173055.869141071103513 ], [ 676949.872672469238751, 7173054.629087189212441 ], [ 676954.152885828050785, 7173054.239132571034133 ], [ 676956.7828912679106, 7173053.859127036295831 ], [ 676959.262689216528088, 7173053.77910939976573 ], [ 676961.842889938270673, 7173053.309321139007807 ], [ 676967.962886438239366, 7173052.829095112159848 ], [ 676973.092892515123822, 7173052.589103729464114 ], [ 676976.919126324122772, 7173052.449515479616821 ], [ 676977.207886325893924, 7173064.724909054115415 ], [ 676976.027710265363567, 7173064.757929331623018 ], [ 676970.990904891048558, 7173064.976497350260615 ], [ 676955.482295338995755, 7173065.778746934607625 ], [ 676941.432304130517878, 7173065.748903719708323 ], [ 676925.632312749745324, 7173066.908697398379445 ], [ 676916.662278997362591, 7173067.678719023242593 ], [ 676907.832504097139463, 7173068.578745533712208 ], [ 676901.682295421604067, 7173070.168713050894439 ], [ 676893.442304002819583, 7173074.008742596022785 ], [ 676887.912274202913977, 7173077.958756946027279 ], [ 676885.102276516030543, 7173080.568743534386158 ], [ 676877.842510715359822, 7173088.038717611692846 ], [ 676874.652508436352946, 7173092.448753550648689 ], [ 676879.112289484124631, 7173102.498742860741913 ], [ 676906.242301434511319, 7173104.768757189624012 ], [ 676915.902521296869963, 7173105.858721224591136 ], [ 676926.432309446739964, 7173107.918717052787542 ], [ 676934.052307185600512, 7173111.548721207305789 ], [ 676940.992312021087855, 7173114.898757175542414 ], [ 676948.132329277228564, 7173119.008742019534111 ], [ 676955.622322193579748, 7173123.078748750500381 ], [ 676964.342540102079511, 7173127.538708929903805 ], [ 676985.132342389086261, 7173138.448741368949413 ], [ 677013.672330535133369, 7173153.458748754113913 ], [ 677047.412332738167606, 7173171.228704439476132 ], [ 677094.022579022101127, 7173196.97870085015893 ], [ 677098.322384612634778, 7173196.318726630881429 ], [ 677102.462582929991186, 7173194.228698382154107 ], [ 677105.072384788072668, 7173189.428708856925368 ], [ 677154.962568901013583, 7173068.308856527321041 ], [ 677163.712566374219023, 7173046.438671080395579 ], [ 677177.22232818743214, 7173013.098633178509772 ], [ 677188.612339398590848, 7172983.948660232126713 ], [ 677191.45254831656348, 7172975.808826088905334 ], [ 677193.162323269527406, 7172960.318648588843644 ], [ 677190.242336513241753, 7172945.568645596504211 ], [ 677186.30611690832302, 7172943.740215809084475 ], [ 677176.262717154575512, 7172937.529034782201052 ], [ 677183.581930438056588, 7172926.438210194930434 ], [ 677007.261252518277615, 7172844.171442854218185 ], [ 677029.421178047778085, 7172307.617534918710589 ], [ 677006.763536629267037, 7172104.471066789701581 ], [ 676974.706476874300279, 7171891.834241947159171 ], [ 676979.83120439061895, 7171752.610391010530293 ], [ 676997.131434016046114, 7171722.114591332152486 ], [ 677020.82961556292139, 7171697.091569947078824 ], [ 677089.16043204930611, 7171647.551748437806964 ], [ 677120.763461560709402, 7171621.927712041884661 ], [ 677134.429658862180077, 7171599.72030626796186 ], [ 677138.389434966258705, 7171587.112697375938296 ], [ 677145.961027331068181, 7171569.726094853132963 ], [ 677155.495633818558417, 7171556.826492518186569 ], [ 677172.321257209405303, 7171541.683479882776737 ], [ 677188.025056066806428, 7171535.514102482236922 ], [ 677208.496253418270499, 7171540.281311202794313 ], [ 677221.11564349103719, 7171550.937500076368451 ], [ 677229.528426696313545, 7171552.900511458516121 ], [ 677239.343248754041269, 7171554.583065933547914 ], [ 677253.645071404753253, 7171556.26568048633635 ], [ 677270.47063680307474, 7171555.424307072535157 ], [ 677280.285641249618493, 7171553.741870492696762 ], [ 677291.502867833827622, 7171552.620102695189416 ], [ 677301.598268275149167, 7171552.900496123358607 ], [ 677312.534855262958445, 7171552.339702642522752 ], [ 677325.154060320463032, 7171554.022256517782807 ], [ 677336.371104814810678, 7171557.667884899303317 ], [ 677348.149062948999926, 7171563.276282195001841 ], [ 677362.450886075850576, 7171567.202244462445378 ], [ 677376.191918234690093, 7171571.969637715257704 ], [ 677390.858670787885785, 7171576.539276818744838 ], [ 677412.086521317367442, 7171582.064847372472286 ], [ 677440.9705013994826, 7171586.551841825246811 ], [ 677457.235337397549301, 7171589.075642686337233 ], [ 677464.087694206740707, 7171585.322832694277167 ], [ 677465.097704097162932, 7171584.769670724868774 ], [ 677476.865345337893814, 7171581.223646844737232 ], [ 677485.470510394778103, 7171578.454418264329433 ], [ 677496.214714576490223, 7171578.139047246426344 ], [ 677509.955745778977871, 7171578.419439893215895 ], [ 677544.44830875529442, 7171582.906250040978193 ], [ 677558.749948600423522, 7171585.991025574505329 ], [ 677580.623366836458445, 7171585.430046655237675 ], [ 677595.485919425846078, 7171586.271413321606815 ], [ 677603.402120357844979, 7171587.653614116832614 ], [ 677613.152977563207969, 7171589.356005031615496 ], [ 677633.624175396282226, 7171596.366805595345795 ], [ 677645.682345703011379, 7171600.573224946856499 ], [ 677653.814733215258457, 7171601.975201090797782 ], [ 677661.947181941941381, 7171604.218791212886572 ], [ 677665.031960935681127, 7171606.181803729385138 ], [ 677663.629744539735839, 7171632.541795796714723 ], [ 677661.66679796972312, 7171658.621636550873518 ], [ 677656.619194595841691, 7171683.299255942925811 ], [ 677649.047602657577954, 7171702.648627502843738 ], [ 677642.597774274181575, 7171713.304820440709591 ], [ 677639.512998270336539, 7171725.363417785614729 ], [ 677643.438967579742894, 7171744.151873674243689 ], [ 677652.973578904638998, 7171753.966876472346485 ], [ 677666.995008856174536, 7171769.110065649263561 ], [ 677682.698812438640743, 7171785.094258088618517 ], [ 677702.328826063429005, 7171803.882832699455321 ], [ 677711.582796897972003, 7171810.052448926493526 ], [ 677740.285443070810288, 7171821.918473528698087 ], [ 677763.18144640349783, 7171829.96266005653888 ], [ 677774.118217578157783, 7171834.449414186179638 ], [ 677767.948845685459673, 7171844.544876947999001 ], [ 677758.975030535599217, 7171858.285849008709192 ], [ 677748.038446714985184, 7171873.709439087659121 ], [ 677739.625667992746457, 7171892.778476294130087 ], [ 677735.419248711550608, 7171905.117286352440715 ], [ 677734.017029445618391, 7171918.016886964440346 ], [ 677738.503850584616885, 7171935.122847209684551 ], [ 677744.392831809469499, 7171948.022507302463055 ], [ 677745.795055383816361, 7171955.313707511872053 ], [ 677740.74726692866534, 7171970.737296333536506 ], [ 677738.122266823425889, 7171973.218254530802369 ], [ 677742.742874362273142, 7171977.688896724954247 ], [ 677739.662674142513424, 7171981.058710215613246 ], [ 677736.332657305756584, 7171986.00866330601275 ], [ 677729.742691848077811, 7171995.168701125308871 ], [ 677717.112688234075904, 7172015.408698990941048 ], [ 677711.432696095318533, 7172024.34870482608676 ], [ 677710.192645275266841, 7172027.858715713024139 ], [ 677708.562641035066918, 7172032.71870259847492 ], [ 677690.222677221754566, 7172062.888696781359613 ], [ 677686.172689301660284, 7172066.878688854165375 ], [ 677683.612692038645037, 7172071.15871974080801 ], [ 677681.632651109946892, 7172076.098723810166121 ], [ 677679.272666909033433, 7172084.168733606114984 ], [ 677677.79268752457574, 7172090.928745336830616 ], [ 677677.062647705315612, 7172099.648718325421214 ], [ 677676.762662180699408, 7172110.628701537847519 ], [ 677676.582671687239781, 7172121.058757832273841 ], [ 677677.462678576121107, 7172129.468732841312885 ], [ 677678.642673654481769, 7172139.398727690801024 ], [ 677678.672704322147183, 7172145.788743892684579 ], [ 677678.842688744654879, 7172152.688769955188036 ], [ 677679.012673912104219, 7172163.078726068139076 ], [ 677678.852702347445302, 7172170.668754810467362 ], [ 677678.77268672909122, 7172177.658746769651771 ], [ 677679.342695557279512, 7172184.058772624470294 ], [ 677680.082686912617646, 7172188.47875645570457 ], [ 677681.862717939075083, 7172194.568723382428288 ], [ 677685.602711165556684, 7172204.358764039352536 ], [ 677690.83269532606937, 7172215.738770584575832 ], [ 677695.722713196766563, 7172225.308779203332961 ], [ 677700.892699941643514, 7172237.428776176646352 ], [ 677703.912721202592365, 7172242.11877912003547 ], [ 677705.962710974970832, 7172249.068731551989913 ], [ 677706.502690109657124, 7172253.648749645799398 ], [ 677710.122687733382918, 7172261.298775156028569 ], [ 677713.722726746695116, 7172268.428781012073159 ], [ 677718.912731858668849, 7172275.06873513944447 ], [ 677723.792738963151351, 7172279.948740173131227 ], [ 677731.0927304943325, 7172289.198740876279771 ], [ 677734.992757565574721, 7172297.228771302849054 ], [ 677736.452720346511342, 7172304.218762932345271 ], [ 677737.782738961046562, 7172309.858778676018119 ], [ 677739.272730221971869, 7172312.978774236515164 ], [ 677740.782740489230491, 7172313.618788719177246 ], [ 677743.462733560940251, 7172312.438795182853937 ], [ 677777.122710822266527, 7172293.588746774941683 ], [ 677901.692749024950899, 7172297.148718609474599 ], [ 677938.742805384797975, 7172290.468716388568282 ], [ 677949.442758503137156, 7172287.46871337108314 ], [ 677963.692761993035674, 7172287.678732350468636 ], [ 677976.84279045718722, 7172291.758686592802405 ], [ 677989.162802390754223, 7172299.388690707273781 ], [ 678000.352809896226972, 7172310.428730076178908 ], [ 678013.272799752303399, 7172328.308736566454172 ], [ 678023.66282043850515, 7172344.808738376945257 ], [ 678016.672829905757681, 7172351.318690193817019 ], [ 677998.862822356051765, 7172324.718711912631989 ], [ 677994.002773641375825, 7172319.328696985729039 ], [ 677986.402794414432719, 7172310.888694107532501 ], [ 677971.162798159755766, 7172299.958702016621828 ], [ 677955.742811058182269, 7172297.78872187063098 ], [ 677943.162790985894389, 7172298.068692887201905 ], [ 677930.662789164460264, 7172303.688753083348274 ], [ 677917.072759949602187, 7172308.028722865507007 ], [ 677791.372716772719286, 7172305.328736836090684 ], [ 677777.512728236382827, 7172306.108769281767309 ], [ 677752.912749127135612, 7172317.468762658536434 ], [ 677738.922757167369127, 7172325.238787072710693 ], [ 677726.742763831280172, 7172335.948753225617111 ], [ 677698.302758149337023, 7172352.998812286183238 ], [ 677694.592735592741519, 7172354.46878414042294 ], [ 677640.972732027992606, 7172375.668812964111567 ], [ 677569.05273996910546, 7172414.358840195462108 ], [ 677548.372685067355633, 7172432.238853856921196 ], [ 677531.412724088178948, 7172451.298859689384699 ], [ 677516.272707647527568, 7172460.078833323903382 ], [ 677509.812684978940524, 7172464.148843020200729 ], [ 677500.912721573840827, 7172474.128827825188637 ], [ 677484.492741069523618, 7172504.068841086700559 ], [ 677482.272709855460562, 7172509.058894049376249 ], [ 677477.712712400010787, 7172514.718869549222291 ], [ 677473.912725604488514, 7172523.718872560188174 ], [ 677470.132696942891926, 7172530.998904441483319 ], [ 677468.192695655627176, 7172538.618901835754514 ], [ 677474.302750958362594, 7172573.528882218524814 ], [ 677474.992755498737097, 7172582.598891614936292 ], [ 677472.992758824839257, 7172600.478901296854019 ], [ 677471.672754090279341, 7172614.13887806609273 ], [ 677469.562709800666198, 7172626.37887174449861 ], [ 677467.692717675236054, 7172642.548920045606792 ], [ 677465.812715998152271, 7172659.728917324915528 ], [ 677463.812719407491386, 7172678.008890487253666 ], [ 677462.012735157622956, 7172696.688949153758585 ], [ 677459.212748926947825, 7172707.208910821005702 ], [ 677473.522749925032258, 7172707.07890285924077 ], [ 677488.402757769450545, 7172704.05894045252353 ], [ 677489.08275215444155, 7172711.308942083269358 ], [ 677461.202741151442751, 7172714.288929220288992 ], [ 677443.03275736165233, 7172730.818905398249626 ], [ 677433.152751452755183, 7172737.248962788842618 ], [ 677422.252725868485868, 7172744.148930178955197 ], [ 677406.692726522800513, 7172753.468943098559976 ], [ 677399.222754854941741, 7172757.438977398909628 ], [ 677390.572729307226837, 7172761.958938844501972 ], [ 677390.8627685951069, 7172762.688980464823544 ], [ 677375.802768395282328, 7172767.418965298682451 ], [ 677362.382722188602202, 7172772.068932673893869 ], [ 677354.662749954266474, 7172773.668971329927444 ], [ 677351.432769405422732, 7172776.968960618600249 ], [ 677343.74276624340564, 7172782.338958687148988 ], [ 677338.122709727962501, 7172787.028963474556804 ], [ 677334.172758276807144, 7172790.218967538326979 ], [ 677328.952726379502565, 7172795.41898212954402 ], [ 677323.242764863651246, 7172799.198952531442046 ], [ 677319.152738148695789, 7172804.518962029367685 ], [ 677313.17275787726976, 7172812.258955433033407 ], [ 677307.182767990394495, 7172820.7089709835127 ], [ 677297.292753901332617, 7172834.598991138860583 ], [ 677285.532744644908234, 7172850.388975538313389 ], [ 677273.792754682479426, 7172865.049015806056559 ], [ 677256.432769197388552, 7172884.198987570591271 ], [ 677245.902739432058297, 7172893.999041040427983 ], [ 677236.752713479334489, 7172897.189046210609376 ], [ 677226.012722105486318, 7172904.079003795981407 ], [ 677218.62270659476053, 7172908.449001556262374 ], [ 677213.87270621850621, 7172912.099027875810862 ], [ 677209.522730526514351, 7172916.559051865711808 ], [ 677205.992762293433771, 7172920.719026781618595 ], [ 677203.792750763474032, 7172926.409031084738672 ], [ 677203.4127469540108, 7172931.889012977480888 ], [ 677204.0727222438436, 7172941.21903221309185 ], [ 677205.322723669232801, 7172946.499062538146973 ], [ 677211.102758174296468, 7172964.389019306749105 ], [ 677210.26273158355616, 7172966.589032230898738 ], [ 677201.022744388785213, 7172991.419057372957468 ], [ 677188.462749678757973, 7173019.139037542976439 ], [ 677172.272750909789465, 7173054.879039982333779 ], [ 677158.732776538236067, 7173087.519065514206886 ], [ 677146.572746064863168, 7173118.829073337838054 ], [ 677137.452753715682775, 7173142.259073700755835 ], [ 677119.982787764514796, 7173184.559136619791389 ], [ 677116.202760062180459, 7173196.37908661365509 ], [ 677112.922792938537896, 7173205.47912616468966 ], [ 677171.822777790133841, 7173239.179134117439389 ], [ 677266.622799419797957, 7173289.979114214889705 ], [ 677325.122820231830701, 7173320.979109374806285 ], [ 677375.022862414829433, 7173347.47910526022315 ], [ 677430.422906235326082, 7173375.379063693806529 ], [ 677440.922909831628203, 7173380.279087074100971 ], [ 677452.522889620508067, 7173386.779086200520396 ], [ 677489.645704846130684, 7173403.052275649271905 ], [ 677538.411882166867144, 7173361.518075370229781 ], [ 677563.61091914633289, 7173339.043638210743666 ], [ 677574.494340138975531, 7173317.917226895689964 ], [ 677604.221094430773519, 7173324.777268629521132 ], [ 677615.621122169774026, 7173327.377242423593998 ], [ 677614.121150652063079, 7173462.677263768389821 ], [ 677613.568173831677996, 7173471.254048220813274 ], [ 677612.921142118517309, 7173481.277305215597153 ], [ 677589.321212592651136, 7173724.277369994670153 ], [ 677595.521260118577629, 7173882.877383293583989 ], [ 677613.321263015503064, 7173933.377391934394836 ], [ 677623.321271336870268, 7173960.977372185327113 ], [ 677627.136466873809695, 7174003.472621098160744 ], [ 677630.525274271145463, 7174062.68784492649138 ], [ 677639.887891794322059, 7174087.904035666957498 ], [ 677661.322474100161344, 7174119.627427589148283 ], [ 677685.32932887726929, 7174180.50182712636888 ], [ 677699.904965233523399, 7174228.515446696430445 ], [ 677717.052743397885934, 7174265.38306687772274 ], [ 677737.629965210100636, 7174299.678481107577682 ], [ 677743.63155944342725, 7174327.114643822424114 ], [ 677782.213982060551643, 7174400.850066386163235 ], [ 677821.653830795316026, 7174493.447676045820117 ], [ 677851.662216785363853, 7174572.32708365470171 ], [ 677857.664061205112375, 7174628.057320753112435 ], [ 677879.956071658758447, 7174688.074298600666225 ], [ 677891.10207395569887, 7174704.364705521613359 ], [ 677915.108921077451669, 7174729.228903321549296 ], [ 677982.842525971354917, 7174760.952102263458073 ], [ 678058.292563974275254, 7174795.247504781931639 ], [ 678049.718528061639518, 7174803.821300238370895 ], [ 678042.859522358397953, 7174826.11354354582727 ], [ 678039.429959386703558, 7174841.546348389238119 ], [ 678011.136133064166643, 7174859.551546877250075 ], [ 677940.819109668955207, 7174908.359984617680311 ], [ 678247.822707402519882, 7175397.178643620572984 ], [ 678203.422739818110131, 7175428.478648675605655 ], [ 678219.522586772916839, 7175664.678716070018709 ], [ 678270.821808589273132, 7175734.17768476344645 ], [ 678272.56778113974724, 7175736.239086270332336 ], [ 678272.670625377679244, 7175736.120922155678272 ], [ 678282.170991695253178, 7175725.701117729768157 ], [ 678291.905611047055572, 7175715.499697096645832 ], [ 678301.869600620120764, 7175705.522092387080193 ], [ 678312.057406214415096, 7175695.773308489471674 ], [ 678322.464206053176895, 7175686.258655460551381 ], [ 678333.084384901099838, 7175676.982649908401072 ], [ 678343.912571666296571, 7175667.950479818508029 ], [ 678354.943029039539397, 7175659.166478695347905 ], [ 678366.170202825334854, 7175650.635285208001733 ], [ 678377.588172609917819, 7175642.361232857219875 ], [ 678389.191384195815772, 7175634.348655141890049 ], [ 678400.973428890691139, 7175626.601824522949755 ], [ 678412.928386282292195, 7175619.124464150518179 ], [ 678425.050030785845593, 7175611.920663379132748 ], [ 678500.031606816337444, 7175566.271832274273038 ], [ 678586.551210051169619, 7175518.167004432529211 ], [ 678617.006047140341252, 7175497.748169593513012 ], [ 678662.740428022574633, 7175472.792953399941325 ], [ 678670.429210749687627, 7175468.59714992903173 ], [ 678768.588219947763719, 7175415.035531113855541 ], [ 678785.719265075051226, 7175407.767886474728584 ], [ 678828.28683799051214, 7175391.675283016636968 ], [ 678865.919472016743384, 7175370.215857995674014 ], [ 678880.159464004333131, 7175362.096101948060095 ], [ 678921.080489546293393, 7175338.761248506605625 ], [ 678930.51390139455907, 7175333.58644051104784 ], [ 678923.886882468126714, 7175318.965466629713774 ], [ 678909.245881981216371, 7175292.501473953947425 ], [ 678898.563868945813738, 7175275.83441889192909 ], [ 678892.213828532374464, 7175265.427435252815485 ], [ 678884.981829249183647, 7175252.022465221583843 ], [ 678876.338818275835365, 7175235.79443570971489 ], [ 678870.15583007899113, 7175220.509460104629397 ], [ 678856.270811725291423, 7175196.374447338283062 ], [ 678842.237843727692962, 7175170.413445381447673 ], [ 678823.292824454139918, 7175136.383411720395088 ], [ 678805.148771179607138, 7175109.095444986596704 ], [ 678798.438806268270127, 7175098.242416393943131 ], [ 678782.651809969567694, 7175074.364423144608736 ], [ 678766.469794594449922, 7175053.051433057524264 ], [ 678747.525754066533409, 7175029.173440486192703 ], [ 678730.159779880894348, 7175014.570413251407444 ], [ 678704.110757188638672, 7174990.88944373652339 ], [ 678674.706753840087913, 7174970.168436612002552 ], [ 678643.132705509779043, 7174947.080424973741174 ], [ 678627.740732104284689, 7174938.397442724555731 ], [ 678617.478703633649275, 7174928.924420120194554 ], [ 678606.427734921686351, 7174921.228436697274446 ], [ 678592.416682307608426, 7174912.742414651438594 ], [ 678572.090685768867843, 7174899.718428968451917 ], [ 678555.4456595426891, 7174887.502426095306873 ], [ 678539.794652306591161, 7174876.179428599774837 ], [ 678535.464694531168789, 7174873.096237847581506 ], [ 678525.141692382632755, 7174865.745408162474632 ], [ 678513.949670990346931, 7174856.18040575273335 ], [ 678508.17665821290575, 7174851.000413031317294 ], [ 678498.112688622321002, 7174840.343430129811168 ], [ 678493.376663941540755, 7174837.679429020732641 ], [ 678484.644664829364046, 7174826.727401814423501 ], [ 678480.648630057927221, 7174821.695419004186988 ], [ 678473.987677197903395, 7174814.591414768248796 ], [ 678469.781864389311522, 7174808.839400085620582 ], [ 678465.18261875200551, 7174802.549421487376094 ], [ 678458.303646665997803, 7174787.997417408972979 ], [ 678451.195609901216812, 7174774.925394212827086 ], [ 678442.462632608832791, 7174756.425391509197652 ], [ 678437.691633349633776, 7174747.098424892872572 ], [ 678430.918617603834718, 7174729.192416056990623 ], [ 678414.700587657978758, 7174689.968410808593035 ], [ 678409.372579578193836, 7174672.010399699211121 ], [ 678402.860611460753717, 7174655.039388597011566 ], [ 678395.558603327954188, 7174634.5163748357445 ], [ 678387.073611760046333, 7174615.176406051963568 ], [ 678381.610594088793732, 7174598.17841718159616 ], [ 678373.047599324723706, 7174577.678413949906826 ], [ 678364.672593423398212, 7174559.678411295637488 ], [ 678353.235574198653921, 7174537.678408308885992 ], [ 678345.860569184878841, 7174522.678406182676554 ], [ 678335.860562565620057, 7174503.178403506055474 ], [ 678324.610554787330329, 7174479.678400110453367 ], [ 678313.985548015800305, 7174460.178397569805384 ], [ 678304.985542284906842, 7174443.678395422175527 ], [ 678300.611942919669673, 7174433.83916053082794 ], [ 678297.332704699714668, 7174426.460375230759382 ], [ 678290.860531343263574, 7174408.678389804437757 ], [ 678286.172538600396365, 7174393.17838698066771 ], [ 678278.860520922578871, 7174373.67838373221457 ], [ 678273.047528333263472, 7174360.178381644189358 ], [ 678264.172522848122753, 7174344.678379717282951 ], [ 678255.735505324788392, 7174327.178377205505967 ], [ 678248.360499030328356, 7174306.178373601287603 ], [ 678246.971459641470574, 7174301.667935772798955 ], [ 678242.047504822839983, 7174285.678369894623756 ], [ 678237.86048887274228, 7174270.678367089480162 ], [ 678235.860485068056732, 7174255.178363693878055 ], [ 678235.110480820061639, 7174236.178359167650342 ], [ 678237.04748937417753, 7174219.178354561328888 ], [ 678239.473085276549682, 7174205.929327335208654 ], [ 678239.610475286608562, 7174205.178350559435785 ], [ 678245.297485290328041, 7174190.678345767781138 ], [ 678251.922484126058407, 7174177.678341144695878 ], [ 678260.610471853520721, 7174165.178336203098297 ], [ 678276.4284632448107, 7174138.859295569360256 ], [ 678285.679439196479507, 7174125.453284423798323 ], [ 678297.745478966040537, 7174110.437286930158734 ], [ 678303.735469429055229, 7174104.678312059491873 ], [ 678321.206476625404321, 7174079.602252336218953 ], [ 678327.239435358787887, 7174071.558303749188781 ], [ 678337.172479993430898, 7174061.178294183686376 ], [ 678347.047479832312092, 7174049.178289111703634 ], [ 678368.800468999077566, 7174017.127251166850328 ], [ 678376.710440858383663, 7174002.112231126055121 ], [ 678385.42442888172809, 7173986.426251273602247 ], [ 678390.653431709506549, 7173975.433266489766538 ], [ 678400.574451046180911, 7173958.67422703281045 ], [ 678404.86442868434824, 7173951.971221534535289 ], [ 678407.947435468900949, 7173943.659207108430564 ], [ 678411.165452252607793, 7173936.285242199897766 ], [ 678421.890427121659741, 7173920.734210683964193 ], [ 678436.735456897877157, 7173894.678231850266457 ], [ 678445.735456520924345, 7173882.678226967342198 ], [ 678461.610454498557374, 7173855.178216796368361 ], [ 678470.54441273608245, 7173836.970202587544918 ], [ 678474.176431079395115, 7173829.56919901072979 ], [ 678478.466408140724525, 7173820.184186017140746 ], [ 678480.343420604127459, 7173810.129190463572741 ], [ 678479.673435663804412, 7173801.415199203416705 ], [ 678473.547455095220357, 7173789.678198116831481 ], [ 678463.183435267070308, 7173772.724155636504292 ], [ 678455.943441287847236, 7173763.474154911935329 ], [ 678446.692400116706267, 7173757.307163188233972 ], [ 678437.576429834938608, 7173751.408176872879267 ], [ 678423.499398546759039, 7173744.437169871293008 ], [ 678410.092411740217358, 7173739.208167548291385 ], [ 678401.110414578462951, 7173737.59916028752923 ], [ 678389.044370769523084, 7173733.711161427199841 ], [ 678380.196406098082662, 7173728.617167925462127 ], [ 678372.554374481318519, 7173724.193157244473696 ], [ 678360.488391765393317, 7173720.573163818567991 ], [ 678353.785386800183915, 7173718.696150632575154 ], [ 678341.584394228644669, 7173714.808212835341692 ], [ 678337.994610394933261, 7173713.666001407429576 ], [ 678329.787393482634798, 7173711.054186115972698 ], [ 678319.464392203837633, 7173707.702197754755616 ], [ 678306.057344650151208, 7173703.814199180342257 ], [ 678296.002348579815589, 7173699.390189012512565 ], [ 678282.998376779956743, 7173693.089164854958653 ], [ 678271.797383590950631, 7173685.17821559868753 ], [ 678265.033342109643854, 7173677.001213081181049 ], [ 678257.257335968897678, 7173661.718190967105329 ], [ 678252.43036613415461, 7173646.166186220943928 ], [ 678250.419316762243398, 7173639.060166837647557 ], [ 678252.922367442050017, 7173631.178206356242299 ], [ 678255.962160545866936, 7173619.226969856768847 ], [ 678256.610353518044576, 7173616.67820200137794 ], [ 678258.922363446443342, 7173605.678198801353574 ], [ 678264.404355184407905, 7173585.936188381165266 ], [ 678267.117306231637485, 7173579.987150691449642 ], [ 678273.161312179407105, 7173571.242152132093906 ], [ 678277.735347210196778, 7173563.178184326738119 ], [ 678282.235347021836787, 7173557.178181888535619 ], [ 678291.176325439126231, 7173544.276138230226934 ], [ 678301.365351244690828, 7173532.344126280397177 ], [ 678309.409358218428679, 7173526.131171371787786 ], [ 678318.405330130131915, 7173516.992129113525152 ], [ 678325.937312746304087, 7173509.339110484346747 ], [ 678330.922359348041937, 7173504.67815856449306 ], [ 678341.047359990887344, 7173496.178154308348894 ], [ 678353.470334030804224, 7173483.96214522793889 ], [ 678370.131344907451421, 7173465.67313570342958 ], [ 678381.64031709858682, 7173452.70907976012677 ], [ 678394.73736218851991, 7173434.05508067458868 ], [ 678402.585323286359198, 7173423.616111585870385 ], [ 678410.092342116287909, 7173414.097064669243991 ], [ 678427.25335240829736, 7173392.513071317225695 ], [ 678440.928339563542977, 7173374.012087281793356 ], [ 678451.653314453549683, 7173358.594051413238049 ], [ 678464.389336448861286, 7173339.691089941188693 ], [ 678478.734306387836114, 7173319.849040979519486 ] ] ] ] } },
{ "type": "Feature", "properties": { "CODIGO": null, "CODIGO_SMM": null, "TIPO": "PARQUE", "NOME": "ZOOLÓGICO MUNICIPAL DE CURITIBA", "TEXTO_MAPA": "ZOOLÓGICO MUNICIPAL DE CURITIBA" }, "geometry": { "type": "MultiPolygon", "coordinates": [ [ [ [ 677613.152977563207969, 7171589.356005031615496 ], [ 677595.485919425846078, 7171586.271413321606815 ], [ 677580.623366836458445, 7171585.430046655237675 ], [ 677558.749948600423522, 7171585.991025574505329 ], [ 677544.44830875529442, 7171582.906250040978193 ], [ 677509.955745778977871, 7171578.419439893215895 ], [ 677496.214714576490223, 7171578.139047246426344 ], [ 677485.470510394778103, 7171578.454418264329433 ], [ 677476.865345337893814, 7171581.223646844737232 ], [ 677465.097704097162932, 7171584.769670724868774 ], [ 677457.235337397549301, 7171589.075642686337233 ], [ 677440.9705013994826, 7171586.551841825246811 ], [ 677412.086521317367442, 7171582.064847372472286 ], [ 677390.858670787885785, 7171576.539276818744838 ], [ 677376.191918234690093, 7171571.969637715257704 ], [ 677362.450886075850576, 7171567.202244462445378 ], [ 677348.149062948999926, 7171563.276282195001841 ], [ 677336.371104814810678, 7171557.667884899303317 ], [ 677325.154060320463032, 7171554.022256517782807 ], [ 677312.534855262958445, 7171552.339702642522752 ], [ 677301.598268275149167, 7171552.900496123358607 ], [ 677291.502867833827622, 7171552.620102695189416 ], [ 677280.285641249618493, 7171553.741870492696762 ], [ 677270.47063680307474, 7171555.424307072535157 ], [ 677253.645071404753253, 7171556.26568048633635 ], [ 677239.343248754041269, 7171554.583065933547914 ], [ 677229.528426696313545, 7171552.900511458516121 ], [ 677221.11564349103719, 7171550.937500076368451 ], [ 677208.496253418270499, 7171540.281311202794313 ], [ 677188.025056066806428, 7171535.514102482236922 ], [ 677172.321257209405303, 7171541.683479882776737 ], [ 677155.495633818558417, 7171556.826492518186569 ], [ 677145.961027331068181, 7171569.726094853132963 ], [ 677138.389434966258705, 7171587.112697375938296 ], [ 677134.429658862180077, 7171599.72030626796186 ], [ 677120.763461560709402, 7171621.927712041884661 ], [ 677089.16043204930611, 7171647.551748437806964 ], [ 677020.82961556292139, 7171697.091569947078824 ], [ 676997.131434016046114, 7171722.114591332152486 ], [ 676979.83120439061895, 7171752.610391010530293 ], [ 676974.706476874300279, 7171891.834241947159171 ], [ 677006.763536629267037, 7172104.471066789701581 ], [ 677029.420933906687424, 7172307.617290778085589 ], [ 677007.261252518277615, 7172844.171442854218185 ], [ 677183.581930438056588, 7172926.438210194930434 ], [ 677187.812704002251849, 7172919.909032890573144 ], [ 677194.752706101746298, 7172910.389009550213814 ], [ 677209.352743760915473, 7172898.628993798047304 ], [ 677224.552757722325623, 7172889.549032285809517 ], [ 677252.192714427015744, 7172872.578990507870913 ], [ 677315.202905544545501, 7172792.559182109311223 ], [ 677317.57271726441104, 7172788.488990178331733 ], [ 677344.95290723675862, 7172766.638942377641797 ], [ 677351.522915311856195, 7172762.688988840207458 ], [ 677358.05276242364198, 7172759.57894030213356 ], [ 677366.072722346521914, 7172757.148945324122906 ], [ 677378.232759148813784, 7172755.628922833129764 ], [ 677393.582920423243195, 7172750.288952436298132 ], [ 677404.232763173873536, 7172744.9389732722193 ], [ 677411.802771283779293, 7172740.018926510587335 ], [ 677417.9427252918249, 7172734.888919063843787 ], [ 677428.592933433013968, 7172725.68896337132901 ], [ 677437.602760224719532, 7172716.059137317351997 ], [ 677445.982764864224009, 7172705.388905869796872 ], [ 677451.272924468154088, 7172692.188950340263546 ], [ 677453.472750253858976, 7172674.118938125669956 ], [ 677455.212920867837965, 7172659.348914606496692 ], [ 677457.562709446530789, 7172638.35891873575747 ], [ 677460.592918498674408, 7172619.188930489122868 ], [ 677462.622699823928997, 7172598.89888603053987 ], [ 677463.352738206740469, 7172583.418901618570089 ], [ 677461.322705365600996, 7172569.088881455361843 ], [ 677459.492745797964744, 7172554.678905175998807 ], [ 677458.272893885965459, 7172540.668892243877053 ], [ 677459.342899243347347, 7172530.21887725405395 ], [ 677463.882692923070863, 7172519.228883363306522 ], [ 677470.392884647008032, 7172506.448849555104971 ], [ 677476.872681180480868, 7172495.188896690495312 ], [ 677482.722717094584368, 7172485.228871035389602 ], [ 677498.782529082382098, 7172455.418435520492494 ], [ 677519.595886489376426, 7172445.462068788707256 ], [ 677519.603088636999018, 7172445.451265562325716 ], [ 677523.622315116575919, 7172442.788422256708145 ], [ 677534.322327733854763, 7172432.568446774035692 ], [ 677547.512330199708231, 7172417.708454979583621 ], [ 677561.032289648777805, 7172406.838454324752092 ], [ 677596.172308233217336, 7172385.428407421335578 ], [ 677629.132334663299844, 7172368.938406130298972 ], [ 677702.202352725551464, 7172336.428372835740447 ], [ 677727.012352711404674, 7172319.688373218290508 ], [ 677729.88234825420659, 7172318.428362533450127 ], [ 677731.622337877051905, 7172313.588395157828927 ], [ 677732.222312253434211, 7172307.238356857560575 ], [ 677731.842306067002937, 7172301.558362875133753 ], [ 677730.282307132030837, 7172296.878369389101863 ], [ 677726.712297716527246, 7172291.118358978070319 ], [ 677723.462295964360237, 7172286.588390302844346 ], [ 677716.672314890776761, 7172280.00837305560708 ], [ 677711.422312699956819, 7172275.688365795649588 ], [ 677708.252327991649508, 7172270.84833843447268 ], [ 677703.502324803848751, 7172261.288339553400874 ], [ 677700.02234217163641, 7172255.08838760945946 ], [ 677696.412292684195563, 7172244.64838338829577 ], [ 677690.752315434860066, 7172231.818364372476935 ], [ 677684.182303596287966, 7172218.098330685868859 ], [ 677676.522325160447508, 7172201.968323497101665 ], [ 677674.692306254175492, 7172195.528380908071995 ], [ 677673.012311489786953, 7172187.638364691287279 ], [ 677671.772319637704641, 7172181.458370771259069 ], [ 677671.672281851992011, 7172176.118342633359134 ], [ 677671.812295012641698, 7172168.978326212614775 ], [ 677672.172279186313972, 7172163.048332011327147 ], [ 677672.462255334365182, 7172153.908315069973469 ], [ 677671.862277982523665, 7172146.308337756432593 ], [ 677671.872286864556372, 7172142.158312328159809 ], [ 677670.52505491883494, 7172129.890365284867585 ], [ 677670.062284183572046, 7172120.188336647115648 ], [ 677669.902249271865003, 7172116.938335889019072 ], [ 677669.802272446220741, 7172111.238322312012315 ], [ 677669.972254439955577, 7172106.748330945149064 ], [ 677670.202294158632867, 7172098.118323907256126 ], [ 677671.012290286715142, 7172090.498326757922769 ], [ 677672.022298981901258, 7172084.328342125751078 ], [ 677673.162251726724207, 7172078.968294188380241 ], [ 677674.742268172092736, 7172074.158295118249953 ], [ 677677.462238151347265, 7172067.688322257250547 ], [ 677683.202288465341553, 7172056.708337884396315 ], [ 677684.342241200036369, 7172051.298302141949534 ], [ 677688.682267539552413, 7172043.968282338231802 ], [ 677708.692275539389811, 7172013.038277846761048 ], [ 677720.282240122440271, 7171994.118287849240005 ], [ 677721.752272020210512, 7171993.208314168266952 ], [ 677724.81226980430074, 7171990.798278748057783 ], [ 677735.12226687266957, 7171976.838312205858529 ], [ 677738.122266823425889, 7171973.218254530802369 ], [ 677740.74726692866534, 7171970.737296333536506 ], [ 677745.795055383816361, 7171955.313707511872053 ], [ 677744.392831809469499, 7171948.022507302463055 ], [ 677738.503850584616885, 7171935.122847209684551 ], [ 677734.017029445618391, 7171918.016886964440346 ], [ 677735.419248711550608, 7171905.117286352440715 ], [ 677739.625667992746457, 7171892.778476294130087 ], [ 677748.038446714985184, 7171873.709439087659121 ], [ 677758.975030535599217, 7171858.285849008709192 ], [ 677767.948845685459673, 7171844.544876947999001 ], [ 677774.118217578157783, 7171834.449414186179638 ], [ 677763.18144640349783, 7171829.96266005653888 ], [ 677740.285443070810288, 7171821.918473528698087 ], [ 677711.582796897972003, 7171810.052448926493526 ], [ 677702.328826063429005, 7171803.882832699455321 ], [ 677682.698812438640743, 7171785.094258088618517 ], [ 677666.995008856174536, 7171769.110065649263561 ], [ 677652.973578904638998, 7171753.966876472346485 ], [ 677643.438967579742894, 7171744.151873674243689 ], [ 677639.512998270336539, 7171725.363417785614729 ], [ 677642.597774274181575, 7171713.304820440709591 ], [ 677649.047602657577954, 7171702.648627502843738 ], [ 677656.619194595841691, 7171683.299255942925811 ], [ 677661.66679796972312, 7171658.621636550873518 ], [ 677663.629744539735839, 7171632.541795796714723 ], [ 677665.031960935681127, 7171606.181803729385138 ], [ 677661.947181941941381, 7171604.218791212886572 ], [ 677653.814733215258457, 7171601.975201090797782 ], [ 677645.682345703011379, 7171600.573224946856499 ], [ 677633.624175396282226, 7171596.366805595345795 ], [ 677613.152977563207969, 7171589.356005031615496 ] ] ] ] } }
]
}
